{"ts":1708479999926,"action":"PROJECT_OPENED","tags":{"PROJECT_NAME":"AttrTextLayout"}}
{"ts":1708480108181,"action":"FILE_CLOSED","file":"/crow-attr-text/src/main/kotlin/com/crow/attr/text/AttrTextLayout.kt","tags":{"FILE_LINE_OF_CODE":"1857"}}
{"ts":1708480108181,"action":"FILE_OPENED","file":"/crow-attr-text/src/main/kotlin/com/crow/attr/text/IAttrText.kt","tags":{"FILE_LINE_OF_CODE":"276"}}
{"ts":1708480109135,"action":"FILE_CLOSED","file":"/crow-attr-text/src/main/kotlin/com/crow/attr/text/IAttrText.kt","tags":{"FILE_LINE_OF_CODE":"276"}}
{"ts":1708480109135,"action":"FILE_OPENED","file":"/crow-attr-text/src/main/kotlin/com/crow/attr/text/AttrTextView.kt","tags":{"FILE_LINE_OF_CODE":"775"}}
{"ts":1708480117344,"action":"FILE_CLOSED","file":"/crow-attr-text/src/main/kotlin/com/crow/attr/text/AttrTextView.kt","tags":{"FILE_LINE_OF_CODE":"775"}}
{"ts":1708480117344,"action":"FILE_OPENED","file":"/crow-attr-text/src/main/kotlin/com/crow/attr/text/AttrTextLayout.kt","tags":{"FILE_LINE_OF_CODE":"1857"}}
{"ts":1708480127790,"action":"IDE_DEACTIVATED"}
{"ts":1708480350607,"action":"IDE_ACTIVATED"}
{"ts":1708480352225,"action":"IDE_DEACTIVATED"}
{"ts":1708480554502,"action":"IDE_ACTIVATED"}
{"ts":1708480560035,"action":"FILE_CLOSED","file":"/crow-attr-text/src/main/kotlin/com/crow/attr/text/AttrTextLayout.kt","tags":{"FILE_LINE_OF_CODE":"1857"}}
{"ts":1708480560035,"action":"FILE_OPENED","file":"/crow-attr-text/src/main/kotlin/com/crow/attr/text/AttrTextView.kt","tags":{"FILE_LINE_OF_CODE":"775"}}
{"ts":1708480577926,"action":"FILE_CLOSED","file":"/crow-attr-text/src/main/kotlin/com/crow/attr/text/AttrTextView.kt","tags":{"FILE_LINE_OF_CODE":"775"}}
{"ts":1708480579790,"action":"FILE_OPENED","file":"/crow-attr-text/src/main/kotlin/com/crow/attr/text/AttrTextView.kt","tags":{"FILE_LINE_OF_CODE":"775"}}
{"ts":1708480584705,"action":"FILE_CLOSED","file":"/crow-attr-text/src/main/kotlin/com/crow/attr/text/AttrTextView.kt","tags":{"FILE_LINE_OF_CODE":"775"}}
{"ts":1708480621423,"action":"FILE_OPENED","file":"/crow-attr-text/src/main/kotlin/com/crow/attr/text/AttrTextLayout.kt","tags":{"FILE_LINE_OF_CODE":"1857"}}
{"ts":1708480622785,"action":"FILE_CLOSED","file":"/crow-attr-text/src/main/kotlin/com/crow/attr/text/AttrTextLayout.kt","tags":{"FILE_LINE_OF_CODE":"1857"}}
{"ts":1708480622785,"action":"FILE_OPENED","file":"/crow-attr-text/src/main/kotlin/com/crow/attr/text/IAttrText.kt","tags":{"FILE_LINE_OF_CODE":"276"}}
{"ts":1708480624544,"action":"FILE_CLOSED","file":"/crow-attr-text/src/main/kotlin/com/crow/attr/text/IAttrText.kt","tags":{"FILE_LINE_OF_CODE":"276"}}
{"ts":1708480624544,"action":"FILE_OPENED","file":"/crow-attr-text/src/main/kotlin/com/crow/attr/text/AttrTextExt.kt","tags":{"FILE_LINE_OF_CODE":"100"}}
{"ts":1708480625551,"action":"FILE_CLOSED","file":"/crow-attr-text/src/main/kotlin/com/crow/attr/text/AttrTextExt.kt","tags":{"FILE_LINE_OF_CODE":"100"}}
{"ts":1708480625551,"action":"FILE_OPENED","file":"/crow-attr-text/src/main/kotlin/com/crow/attr/text/AttrTextView.kt","tags":{"FILE_LINE_OF_CODE":"775"}}
{"ts":1708480627517,"action":"FILE_CLOSED","file":"/crow-attr-text/src/main/kotlin/com/crow/attr/text/AttrTextView.kt","tags":{"FILE_LINE_OF_CODE":"775"}}
{"ts":1708480627517,"action":"FILE_OPENED","file":"/crow-attr-text/src/main/kotlin/com/crow/attr/text/IAttrText.kt","tags":{"FILE_LINE_OF_CODE":"276"}}
{"ts":1708480628011,"action":"FILE_CLOSED","file":"/crow-attr-text/src/main/kotlin/com/crow/attr/text/IAttrText.kt","tags":{"FILE_LINE_OF_CODE":"276"}}
{"ts":1708480628011,"action":"FILE_OPENED","file":"/crow-attr-text/src/main/kotlin/com/crow/attr/text/AttrTextLayout.kt","tags":{"FILE_LINE_OF_CODE":"1857"}}
{"ts":1708480633415,"action":"FILE_CLOSED","file":"/crow-attr-text/src/main/kotlin/com/crow/attr/text/AttrTextLayout.kt","tags":{"FILE_LINE_OF_CODE":"1857"}}
{"ts":1708480633415,"action":"FILE_OPENED","file":"/crow-attr-text/src/main/kotlin/com/crow/attr/text/AttrTextView.kt","tags":{"FILE_LINE_OF_CODE":"775"}}
{"ts":1708480693794,"action":"IDE_DEACTIVATED"}
{"ts":1708480693886,"action":"IDE_ACTIVATED"}
{"ts":1708480693991,"action":"IDE_DEACTIVATED"}
{"ts":1708480700177,"action":"IDE_ACTIVATED"}
{"ts":1708480701939,"action":"IDE_DEACTIVATED"}
{"ts":1708480709626,"action":"IDE_ACTIVATED"}
{"ts":1708480711875,"action":"IDE_DEACTIVATED"}
{"ts":1708480724950,"action":"IDE_ACTIVATED"}
{"ts":1708480741027,"action":"FILE_CLOSED","file":"/crow-attr-text/src/main/kotlin/com/crow/attr/text/AttrTextView.kt","tags":{"FILE_LINE_OF_CODE":"775"}}
{"ts":1708480741027,"action":"FILE_OPENED","file":"/README.md","tags":{"FILE_LINE_OF_CODE":"239"}}
{"ts":1708480776737,"action":"FILE_CLOSED","file":"/README.md","tags":{"FILE_LINE_OF_CODE":"239"}}
{"ts":1708480776737,"action":"FILE_OPENED","file":"/crow-attr-text/src/main/kotlin/com/crow/attr/text/AttrTextView.kt","tags":{"FILE_LINE_OF_CODE":"775"}}
{"ts":1708480779853,"action":"FILE_CLOSED","file":"/crow-attr-text/src/main/kotlin/com/crow/attr/text/AttrTextView.kt","tags":{"FILE_LINE_OF_CODE":"775"}}
{"ts":1708480779853,"action":"FILE_OPENED","file":"/crow-attr-text/src/main/kotlin/com/crow/attr/text/AttrTextLayout.kt","tags":{"FILE_LINE_OF_CODE":"1857"}}
{"ts":1708480833999,"action":"FILE_CLOSED","file":"/crow-attr-text/src/main/kotlin/com/crow/attr/text/AttrTextLayout.kt","tags":{"FILE_LINE_OF_CODE":"1856"}}
{"ts":1708480833999,"action":"FILE_OPENED","file":"/crow-attr-text/src/main/kotlin/com/crow/attr/text/AttrTextView.kt","tags":{"FILE_LINE_OF_CODE":"775"}}
{"ts":1708480877102,"action":"FILE_CLOSED","file":"/crow-attr-text/src/main/kotlin/com/crow/attr/text/AttrTextView.kt","tags":{"FILE_LINE_OF_CODE":"775"}}
{"ts":1708480877105,"action":"FILE_OPENED","file":"/crow-attr-text/src/main/kotlin/com/crow/attr/text/IAttrText.kt","tags":{"FILE_LINE_OF_CODE":"276"}}
{"ts":1708480883685,"action":"FILE_CLOSED","file":"/crow-attr-text/src/main/kotlin/com/crow/attr/text/IAttrText.kt","tags":{"FILE_LINE_OF_CODE":"276"}}
{"ts":1708480883685,"action":"FILE_OPENED","file":"/crow-attr-text/src/main/kotlin/com/crow/attr/text/AttrTextLayout.kt","tags":{"FILE_LINE_OF_CODE":"1856"}}
{"ts":1708480901657,"action":"FILE_CLOSED","file":"/crow-attr-text/src/main/kotlin/com/crow/attr/text/AttrTextLayout.kt","tags":{"FILE_LINE_OF_CODE":"1856"}}
{"ts":1708480904178,"action":"FILE_OPENED","file":"/README.md","tags":{"FILE_LINE_OF_CODE":"239"}}
{"ts":1708480905021,"action":"FILE_CLOSED","file":"/README.md","tags":{"FILE_LINE_OF_CODE":"239"}}
{"ts":1708480905021,"action":"FILE_OPENED","file":"/crow-attr-text/src/main/kotlin/com/crow/attr/text/AttrTextLayout.kt","tags":{"FILE_LINE_OF_CODE":"1856"}}
{"ts":1708480906605,"action":"FILE_CLOSED","file":"/crow-attr-text/src/main/kotlin/com/crow/attr/text/AttrTextLayout.kt","tags":{"FILE_LINE_OF_CODE":"1856"}}
{"ts":1708480906605,"action":"FILE_OPENED","file":"/crow-attr-text/src/main/kotlin/com/crow/attr/text/AttrTextExt.kt","tags":{"FILE_LINE_OF_CODE":"100"}}
{"ts":1708480912578,"action":"FILE_CLOSED","file":"/crow-attr-text/src/main/kotlin/com/crow/attr/text/AttrTextExt.kt","tags":{"FILE_LINE_OF_CODE":"100"}}
{"ts":1708480912578,"action":"FILE_OPENED","file":"/crow-attr-text/src/main/kotlin/com/crow/attr/text/AttrTextView.kt","tags":{"FILE_LINE_OF_CODE":"775"}}
{"ts":1708480966094,"action":"FILE_CLOSED","file":"/crow-attr-text/src/main/kotlin/com/crow/attr/text/AttrTextView.kt","tags":{"FILE_LINE_OF_CODE":"776"}}
{"ts":1708480966094,"action":"FILE_OPENED","file":"/app/src/main/res/layout/activity_main.xml","tags":{"FILE_LINE_OF_CODE":"50"}}
{"ts":1708480969671,"action":"FILE_CLOSED","file":"/app/src/main/res/layout/activity_main.xml","tags":{"FILE_LINE_OF_CODE":"50"}}
{"ts":1708480969671,"action":"FILE_OPENED","file":"/app/src/main/kotlin/com/crow/attrtextlayout/MainActivity.kt","tags":{"FILE_LINE_OF_CODE":"109"}}
{"ts":1708480979883,"action":"FILE_CLOSED","file":"/app/src/main/kotlin/com/crow/attrtextlayout/MainActivity.kt","tags":{"FILE_LINE_OF_CODE":"109"}}
{"ts":1708480979883,"action":"FILE_OPENED","file":"/app/src/main/res/layout/activity_main.xml","tags":{"FILE_LINE_OF_CODE":"50"}}
{"ts":1708481005973,"action":"IDE_DEACTIVATED"}
{"ts":1708481006748,"action":"IDE_ACTIVATED"}
{"ts":1708481006859,"action":"IDE_DEACTIVATED"}
{"ts":1708481032639,"action":"IDE_ACTIVATED"}
{"ts":1708481091233,"action":"FILE_CLOSED","file":"/app/src/main/res/layout/activity_main.xml","tags":{"FILE_LINE_OF_CODE":"50"}}
{"ts":1708481091233,"action":"FILE_OPENED","file":"/crow-attr-text/src/main/kotlin/com/crow/attr/text/AttrTextLayout.kt","tags":{"FILE_LINE_OF_CODE":"1856"}}
{"ts":1708481093883,"action":"FILE_CLOSED","file":"/crow-attr-text/src/main/kotlin/com/crow/attr/text/AttrTextLayout.kt","tags":{"FILE_LINE_OF_CODE":"1856"}}
{"ts":1708481093883,"action":"FILE_OPENED","file":"/app/src/main/kotlin/com/crow/attrtextlayout/MainActivity.kt","tags":{"FILE_LINE_OF_CODE":"109"}}
{"ts":1708481105693,"action":"IDE_DEACTIVATED"}
{"ts":1708481105790,"action":"IDE_ACTIVATED"}
{"ts":1708481106473,"action":"IDE_DEACTIVATED"}
{"ts":1708481121673,"action":"IDE_ACTIVATED"}
{"ts":1708481123256,"action":"IDE_DEACTIVATED"}
{"ts":1708481142504,"action":"IDE_ACTIVATED"}
{"ts":1708481142588,"action":"FILE_CLOSED","file":"/app/src/main/kotlin/com/crow/attrtextlayout/MainActivity.kt","tags":{"FILE_LINE_OF_CODE":"109"}}
{"ts":1708481142588,"action":"FILE_OPENED","file":"/crow-attr-text/src/main/kotlin/com/crow/attr/text/AttrTextExt.kt","tags":{"FILE_LINE_OF_CODE":"100"}}
{"ts":1708481146746,"action":"FILE_CLOSED","file":"/crow-attr-text/src/main/kotlin/com/crow/attr/text/AttrTextExt.kt","tags":{"FILE_LINE_OF_CODE":"100"}}
{"ts":1708481146746,"action":"FILE_OPENED","file":"/app/src/main/res/layout/activity_main.xml","tags":{"FILE_LINE_OF_CODE":"50"}}
{"ts":1708481150986,"action":"IDE_DEACTIVATED"}
{"ts":1708481157858,"action":"IDE_ACTIVATED"}
{"ts":1708481207023,"action":"IDE_DEACTIVATED"}
{"ts":1708481214701,"action":"IDE_ACTIVATED"}
{"ts":1708481227544,"action":"IDE_DEACTIVATED"}
{"ts":1708481235080,"action":"IDE_ACTIVATED"}
{"ts":1708481244156,"action":"IDE_DEACTIVATED"}
{"ts":1708481248910,"action":"IDE_ACTIVATED"}
{"ts":1708481254124,"action":"FILE_CLOSED","file":"/app/src/main/res/layout/activity_main.xml","tags":{"FILE_LINE_OF_CODE":"50"}}
{"ts":1708481254124,"action":"FILE_OPENED","file":"/crow-attr-text/src/main/kotlin/com/crow/attr/text/AttrTextView.kt","tags":{"FILE_LINE_OF_CODE":"776"}}
{"ts":1708481256906,"action":"FILE_CLOSED","file":"/crow-attr-text/src/main/kotlin/com/crow/attr/text/AttrTextView.kt","tags":{"FILE_LINE_OF_CODE":"776"}}
{"ts":1708481256906,"action":"FILE_OPENED","file":"/crow-attr-text/src/main/kotlin/com/crow/attr/text/AttrTextLayout.kt","tags":{"FILE_LINE_OF_CODE":"1856"}}
{"ts":1708481266839,"action":"FILE_CLOSED","file":"/crow-attr-text/src/main/kotlin/com/crow/attr/text/AttrTextLayout.kt","tags":{"FILE_LINE_OF_CODE":"1856"}}
{"ts":1708481266839,"action":"FILE_OPENED","file":"/crow-attr-text/src/main/kotlin/com/crow/attr/text/AttrTextView.kt","tags":{"FILE_LINE_OF_CODE":"776"}}
{"ts":1708481290171,"action":"FILE_CLOSED","file":"/crow-attr-text/src/main/kotlin/com/crow/attr/text/AttrTextView.kt","tags":{"FILE_LINE_OF_CODE":"776"}}
{"ts":1708481290171,"action":"FILE_OPENED","file":"/app/src/main/res/layout/activity_main.xml","tags":{"FILE_LINE_OF_CODE":"50"}}
{"ts":1708481353581,"action":"FILE_CLOSED","file":"/app/src/main/res/layout/activity_main.xml","tags":{"FILE_LINE_OF_CODE":"50"}}
{"ts":1708481353581,"action":"FILE_OPENED","file":"/crow-attr-text/src/main/kotlin/com/crow/attr/text/AttrTextView.kt","tags":{"FILE_LINE_OF_CODE":"776"}}
{"ts":1708481390618,"action":"FILE_CLOSED","file":"/crow-attr-text/src/main/kotlin/com/crow/attr/text/AttrTextView.kt","tags":{"FILE_LINE_OF_CODE":"776"}}
{"ts":1708481390618,"action":"FILE_OPENED","file":"/crow-attr-text/src/main/kotlin/com/crow/attr/text/AttrTextLayout.kt","tags":{"FILE_LINE_OF_CODE":"1856"}}
{"ts":1708481456204,"action":"FILE_CLOSED","file":"/crow-attr-text/src/main/kotlin/com/crow/attr/text/AttrTextLayout.kt","tags":{"FILE_LINE_OF_CODE":"1856"}}
{"ts":1708481456204,"action":"FILE_OPENED","file":"/crow-attr-text/src/main/kotlin/com/crow/attr/text/IAttrText.kt","tags":{"FILE_LINE_OF_CODE":"276"}}
{"ts":1708481457124,"action":"FILE_CLOSED","file":"/crow-attr-text/src/main/kotlin/com/crow/attr/text/IAttrText.kt","tags":{"FILE_LINE_OF_CODE":"276"}}
{"ts":1708481457124,"action":"FILE_OPENED","file":"/crow-attr-text/src/main/kotlin/com/crow/attr/text/AttrTextLayout.kt","tags":{"FILE_LINE_OF_CODE":"1856"}}
{"ts":1708481458174,"action":"FILE_CLOSED","file":"/crow-attr-text/src/main/kotlin/com/crow/attr/text/AttrTextLayout.kt","tags":{"FILE_LINE_OF_CODE":"1856"}}
{"ts":1708481458174,"action":"FILE_OPENED","file":"/README.md","tags":{"FILE_LINE_OF_CODE":"239"}}
{"ts":1708481458866,"action":"FILE_CLOSED","file":"/README.md","tags":{"FILE_LINE_OF_CODE":"239"}}
{"ts":1708481459942,"action":"FILE_OPENED","file":"/crow-attr-text/src/main/kotlin/com/crow/attr/text/AttrTextView.kt","tags":{"FILE_LINE_OF_CODE":"776"}}
{"ts":1708481470761,"action":"FILE_CLOSED","file":"/crow-attr-text/src/main/kotlin/com/crow/attr/text/AttrTextView.kt","tags":{"FILE_LINE_OF_CODE":"775"}}
{"ts":1708481470761,"action":"FILE_OPENED","file":"/app/src/main/res/layout/activity_main.xml","tags":{"FILE_LINE_OF_CODE":"50"}}
{"ts":1708481518910,"action":"FILE_CLOSED","file":"/app/src/main/res/layout/activity_main.xml","tags":{"FILE_LINE_OF_CODE":"50"}}
{"ts":1708481518910,"action":"FILE_OPENED","file":"/crow-attr-text/src/main/kotlin/com/crow/attr/text/AttrTextView.kt","tags":{"FILE_LINE_OF_CODE":"775"}}
{"ts":1708481523083,"action":"IDE_DEACTIVATED"}
{"ts":1708481526049,"action":"IDE_ACTIVATED"}
{"ts":1708481548280,"action":"IDE_DEACTIVATED"}
{"ts":1708481555779,"action":"IDE_ACTIVATED"}
{"ts":1708481556199,"action":"IDE_DEACTIVATED"}
{"ts":1708481557965,"action":"IDE_ACTIVATED"}
{"ts":1708481558408,"action":"IDE_DEACTIVATED"}
{"ts":1708481560888,"action":"IDE_ACTIVATED"}
{"ts":1708481564114,"action":"FILE_CLOSED","file":"/crow-attr-text/src/main/kotlin/com/crow/attr/text/AttrTextView.kt","tags":{"FILE_LINE_OF_CODE":"775"}}
{"ts":1708481564114,"action":"FILE_OPENED","file":"/crow-attr-text/src/main/kotlin/com/crow/attr/text/AttrTextLayout.kt","tags":{"FILE_LINE_OF_CODE":"1856"}}
{"ts":1708481591949,"action":"FILE_CLOSED","file":"/crow-attr-text/src/main/kotlin/com/crow/attr/text/AttrTextLayout.kt","tags":{"FILE_LINE_OF_CODE":"1856"}}
{"ts":1708481591949,"action":"FILE_OPENED","file":"/crow-attr-text/src/main/kotlin/com/crow/attr/text/AttrTextExt.kt","tags":{"FILE_LINE_OF_CODE":"100"}}
{"ts":1708481595402,"action":"FILE_CLOSED","file":"/crow-attr-text/src/main/kotlin/com/crow/attr/text/AttrTextExt.kt","tags":{"FILE_LINE_OF_CODE":"100"}}
{"ts":1708481595402,"action":"FILE_OPENED","file":"/app/src/main/res/layout/activity_main.xml","tags":{"FILE_LINE_OF_CODE":"50"}}
{"ts":1708481653262,"action":"FILE_CLOSED","file":"/app/src/main/res/layout/activity_main.xml","tags":{"FILE_LINE_OF_CODE":"55"}}
{"ts":1708481677654,"action":"FILE_OPENED","file":"/crow-attr-text/src/main/kotlin/com/crow/attr/text/AttrTextLayout.kt","tags":{"FILE_LINE_OF_CODE":"1856"}}
{"ts":1708481708637,"action":"FILE_CLOSED","file":"/crow-attr-text/src/main/kotlin/com/crow/attr/text/AttrTextLayout.kt","tags":{"FILE_LINE_OF_CODE":"1854"}}
{"ts":1708481708637,"action":"FILE_OPENED","file":"/app/src/main/res/layout/activity_main.xml","tags":{"FILE_LINE_OF_CODE":"55"}}
{"ts":1708481770659,"action":"IDE_DEACTIVATED"}
{"ts":1708481797023,"action":"IDE_ACTIVATED"}
{"ts":1708481800064,"action":"IDE_DEACTIVATED"}
{"ts":1708481809973,"action":"IDE_ACTIVATED"}
{"ts":1708481845281,"action":"FILE_CLOSED","file":"/app/src/main/res/layout/activity_main.xml","tags":{"FILE_LINE_OF_CODE":"51"}}
{"ts":1708481845281,"action":"FILE_OPENED","file":"/crow-attr-text/src/main/kotlin/com/crow/attr/text/AttrTextView.kt","tags":{"FILE_LINE_OF_CODE":"775"}}
{"ts":1708481858699,"action":"FILE_CLOSED","file":"/crow-attr-text/src/main/kotlin/com/crow/attr/text/AttrTextView.kt","tags":{"FILE_LINE_OF_CODE":"775"}}
{"ts":1708481858699,"action":"FILE_OPENED","file":"/crow-attr-text/src/main/kotlin/com/crow/attr/text/AttrTextLayout.kt","tags":{"FILE_LINE_OF_CODE":"1854"}}
{"ts":1708481875109,"action":"FILE_CLOSED","file":"/crow-attr-text/src/main/kotlin/com/crow/attr/text/AttrTextLayout.kt","tags":{"FILE_LINE_OF_CODE":"1855"}}
{"ts":1708481875109,"action":"FILE_OPENED","file":"/crow-attr-text/src/main/kotlin/com/crow/attr/text/AttrTextView.kt","tags":{"FILE_LINE_OF_CODE":"775"}}
{"ts":1708481926130,"action":"FILE_CLOSED","file":"/crow-attr-text/src/main/kotlin/com/crow/attr/text/AttrTextView.kt","tags":{"FILE_LINE_OF_CODE":"783"}}
{"ts":1708481926130,"action":"FILE_OPENED","file":"/crow-attr-text/src/main/kotlin/com/crow/attr/text/AttrTextLayout.kt","tags":{"FILE_LINE_OF_CODE":"1855"}}
{"ts":1708481944735,"action":"FILE_CLOSED","file":"/crow-attr-text/src/main/kotlin/com/crow/attr/text/AttrTextLayout.kt","tags":{"FILE_LINE_OF_CODE":"1856"}}
{"ts":1708481944735,"action":"FILE_OPENED","file":"/crow-attr-text/src/main/kotlin/com/crow/attr/text/AttrTextView.kt","tags":{"FILE_LINE_OF_CODE":"783"}}
{"ts":1708482066044,"action":"FILE_CLOSED","file":"/crow-attr-text/src/main/kotlin/com/crow/attr/text/AttrTextView.kt","tags":{"FILE_LINE_OF_CODE":"783"}}
{"ts":1708482066044,"action":"FILE_OPENED","file":"/app/src/main/res/layout/activity_main.xml","tags":{"FILE_LINE_OF_CODE":"51"}}
{"ts":1708482130051,"action":"IDE_DEACTIVATED"}
{"ts":1708482146537,"action":"IDE_ACTIVATED"}
{"ts":1708482183588,"action":"FILE_CLOSED","file":"/app/src/main/res/layout/activity_main.xml","tags":{"FILE_LINE_OF_CODE":"51"}}
{"ts":1708482183588,"action":"FILE_OPENED","file":"/crow-attr-text/src/main/kotlin/com/crow/attr/text/AttrTextLayout.kt","tags":{"FILE_LINE_OF_CODE":"1856"}}
{"ts":1708482259461,"action":"FILE_CLOSED","file":"/crow-attr-text/src/main/kotlin/com/crow/attr/text/AttrTextLayout.kt","tags":{"FILE_LINE_OF_CODE":"1857"}}
{"ts":1708482259461,"action":"FILE_OPENED","file":"/app/src/main/res/layout/activity_main.xml","tags":{"FILE_LINE_OF_CODE":"51"}}
{"ts":1708482295751,"action":"FILE_CLOSED","file":"/app/src/main/res/layout/activity_main.xml","tags":{"FILE_LINE_OF_CODE":"52"}}
{"ts":1708482295751,"action":"FILE_OPENED","file":"/crow-attr-text/src/main/kotlin/com/crow/attr/text/AttrTextView.kt","tags":{"FILE_LINE_OF_CODE":"783"}}
{"ts":1708482301559,"action":"FILE_CLOSED","file":"/crow-attr-text/src/main/kotlin/com/crow/attr/text/AttrTextView.kt","tags":{"FILE_LINE_OF_CODE":"783"}}
{"ts":1708482302413,"action":"FILE_OPENED","file":"/crow-attr-text/src/main/kotlin/com/crow/attr/text/AttrTextView.kt","tags":{"FILE_LINE_OF_CODE":"783"}}
{"ts":1708482303235,"action":"FILE_CLOSED","file":"/crow-attr-text/src/main/kotlin/com/crow/attr/text/AttrTextView.kt","tags":{"FILE_LINE_OF_CODE":"783"}}
{"ts":1708482303235,"action":"FILE_OPENED","file":"/crow-attr-text/src/main/kotlin/com/crow/attr/text/AttrTextLayout.kt","tags":{"FILE_LINE_OF_CODE":"1857"}}
{"ts":1708482325921,"action":"FILE_CLOSED","file":"/crow-attr-text/src/main/kotlin/com/crow/attr/text/AttrTextLayout.kt","tags":{"FILE_LINE_OF_CODE":"1857"}}
{"ts":1708482325921,"action":"FILE_OPENED","file":"/crow-attr-text/src/main/kotlin/com/crow/attr/text/AttrTextView.kt","tags":{"FILE_LINE_OF_CODE":"783"}}
{"ts":1708482337704,"action":"FILE_CLOSED","file":"/crow-attr-text/src/main/kotlin/com/crow/attr/text/AttrTextView.kt","tags":{"FILE_LINE_OF_CODE":"783"}}
{"ts":1708482339105,"action":"FILE_OPENED","file":"/README.md","tags":{"FILE_LINE_OF_CODE":"239"}}
{"ts":1708482341042,"action":"FILE_CLOSED","file":"/README.md","tags":{"FILE_LINE_OF_CODE":"239"}}
{"ts":1708482341042,"action":"FILE_OPENED","file":"/app/src/main/res/layout/activity_main.xml","tags":{"FILE_LINE_OF_CODE":"52"}}
{"ts":1708482349444,"action":"FILE_CLOSED","file":"/app/src/main/res/layout/activity_main.xml","tags":{"FILE_LINE_OF_CODE":"51"}}
{"ts":1708482349444,"action":"FILE_OPENED","file":"/crow-attr-text/src/main/kotlin/com/crow/attr/text/AttrTextLayout.kt","tags":{"FILE_LINE_OF_CODE":"1857"}}
{"ts":1708482365918,"action":"IDE_DEACTIVATED"}
{"ts":1708482476883,"action":"IDE_ACTIVATED"}
{"ts":1708482806316,"action":"FILE_CLOSED","file":"/crow-attr-text/src/main/kotlin/com/crow/attr/text/AttrTextLayout.kt","tags":{"FILE_LINE_OF_CODE":"1856"}}
{"ts":1708482806316,"action":"FILE_OPENED","file":"/app/src/main/res/layout/activity_main.xml","tags":{"FILE_LINE_OF_CODE":"51"}}
{"ts":1708482863499,"action":"FILE_CLOSED","file":"/app/src/main/res/layout/activity_main.xml","tags":{"FILE_LINE_OF_CODE":"58"}}
{"ts":1708482863499,"action":"FILE_OPENED","file":"/app/src/main/kotlin/com/crow/attrtextlayout/MainActivity.kt","tags":{"FILE_LINE_OF_CODE":"109"}}
{"ts":1708482969094,"action":"IDE_DEACTIVATED"}
{"ts":1708483196948,"action":"IDE_ACTIVATED"}
{"ts":1708483201181,"action":"FILE_CLOSED","file":"/app/src/main/kotlin/com/crow/attrtextlayout/MainActivity.kt","tags":{"FILE_LINE_OF_CODE":"109"}}
{"ts":1708483201181,"action":"FILE_OPENED","file":"/app/src/main/res/layout/activity_main.xml","tags":{"FILE_LINE_OF_CODE":"58"}}
{"ts":1708483203127,"action":"FILE_CLOSED","file":"/app/src/main/res/layout/activity_main.xml","tags":{"FILE_LINE_OF_CODE":"58"}}
{"ts":1708483203127,"action":"FILE_OPENED","file":"/README.md","tags":{"FILE_LINE_OF_CODE":"239"}}
{"ts":1708483203674,"action":"FILE_CLOSED","file":"/README.md","tags":{"FILE_LINE_OF_CODE":"239"}}
{"ts":1708483203674,"action":"FILE_OPENED","file":"/crow-attr-text/src/main/kotlin/com/crow/attr/text/AttrTextExt.kt","tags":{"FILE_LINE_OF_CODE":"100"}}
{"ts":1708483205739,"action":"FILE_CLOSED","file":"/crow-attr-text/src/main/kotlin/com/crow/attr/text/AttrTextExt.kt","tags":{"FILE_LINE_OF_CODE":"100"}}
{"ts":1708483205739,"action":"FILE_OPENED","file":"/README.md","tags":{"FILE_LINE_OF_CODE":"239"}}
{"ts":1708483377565,"action":"IDE_DEACTIVATED"}
{"ts":1708483726505,"action":"IDE_ACTIVATED"}
{"ts":1708483810460,"action":"IDE_DEACTIVATED"}
{"ts":1708483812639,"action":"IDE_ACTIVATED"}
{"ts":1708483813942,"action":"IDE_DEACTIVATED"}
{"ts":1708483818579,"action":"IDE_ACTIVATED"}
{"ts":1708483886662,"action":"FILE_CLOSED","file":"/README.md","tags":{"FILE_LINE_OF_CODE":"244"}}
{"ts":1708483886662,"action":"FILE_OPENED","file":"/crow-attr-text/src/main/kotlin/com/crow/attr/text/AttrTextLayout.kt","tags":{"FILE_LINE_OF_CODE":"1856"}}
{"ts":1708483891654,"action":"IDE_DEACTIVATED"}
{"ts":1708483922135,"action":"IDE_ACTIVATED"}
{"ts":1708483937723,"action":"IDE_DEACTIVATED"}
{"ts":1708483957022,"action":"IDE_ACTIVATED"}
{"ts":1708483960528,"action":"IDE_DEACTIVATED"}
{"ts":1708484227464,"action":"IDE_ACTIVATED"}
{"ts":1708484228920,"action":"IDE_DEACTIVATED"}
{"ts":1708484330451,"action":"IDE_ACTIVATED"}
{"ts":1708484333583,"action":"IDE_DEACTIVATED"}
{"ts":1708484338006,"action":"IDE_ACTIVATED"}
{"ts":1708484348142,"action":"IDE_DEACTIVATED"}
{"ts":1708484394764,"action":"IDE_ACTIVATED"}
{"ts":1708484395865,"action":"IDE_DEACTIVATED"}
{"ts":1708484407999,"action":"IDE_ACTIVATED"}
{"ts":1708484418984,"action":"IDE_DEACTIVATED"}
{"ts":1708484785596,"action":"IDE_ACTIVATED"}
{"ts":1708484789676,"action":"IDE_DEACTIVATED"}
{"ts":1708484821197,"action":"IDE_ACTIVATED"}
{"ts":1708484822463,"action":"IDE_DEACTIVATED"}
{"ts":1708486120815,"action":"IDE_ACTIVATED"}
{"ts":1708486123354,"action":"IDE_DEACTIVATED"}
{"ts":1708486170072,"action":"IDE_ACTIVATED"}
{"ts":1708486230729,"action":"IDE_DEACTIVATED"}
{"ts":1708486232502,"action":"IDE_ACTIVATED"}
{"ts":1708486244242,"action":"FILE_CLOSED","file":"/crow-attr-text/src/main/kotlin/com/crow/attr/text/AttrTextLayout.kt","tags":{"FILE_LINE_OF_CODE":"1856"}}
{"ts":1708486281095,"action":"IDE_DEACTIVATED"}
{"ts":1708486281704,"action":"IDE_ACTIVATED"}
{"ts":1708486297055,"action":"FILE_OPENED","file":"/crow-attr-text/src/main/kotlin/com/crow/attr/text/AttrTextLayout.kt","tags":{"FILE_LINE_OF_CODE":"1856"}}
{"ts":1708486298110,"action":"FILE_CLOSED","file":"/crow-attr-text/src/main/kotlin/com/crow/attr/text/AttrTextLayout.kt","tags":{"FILE_LINE_OF_CODE":"1856"}}
{"ts":1708486298110,"action":"FILE_OPENED","file":"/crow-attr-text/src/main/kotlin/com/crow/attr/text/AttrTextView.kt","tags":{"FILE_LINE_OF_CODE":"783"}}
{"ts":1708486304574,"action":"FILE_CLOSED","file":"/crow-attr-text/src/main/kotlin/com/crow/attr/text/AttrTextView.kt","tags":{"FILE_LINE_OF_CODE":"783"}}
{"ts":1708486317234,"action":"FILE_OPENED","file":"/crow-attr-text/src/main/kotlin/com/crow/attr/text/AttrTextView.kt","tags":{"FILE_LINE_OF_CODE":"783"}}
{"ts":1708486317872,"action":"IDE_DEACTIVATED"}
{"ts":1708486400455,"action":"IDE_ACTIVATED"}
{"ts":1708486405212,"action":"FILE_CLOSED","file":"/crow-attr-text/src/main/kotlin/com/crow/attr/text/AttrTextView.kt","tags":{"FILE_LINE_OF_CODE":"783"}}
{"ts":1708486405212,"action":"FILE_OPENED","file":"/README.md","tags":{"FILE_LINE_OF_CODE":"244"}}
{"ts":1708486554955,"action":"FILE_CLOSED","file":"/README.md","tags":{"FILE_LINE_OF_CODE":"248"}}
{"ts":1708486554955,"action":"FILE_OPENED","file":"/crow-attr-text/src/main/kotlin/com/crow/attr/text/AttrTextLayout.kt","tags":{"FILE_LINE_OF_CODE":"1856"}}
{"ts":1708486557561,"action":"FILE_CLOSED","file":"/crow-attr-text/src/main/kotlin/com/crow/attr/text/AttrTextLayout.kt","tags":{"FILE_LINE_OF_CODE":"1856"}}
{"ts":1708486557561,"action":"FILE_OPENED","file":"/app/src/main/kotlin/com/crow/attrtextlayout/MainActivity.kt","tags":{"FILE_LINE_OF_CODE":"109"}}
{"ts":1708486560206,"action":"FILE_CLOSED","file":"/app/src/main/kotlin/com/crow/attrtextlayout/MainActivity.kt","tags":{"FILE_LINE_OF_CODE":"109"}}
{"ts":1708486560206,"action":"FILE_OPENED","file":"/app/src/main/res/layout/activity_main.xml","tags":{"FILE_LINE_OF_CODE":"58"}}
{"ts":1708486575571,"action":"FILE_CLOSED","file":"/app/src/main/res/layout/activity_main.xml","tags":{"FILE_LINE_OF_CODE":"58"}}
{"ts":1708486575571,"action":"FILE_OPENED","file":"/app/src/main/kotlin/com/crow/attrtextlayout/MainActivity.kt","tags":{"FILE_LINE_OF_CODE":"109"}}
{"ts":1708486577006,"action":"FILE_CLOSED","file":"/app/src/main/kotlin/com/crow/attrtextlayout/MainActivity.kt","tags":{"FILE_LINE_OF_CODE":"109"}}
{"ts":1708486577006,"action":"FILE_OPENED","file":"/crow-attr-text/src/main/kotlin/com/crow/attr/text/IAttrText.kt","tags":{"FILE_LINE_OF_CODE":"276"}}
{"ts":1708486577807,"action":"FILE_CLOSED","file":"/crow-attr-text/src/main/kotlin/com/crow/attr/text/IAttrText.kt","tags":{"FILE_LINE_OF_CODE":"276"}}
{"ts":1708486577807,"action":"FILE_OPENED","file":"/crow-attr-text/src/main/kotlin/com/crow/attr/text/AttrTextView.kt","tags":{"FILE_LINE_OF_CODE":"783"}}
{"ts":1708486578448,"action":"FILE_CLOSED","file":"/crow-attr-text/src/main/kotlin/com/crow/attr/text/AttrTextView.kt","tags":{"FILE_LINE_OF_CODE":"783"}}
{"ts":1708486578448,"action":"FILE_OPENED","file":"/crow-attr-text/src/main/kotlin/com/crow/attr/text/AttrTextLayout.kt","tags":{"FILE_LINE_OF_CODE":"1856"}}
{"ts":1708486580160,"action":"FILE_CLOSED","file":"/crow-attr-text/src/main/kotlin/com/crow/attr/text/AttrTextLayout.kt","tags":{"FILE_LINE_OF_CODE":"1856"}}
{"ts":1708486580160,"action":"FILE_OPENED","file":"/README.md","tags":{"FILE_LINE_OF_CODE":"248"}}
{"ts":1708486830001,"action":"IDE_DEACTIVATED"}
{"ts":1708486933109,"action":"IDE_ACTIVATED"}
{"ts":1708487058943,"action":"IDE_DEACTIVATED"}
{"ts":1708487065370,"action":"IDE_ACTIVATED"}
{"ts":1708487069391,"action":"IDE_DEACTIVATED"}
{"ts":1708487095369,"action":"IDE_ACTIVATED"}
{"ts":1708487134611,"action":"IDE_DEACTIVATED"}
{"ts":1708487168465,"action":"IDE_ACTIVATED"}
{"ts":1708487290101,"action":"FILE_CLOSED","file":"/README.md","tags":{"FILE_LINE_OF_CODE":"251"}}
{"ts":1708487290101,"action":"FILE_OPENED","file":"/crow-attr-text/src/main/kotlin/com/crow/attr/text/AttrTextLayout.kt","tags":{"FILE_LINE_OF_CODE":"1856"}}
{"ts":1708487308852,"action":"FILE_CLOSED","file":"/crow-attr-text/src/main/kotlin/com/crow/attr/text/AttrTextLayout.kt","tags":{"FILE_LINE_OF_CODE":"1855"}}
{"ts":1708487308852,"action":"FILE_OPENED","file":"/README.md","tags":{"FILE_LINE_OF_CODE":"251"}}
{"ts":1708487702490,"action":"FILE_CLOSED","file":"/README.md","tags":{"FILE_LINE_OF_CODE":"251"}}
{"ts":1708487702490,"action":"FILE_OPENED","file":"/build.gradle.kts","tags":{"FILE_LINE_OF_CODE":"9"}}
{"ts":1708487704119,"action":"FILE_CLOSED","file":"/build.gradle.kts","tags":{"FILE_LINE_OF_CODE":"9"}}
{"ts":1708487704119,"action":"FILE_OPENED","file":"/crow-attr-text/build.gradle.kts","tags":{"FILE_LINE_OF_CODE":"95"}}
{"ts":1708487933262,"action":"FILE_CLOSED","file":"/crow-attr-text/build.gradle.kts","tags":{"FILE_LINE_OF_CODE":"95"}}
{"ts":1708487933262,"action":"FILE_OPENED","file":"/app/build.gradle.kts","tags":{"FILE_LINE_OF_CODE":"47"}}
{"ts":1708487977765,"action":"IDE_DEACTIVATED"}
{"ts":1708488090743,"action":"IDE_ACTIVATED"}
{"ts":1708488091183,"action":"IDE_DEACTIVATED"}
{"ts":1708488217416,"action":"IDE_ACTIVATED"}
{"ts":1708488219876,"action":"IDE_DEACTIVATED"}
{"ts":1708488227413,"action":"IDE_ACTIVATED"}
{"ts":1708488228498,"action":"IDE_DEACTIVATED"}
{"ts":1708488235028,"action":"IDE_ACTIVATED"}
{"ts":1708488254320,"action":"FILE_CLOSED","file":"/app/build.gradle.kts","tags":{"FILE_LINE_OF_CODE":"47"}}
{"ts":1708488254320,"action":"FILE_OPENED","file":"/app/src/main/res/layout/activity_main.xml","tags":{"FILE_LINE_OF_CODE":"58"}}
{"ts":1708488258757,"action":"FILE_CLOSED","file":"/app/src/main/res/layout/activity_main.xml","tags":{"FILE_LINE_OF_CODE":"58"}}
{"ts":1708488258757,"action":"FILE_OPENED","file":"/crow-attr-text/src/main/res/values/attrs_text.xml","tags":{"FILE_LINE_OF_CODE":"85"}}
{"ts":1708488264101,"action":"FILE_CLOSED","file":"/crow-attr-text/src/main/res/values/attrs_text.xml","tags":{"FILE_LINE_OF_CODE":"85"}}
{"ts":1708488264101,"action":"FILE_OPENED","file":"/app/src/main/res/layout/activity_main.xml","tags":{"FILE_LINE_OF_CODE":"58"}}
{"ts":1708488282659,"action":"FILE_CLOSED","file":"/app/src/main/res/layout/activity_main.xml","tags":{"FILE_LINE_OF_CODE":"58"}}
{"ts":1708488282659,"action":"FILE_OPENED","file":"/crow-attr-text/src/main/kotlin/com/crow/attr/text/AttrTextLayout.kt","tags":{"FILE_LINE_OF_CODE":"1855"}}
{"ts":1708488293227,"action":"FILE_CLOSED","file":"/crow-attr-text/src/main/kotlin/com/crow/attr/text/AttrTextLayout.kt","tags":{"FILE_LINE_OF_CODE":"1855"}}
{"ts":1708488300286,"action":"FILE_OPENED","file":"/crow-attr-text/src/main/kotlin/com/crow/attr/text/AttrTextLayout.kt","tags":{"FILE_LINE_OF_CODE":"1855"}}
{"ts":1708488301298,"action":"IDE_DEACTIVATED"}
{"ts":1708488332897,"action":"IDE_ACTIVATED"}
{"ts":1708488333261,"action":"IDE_DEACTIVATED"}
{"ts":1708488392406,"action":"IDE_ACTIVATED"}
{"ts":1708488424947,"action":"IDE_DEACTIVATED"}
{"ts":1708488486898,"action":"IDE_ACTIVATED"}
{"ts":1708488543201,"action":"FILE_CLOSED","file":"/crow-attr-text/src/main/kotlin/com/crow/attr/text/AttrTextLayout.kt","tags":{"FILE_LINE_OF_CODE":"1856"}}
{"ts":1708488548871,"action":"FILE_OPENED","file":"/crow-attr-text/src/main/kotlin/com/crow/attr/text/AttrTextLayout.kt","tags":{"FILE_LINE_OF_CODE":"1856"}}
{"ts":1708488563586,"action":"FILE_CLOSED","file":"/crow-attr-text/src/main/kotlin/com/crow/attr/text/AttrTextLayout.kt","tags":{"FILE_LINE_OF_CODE":"1858"}}
{"ts":1708488569105,"action":"FILE_OPENED","file":"/crow-attr-text/src/main/kotlin/com/crow/attr/text/AttrTextLayout.kt","tags":{"FILE_LINE_OF_CODE":"1858"}}
{"ts":1708488583447,"action":"FILE_CLOSED","file":"/crow-attr-text/src/main/kotlin/com/crow/attr/text/AttrTextLayout.kt","tags":{"FILE_LINE_OF_CODE":"1858"}}
{"ts":1708488585613,"action":"FILE_OPENED","file":"/crow-attr-text/src/main/kotlin/com/crow/attr/text/AttrTextLayout.kt","tags":{"FILE_LINE_OF_CODE":"1858"}}
{"ts":1708488619667,"action":"FILE_CLOSED","file":"/crow-attr-text/src/main/kotlin/com/crow/attr/text/AttrTextLayout.kt","tags":{"FILE_LINE_OF_CODE":"1860"}}
{"ts":1708488619667,"action":"FILE_OPENED","file":"/crow-attr-text/src/main/kotlin/com/crow/attr/text/AttrTextExt.kt","tags":{"FILE_LINE_OF_CODE":"100"}}
{"ts":1708488671470,"action":"FILE_CLOSED","file":"/crow-attr-text/src/main/kotlin/com/crow/attr/text/AttrTextExt.kt","tags":{"FILE_LINE_OF_CODE":"101"}}
{"ts":1708488671470,"action":"FILE_OPENED","file":"/crow-attr-text/src/main/kotlin/com/crow/attr/text/AttrTextLayout.kt","tags":{"FILE_LINE_OF_CODE":"1860"}}
{"ts":1708488707324,"action":"IDE_DEACTIVATED"}
{"ts":1708488727471,"action":"IDE_ACTIVATED"}
{"ts":1708488727573,"action":"FILE_CLOSED","file":"/crow-attr-text/src/main/kotlin/com/crow/attr/text/AttrTextLayout.kt","tags":{"FILE_LINE_OF_CODE":"1862"}}
{"ts":1708488727573,"action":"FILE_OPENED","file":"/app/src/main/res/layout/activity_main.xml","tags":{"FILE_LINE_OF_CODE":"58"}}
{"ts":1708488736576,"action":"FILE_CLOSED","file":"/app/src/main/res/layout/activity_main.xml","tags":{"FILE_LINE_OF_CODE":"51"}}
{"ts":1708488736576,"action":"FILE_OPENED","file":"/crow-attr-text/src/main/kotlin/com/crow/attr/text/AttrTextView.kt","tags":{"FILE_LINE_OF_CODE":"783"}}
{"ts":1708488737631,"action":"FILE_CLOSED","file":"/crow-attr-text/src/main/kotlin/com/crow/attr/text/AttrTextView.kt","tags":{"FILE_LINE_OF_CODE":"783"}}
{"ts":1708488737631,"action":"FILE_OPENED","file":"/crow-attr-text/src/main/kotlin/com/crow/attr/text/AttrTextExt.kt","tags":{"FILE_LINE_OF_CODE":"101"}}
{"ts":1708488749197,"action":"FILE_CLOSED","file":"/crow-attr-text/src/main/kotlin/com/crow/attr/text/AttrTextExt.kt","tags":{"FILE_LINE_OF_CODE":"101"}}
{"ts":1708488749197,"action":"FILE_OPENED","file":"/app/src/main/kotlin/com/crow/attrtextlayout/MainActivity.kt","tags":{"FILE_LINE_OF_CODE":"105"}}
{"ts":1708488758630,"action":"IDE_DEACTIVATED"}
{"ts":1708488779025,"action":"IDE_ACTIVATED"}
{"ts":1708488783166,"action":"IDE_DEACTIVATED"}
{"ts":1708488807016,"action":"IDE_ACTIVATED"}
{"ts":1708488873000,"action":"IDE_DEACTIVATED"}
{"ts":1708488902553,"action":"IDE_ACTIVATED"}
{"ts":1708488974905,"action":"IDE_DEACTIVATED"}
{"ts":1708489237657,"action":"IDE_ACTIVATED"}
{"ts":1708489239956,"action":"FILE_CLOSED","file":"/app/src/main/kotlin/com/crow/attrtextlayout/MainActivity.kt","tags":{"FILE_LINE_OF_CODE":"105"}}
{"ts":1708489239956,"action":"FILE_OPENED","file":"/crow-attr-text/src/main/kotlin/com/crow/attr/text/AttrTextView.kt","tags":{"FILE_LINE_OF_CODE":"783"}}
{"ts":1708489241802,"action":"IDE_DEACTIVATED"}
{"ts":1708489243335,"action":"IDE_ACTIVATED"}
{"ts":1708489245688,"action":"IDE_DEACTIVATED"}
{"ts":1708489257042,"action":"IDE_ACTIVATED"}
{"ts":1708489270734,"action":"FILE_CLOSED","file":"/crow-attr-text/src/main/kotlin/com/crow/attr/text/AttrTextView.kt","tags":{"FILE_LINE_OF_CODE":"783"}}
{"ts":1708489270734,"action":"FILE_OPENED","file":"/app/src/main/kotlin/com/crow/attrtextlayout/MainActivity.kt","tags":{"FILE_LINE_OF_CODE":"105"}}
{"ts":1708489272151,"action":"FILE_CLOSED","file":"/app/src/main/kotlin/com/crow/attrtextlayout/MainActivity.kt","tags":{"FILE_LINE_OF_CODE":"105"}}
{"ts":1708489272151,"action":"FILE_OPENED","file":"/crow-attr-text/src/main/kotlin/com/crow/attr/text/AttrTextView.kt","tags":{"FILE_LINE_OF_CODE":"783"}}
{"ts":1708489275636,"action":"FILE_CLOSED","file":"/crow-attr-text/src/main/kotlin/com/crow/attr/text/AttrTextView.kt","tags":{"FILE_LINE_OF_CODE":"783"}}
{"ts":1708489275636,"action":"FILE_OPENED","file":"/app/src/main/res/layout/activity_main.xml","tags":{"FILE_LINE_OF_CODE":"51"}}
{"ts":1708489290211,"action":"IDE_DEACTIVATED"}
{"ts":1708489310349,"action":"IDE_ACTIVATED"}
{"ts":1708489312214,"action":"FILE_CLOSED","file":"/app/src/main/res/layout/activity_main.xml","tags":{"FILE_LINE_OF_CODE":"51"}}
{"ts":1708489312215,"action":"FILE_OPENED","file":"/crow-attr-text/src/main/kotlin/com/crow/attr/text/AttrTextView.kt","tags":{"FILE_LINE_OF_CODE":"783"}}
{"ts":1708489313420,"action":"FILE_CLOSED","file":"/crow-attr-text/src/main/kotlin/com/crow/attr/text/AttrTextView.kt","tags":{"FILE_LINE_OF_CODE":"783"}}
{"ts":1708489313420,"action":"FILE_OPENED","file":"/app/src/main/kotlin/com/crow/attrtextlayout/MainActivity.kt","tags":{"FILE_LINE_OF_CODE":"105"}}
{"ts":1708489323414,"action":"FILE_CLOSED","file":"/app/src/main/kotlin/com/crow/attrtextlayout/MainActivity.kt","tags":{"FILE_LINE_OF_CODE":"105"}}
{"ts":1708489323414,"action":"FILE_OPENED","file":"/crow-attr-text/src/main/kotlin/com/crow/attr/text/AttrTextView.kt","tags":{"FILE_LINE_OF_CODE":"783"}}
{"ts":1708489327579,"action":"FILE_CLOSED","file":"/crow-attr-text/src/main/kotlin/com/crow/attr/text/AttrTextView.kt","tags":{"FILE_LINE_OF_CODE":"783"}}
{"ts":1708489327579,"action":"FILE_OPENED","file":"/crow-attr-text/src/main/kotlin/com/crow/attr/text/AttrTextLayout.kt","tags":{"FILE_LINE_OF_CODE":"1862"}}
{"ts":1708489341405,"action":"FILE_CLOSED","file":"/crow-attr-text/src/main/kotlin/com/crow/attr/text/AttrTextLayout.kt","tags":{"FILE_LINE_OF_CODE":"1862"}}
{"ts":1708489341405,"action":"FILE_OPENED","file":"/crow-attr-text/src/main/kotlin/com/crow/attr/text/AttrTextView.kt","tags":{"FILE_LINE_OF_CODE":"783"}}
{"ts":1708489342203,"action":"FILE_CLOSED","file":"/crow-attr-text/src/main/kotlin/com/crow/attr/text/AttrTextView.kt","tags":{"FILE_LINE_OF_CODE":"783"}}
{"ts":1708489342203,"action":"FILE_OPENED","file":"/README.md","tags":{"FILE_LINE_OF_CODE":"251"}}
{"ts":1708489342670,"action":"FILE_CLOSED","file":"/README.md","tags":{"FILE_LINE_OF_CODE":"251"}}
{"ts":1708489342670,"action":"FILE_OPENED","file":"/build.gradle.kts","tags":{"FILE_LINE_OF_CODE":"9"}}
{"ts":1708489343313,"action":"FILE_CLOSED","file":"/build.gradle.kts","tags":{"FILE_LINE_OF_CODE":"9"}}
{"ts":1708489343313,"action":"FILE_OPENED","file":"/crow-attr-text/build.gradle.kts","tags":{"FILE_LINE_OF_CODE":"95"}}
{"ts":1708489346153,"action":"FILE_CLOSED","file":"/crow-attr-text/build.gradle.kts","tags":{"FILE_LINE_OF_CODE":"95"}}
{"ts":1708489346153,"action":"FILE_OPENED","file":"/app/src/main/res/layout/activity_main.xml","tags":{"FILE_LINE_OF_CODE":"51"}}
{"ts":1708489355079,"action":"FILE_CLOSED","file":"/app/src/main/res/layout/activity_main.xml","tags":{"FILE_LINE_OF_CODE":"51"}}
{"ts":1708489355079,"action":"FILE_OPENED","file":"/crow-attr-text/src/main/kotlin/com/crow/attr/text/AttrTextLayout.kt","tags":{"FILE_LINE_OF_CODE":"1862"}}
{"ts":1708489381090,"action":"IDE_DEACTIVATED"}
{"ts":1708489391552,"action":"IDE_ACTIVATED"}
{"ts":1708489402973,"action":"IDE_DEACTIVATED"}
{"ts":1708489421216,"action":"IDE_ACTIVATED"}
{"ts":1708489443191,"action":"IDE_DEACTIVATED"}
{"ts":1708489452223,"action":"IDE_ACTIVATED"}
{"ts":1708489469801,"action":"IDE_DEACTIVATED"}
{"ts":1708489493428,"action":"IDE_ACTIVATED"}
{"ts":1708489494023,"action":"IDE_DEACTIVATED"}
{"ts":1708489497895,"action":"IDE_ACTIVATED"}
{"ts":1708489500315,"action":"IDE_DEACTIVATED"}
{"ts":1708489508097,"action":"IDE_ACTIVATED"}
{"ts":1708489522382,"action":"IDE_DEACTIVATED"}
{"ts":1708489642148,"action":"IDE_ACTIVATED"}
{"ts":1708489660542,"action":"IDE_DEACTIVATED"}
{"ts":1708489670112,"action":"IDE_ACTIVATED"}
{"ts":1708489691811,"action":"IDE_DEACTIVATED"}
{"ts":1708489692327,"action":"IDE_ACTIVATED"}
{"ts":1708489699315,"action":"IDE_DEACTIVATED"}
{"ts":1708489707500,"action":"IDE_ACTIVATED"}
{"ts":1708489711731,"action":"IDE_DEACTIVATED"}
{"ts":1708489743324,"action":"IDE_ACTIVATED"}
{"ts":1708489752492,"action":"IDE_DEACTIVATED"}
{"ts":1708489809755,"action":"IDE_ACTIVATED"}
{"ts":1708489841590,"action":"IDE_DEACTIVATED"}
{"ts":1708489842858,"action":"IDE_ACTIVATED"}
{"ts":1708489871473,"action":"IDE_DEACTIVATED"}
{"ts":1708489872574,"action":"IDE_ACTIVATED"}
{"ts":1708489885375,"action":"IDE_DEACTIVATED"}
{"ts":1708489886717,"action":"IDE_ACTIVATED"}
{"ts":1708489887154,"action":"IDE_DEACTIVATED"}
{"ts":1708489888577,"action":"IDE_ACTIVATED"}
{"ts":1708489919919,"action":"FILE_CLOSED","file":"/crow-attr-text/src/main/kotlin/com/crow/attr/text/AttrTextLayout.kt","tags":{"FILE_LINE_OF_CODE":"1864"}}
{"ts":1708489923449,"action":"IDE_DEACTIVATED"}
{"ts":1708494943141,"action":"IDE_ACTIVATED"}
{"ts":1708494944280,"action":"IDE_DEACTIVATED"}
{"ts":1708495859899,"action":"IDE_ACTIVATED"}
{"ts":1708495861040,"action":"IDE_DEACTIVATED"}
{"ts":1708496059468,"action":"IDE_ACTIVATED"}
{"ts":1708496063923,"action":"FILE_OPENED","file":"/app/src/main/kotlin/com/crow/attrtextlayout/MainActivity.kt","tags":{"FILE_LINE_OF_CODE":"105"}}
{"ts":1708496064561,"action":"FILE_CLOSED","file":"/app/src/main/kotlin/com/crow/attrtextlayout/MainActivity.kt","tags":{"FILE_LINE_OF_CODE":"105"}}
{"ts":1708496064561,"action":"FILE_OPENED","file":"/crow-attr-text/src/main/kotlin/com/crow/attr/text/AttrTextExt.kt","tags":{"FILE_LINE_OF_CODE":"101"}}
{"ts":1708496066036,"action":"IDE_DEACTIVATED"}
{"ts":1708496076758,"action":"IDE_ACTIVATED"}
{"ts":1708496077376,"action":"IDE_DEACTIVATED"}
{"ts":1708496616168,"action":"IDE_ACTIVATED"}
{"ts":1708496616526,"action":"IDE_DEACTIVATED"}
{"ts":1708496865585,"action":"IDE_ACTIVATED"}
{"ts":1708496870077,"action":"IDE_DEACTIVATED"}
{"ts":1708496872981,"action":"IDE_ACTIVATED"}
{"ts":1708496873522,"action":"IDE_DEACTIVATED"}
{"ts":1708497577549,"action":"IDE_ACTIVATED"}
{"ts":1708497578755,"action":"IDE_DEACTIVATED"}
{"ts":1708498485673,"action":"IDE_ACTIVATED"}
{"ts":1708498494204,"action":"FILE_CLOSED","file":"/crow-attr-text/src/main/kotlin/com/crow/attr/text/AttrTextExt.kt","tags":{"FILE_LINE_OF_CODE":"101"}}
{"ts":1708498494204,"action":"FILE_OPENED","file":"/README.md","tags":{"FILE_LINE_OF_CODE":"251"}}
{"ts":1708498505666,"action":"IDE_DEACTIVATED"}
{"ts":1708498540095,"action":"IDE_ACTIVATED"}
{"ts":1708498562172,"action":"IDE_DEACTIVATED"}
{"ts":1708498565693,"action":"IDE_ACTIVATED"}
{"ts":1708498567201,"action":"IDE_DEACTIVATED"}
{"ts":1708498572467,"action":"IDE_ACTIVATED"}
{"ts":1708498627957,"action":"IDE_DEACTIVATED"}
{"ts":1708498634626,"action":"IDE_ACTIVATED"}
{"ts":1708498636963,"action":"FILE_CLOSED","file":"/README.md","tags":{"FILE_LINE_OF_CODE":"251"}}
{"ts":1708498636963,"action":"FILE_OPENED","file":"/crow-attr-text/src/main/kotlin/com/crow/attr/text/AttrTextLayout.kt","tags":{"FILE_LINE_OF_CODE":"1864"}}
{"ts":1708498643136,"action":"FILE_CLOSED","file":"/crow-attr-text/src/main/kotlin/com/crow/attr/text/AttrTextLayout.kt","tags":{"FILE_LINE_OF_CODE":"1864"}}
{"ts":1708498643136,"action":"FILE_OPENED","file":"/crow-attr-text/src/main/kotlin/com/crow/attr/text/AttrTextView.kt","tags":{"FILE_LINE_OF_CODE":"783"}}
{"ts":1708498751518,"action":"FILE_CLOSED","file":"/crow-attr-text/src/main/kotlin/com/crow/attr/text/AttrTextView.kt","tags":{"FILE_LINE_OF_CODE":"781"}}
{"ts":1708498751518,"action":"FILE_OPENED","file":"/crow-attr-text/src/main/kotlin/com/crow/attr/text/AttrTextLayout.kt","tags":{"FILE_LINE_OF_CODE":"1864"}}
{"ts":1708498777421,"action":"IDE_DEACTIVATED"}
{"ts":1708498778737,"action":"IDE_ACTIVATED"}
{"ts":1708498963737,"action":"IDE_DEACTIVATED"}
{"ts":1708499013739,"action":"IDE_ACTIVATED"}
{"ts":1708499372462,"action":"FILE_CLOSED","file":"/crow-attr-text/src/main/kotlin/com/crow/attr/text/AttrTextLayout.kt","tags":{"FILE_LINE_OF_CODE":"1876"}}
{"ts":1708499372462,"action":"FILE_OPENED","file":"/README.md","tags":{"FILE_LINE_OF_CODE":"251"}}
{"ts":1708499437280,"action":"FILE_CLOSED","file":"/README.md","tags":{"FILE_LINE_OF_CODE":"251"}}
{"ts":1708499437280,"action":"FILE_OPENED","file":"/crow-attr-text/src/main/kotlin/com/crow/attr/text/AttrTextLayout.kt","tags":{"FILE_LINE_OF_CODE":"1876"}}
{"ts":1708499445148,"action":"FILE_CLOSED","file":"/crow-attr-text/src/main/kotlin/com/crow/attr/text/AttrTextLayout.kt","tags":{"FILE_LINE_OF_CODE":"1876"}}
{"ts":1708499494130,"action":"IDE_DEACTIVATED"}
{"ts":1708499497103,"action":"IDE_ACTIVATED"}
{"ts":1708499498639,"action":"IDE_DEACTIVATED"}
{"ts":1708499554181,"action":"IDE_ACTIVATED"}
{"ts":1708499555617,"action":"IDE_DEACTIVATED"}
{"ts":1708499556310,"action":"IDE_ACTIVATED"}
{"ts":1708499556941,"action":"IDE_DEACTIVATED"}
{"ts":1708499569238,"action":"IDE_ACTIVATED"}
{"ts":1708499576314,"action":"IDE_DEACTIVATED"}
{"ts":1708499591817,"action":"IDE_ACTIVATED"}
{"ts":1708499605169,"action":"FILE_OPENED","file":"/crow-attr-text/src/main/kotlin/com/crow/attr/text/AttrTextLayout.kt","tags":{"FILE_LINE_OF_CODE":"1876"}}
{"ts":1708499613408,"action":"IDE_DEACTIVATED"}
{"ts":1708499615020,"action":"IDE_ACTIVATED"}
{"ts":1708499618142,"action":"IDE_DEACTIVATED"}
{"ts":1708500114290,"action":"IDE_ACTIVATED"}
{"ts":1708500116757,"action":"IDE_DEACTIVATED"}
{"ts":1708500255026,"action":"IDE_ACTIVATED"}
{"ts":1708500258740,"action":"FILE_CLOSED","file":"/crow-attr-text/src/main/kotlin/com/crow/attr/text/AttrTextLayout.kt","tags":{"FILE_LINE_OF_CODE":"1876"}}
{"ts":1708500258740,"action":"FILE_OPENED","file":"/README.md","tags":{"FILE_LINE_OF_CODE":"251"}}
{"ts":1708500303015,"action":"IDE_DEACTIVATED"}
{"ts":1708500313607,"action":"IDE_ACTIVATED"}
{"ts":1708500346563,"action":"IDE_DEACTIVATED"}
{"ts":1708500659714,"action":"IDE_ACTIVATED"}
{"ts":1708500703333,"action":"IDE_DEACTIVATED"}
{"ts":1708500704245,"action":"IDE_ACTIVATED"}
{"ts":1708500800308,"action":"IDE_DEACTIVATED"}
{"ts":1708501476858,"action":"IDE_ACTIVATED"}
{"ts":1708501488019,"action":"FILE_CLOSED","file":"/README.md","tags":{"FILE_LINE_OF_CODE":"254"}}
{"ts":1708501499846,"action":"IDE_DEACTIVATED"}
{"ts":1708501561312,"action":"IDE_ACTIVATED"}
{"ts":1708501562371,"action":"IDE_DEACTIVATED"}
{"ts":1708501998944,"action":"IDE_ACTIVATED"}
{"ts":1708501999599,"action":"FILE_OPENED","file":"/README.md","tags":{"FILE_LINE_OF_CODE":"254"}}
{"ts":1708502001700,"action":"IDE_DEACTIVATED"}
{"ts":1708502039342,"action":"IDE_ACTIVATED"}
{"ts":1708502043006,"action":"FILE_CLOSED","file":"/README.md","tags":{"FILE_LINE_OF_CODE":"254"}}
{"ts":1708502043006,"action":"FILE_OPENED","file":"/crow-attr-text/src/main/kotlin/com/crow/attr/text/AttrTextLayout.kt","tags":{"FILE_LINE_OF_CODE":"1876"}}
{"ts":1708502056198,"action":"IDE_DEACTIVATED"}
{"ts":1708502061550,"action":"IDE_ACTIVATED"}
{"ts":1708502104966,"action":"IDE_DEACTIVATED"}
{"ts":1708502105889,"action":"IDE_ACTIVATED"}
{"ts":1708502107140,"action":"IDE_DEACTIVATED"}
{"ts":1708502107313,"action":"IDE_ACTIVATED"}
{"ts":1708502117580,"action":"IDE_DEACTIVATED"}
{"ts":1708502127517,"action":"IDE_ACTIVATED"}
{"ts":1708502132709,"action":"IDE_DEACTIVATED"}
{"ts":1708502139968,"action":"IDE_ACTIVATED"}
{"ts":1708502142490,"action":"IDE_DEACTIVATED"}
{"ts":1708502218710,"action":"IDE_ACTIVATED"}
{"ts":1708502229836,"action":"IDE_DEACTIVATED"}
{"ts":1708502230690,"action":"IDE_ACTIVATED"}
{"ts":1708502256060,"action":"IDE_DEACTIVATED"}
{"ts":1708502258888,"action":"IDE_ACTIVATED"}
{"ts":1708502267643,"action":"IDE_DEACTIVATED"}
{"ts":1708502278353,"action":"IDE_ACTIVATED"}
{"ts":1708502322498,"action":"IDE_DEACTIVATED"}
{"ts":1708502337353,"action":"IDE_ACTIVATED"}
{"ts":1708502337692,"action":"IDE_DEACTIVATED"}
{"ts":1708502352693,"action":"IDE_ACTIVATED"}
{"ts":1708502352790,"action":"FILE_CLOSED","file":"/crow-attr-text/src/main/kotlin/com/crow/attr/text/AttrTextLayout.kt","tags":{"FILE_LINE_OF_CODE":"1876"}}
{"ts":1708502352790,"action":"FILE_OPENED","file":"/README.md","tags":{"FILE_LINE_OF_CODE":"254"}}
{"ts":1708502355509,"action":"IDE_DEACTIVATED"}
{"ts":1708502393436,"action":"IDE_ACTIVATED"}
{"ts":1708502397352,"action":"FILE_CLOSED","file":"/README.md","tags":{"FILE_LINE_OF_CODE":"254"}}
{"ts":1708502397352,"action":"FILE_OPENED","file":"/crow-attr-text/src/main/kotlin/com/crow/attr/text/AttrTextLayout.kt","tags":{"FILE_LINE_OF_CODE":"1876"}}
{"ts":1708502424564,"action":"IDE_DEACTIVATED"}
{"ts":1708502425568,"action":"IDE_ACTIVATED"}
{"ts":1708502442870,"action":"IDE_DEACTIVATED"}
{"ts":1708502446089,"action":"IDE_ACTIVATED"}
{"ts":1708502446462,"action":"IDE_DEACTIVATED"}
{"ts":1708502455852,"action":"IDE_ACTIVATED"}
{"ts":1708502464309,"action":"IDE_DEACTIVATED"}
{"ts":1708502482754,"action":"IDE_ACTIVATED"}
{"ts":1708502483670,"action":"IDE_DEACTIVATED"}
{"ts":1708502484325,"action":"IDE_ACTIVATED"}
{"ts":1708502484873,"action":"IDE_DEACTIVATED"}
{"ts":1708502485595,"action":"IDE_ACTIVATED"}
{"ts":1708502492026,"action":"IDE_DEACTIVATED"}
{"ts":1708502499108,"action":"IDE_ACTIVATED"}
{"ts":1708502507538,"action":"FILE_CLOSED","file":"/crow-attr-text/src/main/kotlin/com/crow/attr/text/AttrTextLayout.kt","tags":{"FILE_LINE_OF_CODE":"1878"}}
{"ts":1708502507538,"action":"FILE_OPENED","file":"/crow-attr-text/src/main/kotlin/com/crow/attr/text/AttrTextView.kt","tags":{"FILE_LINE_OF_CODE":"781"}}
{"ts":1708502514473,"action":"IDE_DEACTIVATED"}
{"ts":1708502640677,"action":"IDE_ACTIVATED"}
{"ts":1708502642681,"action":"IDE_DEACTIVATED"}
{"ts":1708502643969,"action":"IDE_ACTIVATED"}
{"ts":1708502650175,"action":"FILE_CLOSED","file":"/crow-attr-text/src/main/kotlin/com/crow/attr/text/AttrTextView.kt","tags":{"FILE_LINE_OF_CODE":"781"}}
{"ts":1708502650175,"action":"FILE_OPENED","file":"/crow-attr-text/src/main/kotlin/com/crow/attr/text/AttrTextLayout.kt","tags":{"FILE_LINE_OF_CODE":"1878"}}
{"ts":1708502651531,"action":"FILE_CLOSED","file":"/crow-attr-text/src/main/kotlin/com/crow/attr/text/AttrTextLayout.kt","tags":{"FILE_LINE_OF_CODE":"1878"}}
{"ts":1708502651531,"action":"FILE_OPENED","file":"/crow-attr-text/src/main/kotlin/com/crow/attr/text/AttrTextView.kt","tags":{"FILE_LINE_OF_CODE":"781"}}
{"ts":1708502665435,"action":"FILE_CLOSED","file":"/crow-attr-text/src/main/kotlin/com/crow/attr/text/AttrTextView.kt","tags":{"FILE_LINE_OF_CODE":"781"}}
{"ts":1708502665435,"action":"FILE_OPENED","file":"/crow-attr-text/src/main/kotlin/com/crow/attr/text/AttrTextLayout.kt","tags":{"FILE_LINE_OF_CODE":"1878"}}
{"ts":1708502668214,"action":"FILE_CLOSED","file":"/crow-attr-text/src/main/kotlin/com/crow/attr/text/AttrTextLayout.kt","tags":{"FILE_LINE_OF_CODE":"1878"}}
{"ts":1708502668214,"action":"FILE_OPENED","file":"/crow-attr-text/src/main/kotlin/com/crow/attr/text/AttrTextView.kt","tags":{"FILE_LINE_OF_CODE":"781"}}
{"ts":1708502669980,"action":"FILE_CLOSED","file":"/crow-attr-text/src/main/kotlin/com/crow/attr/text/AttrTextView.kt","tags":{"FILE_LINE_OF_CODE":"781"}}
{"ts":1708502669980,"action":"FILE_OPENED","file":"/crow-attr-text/src/main/kotlin/com/crow/attr/text/AttrTextLayout.kt","tags":{"FILE_LINE_OF_CODE":"1878"}}
{"ts":1708502693471,"action":"IDE_DEACTIVATED"}
{"ts":1708502694408,"action":"IDE_ACTIVATED"}
{"ts":1708502701788,"action":"IDE_DEACTIVATED"}
{"ts":1708502703133,"action":"IDE_ACTIVATED"}
{"ts":1708502740382,"action":"IDE_DEACTIVATED"}
{"ts":1708502741454,"action":"IDE_ACTIVATED"}
{"ts":1708502743058,"action":"IDE_DEACTIVATED"}
{"ts":1708502747135,"action":"IDE_ACTIVATED"}
{"ts":1708502824314,"action":"IDE_DEACTIVATED"}
{"ts":1708502825050,"action":"IDE_ACTIVATED"}
{"ts":1708502825536,"action":"IDE_DEACTIVATED"}
{"ts":1708502826130,"action":"IDE_ACTIVATED"}
{"ts":1708502826916,"action":"IDE_DEACTIVATED"}
{"ts":1708502831418,"action":"IDE_ACTIVATED"}
{"ts":1708502839145,"action":"IDE_DEACTIVATED"}
{"ts":1708502849629,"action":"IDE_ACTIVATED"}
{"ts":1708502850123,"action":"IDE_DEACTIVATED"}
{"ts":1708502852457,"action":"IDE_ACTIVATED"}
{"ts":1708502889096,"action":"FILE_CLOSED","file":"/crow-attr-text/src/main/kotlin/com/crow/attr/text/AttrTextLayout.kt","tags":{"FILE_LINE_OF_CODE":"1878"}}
{"ts":1708502889096,"action":"FILE_OPENED","file":"/crow-attr-text/src/main/kotlin/com/crow/attr/text/AttrTextView.kt","tags":{"FILE_LINE_OF_CODE":"781"}}
{"ts":1708502890808,"action":"FILE_CLOSED","file":"/crow-attr-text/src/main/kotlin/com/crow/attr/text/AttrTextView.kt","tags":{"FILE_LINE_OF_CODE":"781"}}
{"ts":1708502890808,"action":"FILE_OPENED","file":"/crow-attr-text/src/main/kotlin/com/crow/attr/text/AttrTextLayout.kt","tags":{"FILE_LINE_OF_CODE":"1878"}}
{"ts":1708502896698,"action":"FILE_CLOSED","file":"/crow-attr-text/src/main/kotlin/com/crow/attr/text/AttrTextLayout.kt","tags":{"FILE_LINE_OF_CODE":"1878"}}
{"ts":1708502896699,"action":"FILE_OPENED","file":"/app/src/main/kotlin/com/crow/attrtextlayout/MainActivity.kt","tags":{"FILE_LINE_OF_CODE":"105"}}
{"ts":1708502933661,"action":"IDE_DEACTIVATED"}
{"ts":1708502944758,"action":"IDE_ACTIVATED"}
{"ts":1708502947606,"action":"FILE_CLOSED","file":"/app/src/main/kotlin/com/crow/attrtextlayout/MainActivity.kt","tags":{"FILE_LINE_OF_CODE":"107"}}
{"ts":1708502947606,"action":"FILE_OPENED","file":"/crow-attr-text/src/main/kotlin/com/crow/attr/text/AttrTextLayout.kt","tags":{"FILE_LINE_OF_CODE":"1878"}}
{"ts":1708502950273,"action":"FILE_CLOSED","file":"/crow-attr-text/src/main/kotlin/com/crow/attr/text/AttrTextLayout.kt","tags":{"FILE_LINE_OF_CODE":"1878"}}
{"ts":1708502950273,"action":"FILE_OPENED","file":"/app/src/main/kotlin/com/crow/attrtextlayout/MainActivity.kt","tags":{"FILE_LINE_OF_CODE":"107"}}
{"ts":1708502951573,"action":"FILE_CLOSED","file":"/app/src/main/kotlin/com/crow/attrtextlayout/MainActivity.kt","tags":{"FILE_LINE_OF_CODE":"107"}}
{"ts":1708502951573,"action":"FILE_OPENED","file":"/crow-attr-text/src/main/kotlin/com/crow/attr/text/AttrTextView.kt","tags":{"FILE_LINE_OF_CODE":"781"}}
{"ts":1708502953041,"action":"FILE_CLOSED","file":"/crow-attr-text/src/main/kotlin/com/crow/attr/text/AttrTextView.kt","tags":{"FILE_LINE_OF_CODE":"781"}}
{"ts":1708502953041,"action":"FILE_OPENED","file":"/crow-attr-text/src/main/kotlin/com/crow/attr/text/AttrTextLayout.kt","tags":{"FILE_LINE_OF_CODE":"1878"}}
{"ts":1708502953721,"action":"FILE_CLOSED","file":"/crow-attr-text/src/main/kotlin/com/crow/attr/text/AttrTextLayout.kt","tags":{"FILE_LINE_OF_CODE":"1878"}}
{"ts":1708502953721,"action":"FILE_OPENED","file":"/app/src/main/kotlin/com/crow/attrtextlayout/MainActivity.kt","tags":{"FILE_LINE_OF_CODE":"107"}}
{"ts":1708502955937,"action":"FILE_CLOSED","file":"/app/src/main/kotlin/com/crow/attrtextlayout/MainActivity.kt","tags":{"FILE_LINE_OF_CODE":"107"}}
{"ts":1708502955937,"action":"FILE_OPENED","file":"/crow-attr-text/src/main/kotlin/com/crow/attr/text/AttrTextLayout.kt","tags":{"FILE_LINE_OF_CODE":"1878"}}
{"ts":1708503055800,"action":"FILE_CLOSED","file":"/crow-attr-text/src/main/kotlin/com/crow/attr/text/AttrTextLayout.kt","tags":{"FILE_LINE_OF_CODE":"1879"}}
{"ts":1708503055800,"action":"FILE_OPENED","file":"/crow-attr-text/src/main/kotlin/com/crow/attr/text/IAttrText.kt","tags":{"FILE_LINE_OF_CODE":"276"}}
{"ts":1708503057098,"action":"FILE_CLOSED","file":"/crow-attr-text/src/main/kotlin/com/crow/attr/text/IAttrText.kt","tags":{"FILE_LINE_OF_CODE":"276"}}
{"ts":1708503057098,"action":"FILE_OPENED","file":"/crow-attr-text/src/main/kotlin/com/crow/attr/text/AttrTextExt.kt","tags":{"FILE_LINE_OF_CODE":"101"}}
{"ts":1708503058103,"action":"FILE_CLOSED","file":"/crow-attr-text/src/main/kotlin/com/crow/attr/text/AttrTextExt.kt","tags":{"FILE_LINE_OF_CODE":"101"}}
{"ts":1708503058103,"action":"FILE_OPENED","file":"/crow-attr-text/src/main/kotlin/com/crow/attr/text/IAttrText.kt","tags":{"FILE_LINE_OF_CODE":"276"}}
{"ts":1708503065071,"action":"FILE_CLOSED","file":"/crow-attr-text/src/main/kotlin/com/crow/attr/text/IAttrText.kt","tags":{"FILE_LINE_OF_CODE":"276"}}
{"ts":1708503065071,"action":"FILE_OPENED","file":"/crow-attr-text/src/main/kotlin/com/crow/attr/text/AttrTextExt.kt","tags":{"FILE_LINE_OF_CODE":"101"}}
{"ts":1708503065627,"action":"FILE_CLOSED","file":"/crow-attr-text/src/main/kotlin/com/crow/attr/text/AttrTextExt.kt","tags":{"FILE_LINE_OF_CODE":"101"}}
{"ts":1708503065627,"action":"FILE_OPENED","file":"/crow-attr-text/src/main/kotlin/com/crow/attr/text/AttrTextLayout.kt","tags":{"FILE_LINE_OF_CODE":"1879"}}
{"ts":1708503146795,"action":"IDE_DEACTIVATED"}
{"ts":1708503152900,"action":"IDE_ACTIVATED"}
{"ts":1708503158249,"action":"IDE_DEACTIVATED"}
{"ts":1708503159346,"action":"IDE_ACTIVATED"}
{"ts":1708503162211,"action":"IDE_DEACTIVATED"}
{"ts":1708503183060,"action":"IDE_ACTIVATED"}
{"ts":1708503552491,"action":"IDE_DEACTIVATED"}
{"ts":1708503568781,"action":"IDE_ACTIVATED"}
{"ts":1708503574676,"action":"IDE_DEACTIVATED"}
{"ts":1708503593237,"action":"IDE_ACTIVATED"}
{"ts":1708503598062,"action":"FILE_CLOSED","file":"/crow-attr-text/src/main/kotlin/com/crow/attr/text/AttrTextLayout.kt","tags":{"FILE_LINE_OF_CODE":"1892"}}
{"ts":1708503598062,"action":"FILE_OPENED","file":"/app/src/main/res/layout/activity_main.xml","tags":{"FILE_LINE_OF_CODE":"51"}}
{"ts":1708503604394,"action":"IDE_DEACTIVATED"}
{"ts":1708503627417,"action":"IDE_ACTIVATED"}
{"ts":1708503631557,"action":"IDE_DEACTIVATED"}
{"ts":1708503635313,"action":"IDE_ACTIVATED"}
{"ts":1708503639223,"action":"FILE_CLOSED","file":"/app/src/main/res/layout/activity_main.xml","tags":{"FILE_LINE_OF_CODE":"51"}}
{"ts":1708503639223,"action":"FILE_OPENED","file":"/crow-attr-text/src/main/kotlin/com/crow/attr/text/AttrTextLayout.kt","tags":{"FILE_LINE_OF_CODE":"1892"}}
{"ts":1708503642586,"action":"FILE_CLOSED","file":"/crow-attr-text/src/main/kotlin/com/crow/attr/text/AttrTextLayout.kt","tags":{"FILE_LINE_OF_CODE":"1892"}}
{"ts":1708503642586,"action":"FILE_OPENED","file":"/app/src/main/kotlin/com/crow/attrtextlayout/MainActivity.kt","tags":{"FILE_LINE_OF_CODE":"107"}}
{"ts":1708503654337,"action":"IDE_DEACTIVATED"}
{"ts":1708503661959,"action":"IDE_ACTIVATED"}
{"ts":1708503663728,"action":"IDE_DEACTIVATED"}
{"ts":1708503700545,"action":"IDE_ACTIVATED"}
{"ts":1708503712692,"action":"FILE_CLOSED","file":"/app/src/main/kotlin/com/crow/attrtextlayout/MainActivity.kt","tags":{"FILE_LINE_OF_CODE":"107"}}
{"ts":1708503712692,"action":"FILE_OPENED","file":"/crow-attr-text/src/main/kotlin/com/crow/attr/text/AttrTextExt.kt","tags":{"FILE_LINE_OF_CODE":"101"}}
{"ts":1708503713896,"action":"FILE_CLOSED","file":"/crow-attr-text/src/main/kotlin/com/crow/attr/text/AttrTextExt.kt","tags":{"FILE_LINE_OF_CODE":"101"}}
{"ts":1708503713896,"action":"FILE_OPENED","file":"/crow-attr-text/src/main/kotlin/com/crow/attr/text/IAttrText.kt","tags":{"FILE_LINE_OF_CODE":"276"}}
{"ts":1708503714365,"action":"FILE_CLOSED","file":"/crow-attr-text/src/main/kotlin/com/crow/attr/text/IAttrText.kt","tags":{"FILE_LINE_OF_CODE":"276"}}
{"ts":1708503714365,"action":"FILE_OPENED","file":"/app/src/main/res/layout/activity_main.xml","tags":{"FILE_LINE_OF_CODE":"51"}}
{"ts":1708503716449,"action":"FILE_CLOSED","file":"/app/src/main/res/layout/activity_main.xml","tags":{"FILE_LINE_OF_CODE":"51"}}
{"ts":1708503716449,"action":"FILE_OPENED","file":"/crow-attr-text/src/main/kotlin/com/crow/attr/text/AttrTextLayout.kt","tags":{"FILE_LINE_OF_CODE":"1892"}}
{"ts":1708503720723,"action":"IDE_DEACTIVATED"}
{"ts":1708503725726,"action":"IDE_ACTIVATED"}
{"ts":1708503770907,"action":"IDE_DEACTIVATED"}
{"ts":1708503771687,"action":"IDE_ACTIVATED"}
{"ts":1708503773169,"action":"IDE_DEACTIVATED"}
{"ts":1708503773965,"action":"IDE_ACTIVATED"}
{"ts":1708504198140,"action":"IDE_DEACTIVATED"}
{"ts":1708504202261,"action":"IDE_ACTIVATED"}
{"ts":1708504341467,"action":"IDE_DEACTIVATED"}
{"ts":1708504345398,"action":"IDE_ACTIVATED"}
{"ts":1708504427006,"action":"IDE_DEACTIVATED"}
{"ts":1708504482176,"action":"IDE_ACTIVATED"}
{"ts":1708504527702,"action":"IDE_DEACTIVATED"}
{"ts":1708504529533,"action":"IDE_ACTIVATED"}
{"ts":1708504656298,"action":"IDE_DEACTIVATED"}
{"ts":1708504870214,"action":"IDE_ACTIVATED"}
{"ts":1708505250572,"action":"IDE_DEACTIVATED"}
{"ts":1708505302822,"action":"IDE_ACTIVATED"}
{"ts":1708505309719,"action":"IDE_DEACTIVATED"}
{"ts":1708505312948,"action":"IDE_ACTIVATED"}
{"ts":1708505333215,"action":"IDE_DEACTIVATED"}
{"ts":1708505334239,"action":"IDE_ACTIVATED"}
{"ts":1708505335284,"action":"IDE_DEACTIVATED"}
{"ts":1708505338483,"action":"IDE_ACTIVATED"}
{"ts":1708505339268,"action":"IDE_DEACTIVATED"}
{"ts":1708505344021,"action":"IDE_ACTIVATED"}
{"ts":1708505558137,"action":"IDE_DEACTIVATED"}
{"ts":1708505560282,"action":"IDE_ACTIVATED"}
{"ts":1708505560956,"action":"IDE_DEACTIVATED"}
{"ts":1708505593772,"action":"IDE_ACTIVATED"}
{"ts":1708505595860,"action":"IDE_DEACTIVATED"}
{"ts":1708505977437,"action":"IDE_ACTIVATED"}
{"ts":1708505978464,"action":"IDE_DEACTIVATED"}
{"ts":1708505982113,"action":"IDE_ACTIVATED"}
{"ts":1708505990308,"action":"IDE_DEACTIVATED"}
{"ts":1708506012866,"action":"IDE_ACTIVATED"}
{"ts":1708506014117,"action":"IDE_DEACTIVATED"}
{"ts":1708506076185,"action":"IDE_ACTIVATED"}
{"ts":1708506081062,"action":"IDE_DEACTIVATED"}
{"ts":1708506441252,"action":"IDE_ACTIVATED"}
{"ts":1708506443926,"action":"IDE_DEACTIVATED"}
{"ts":1708506446348,"action":"IDE_ACTIVATED"}
{"ts":1708506447244,"action":"IDE_DEACTIVATED"}
{"ts":1708506448574,"action":"IDE_ACTIVATED"}
{"ts":1708506449053,"action":"IDE_DEACTIVATED"}
{"ts":1708506456679,"action":"IDE_ACTIVATED"}
{"ts":1708506457332,"action":"IDE_DEACTIVATED"}
{"ts":1708506493287,"action":"IDE_ACTIVATED"}
{"ts":1708506493349,"action":"IDE_DEACTIVATED"}
{"ts":1708506514653,"action":"IDE_ACTIVATED"}
{"ts":1708506514698,"action":"IDE_DEACTIVATED"}
{"ts":1708506539877,"action":"IDE_ACTIVATED"}
{"ts":1708506539929,"action":"IDE_DEACTIVATED"}
{"ts":1708506568498,"action":"IDE_ACTIVATED"}
{"ts":1708506568558,"action":"IDE_DEACTIVATED"}
{"ts":1708506588223,"action":"IDE_ACTIVATED"}
{"ts":1708506590733,"action":"FILE_CLOSED","file":"/crow-attr-text/src/main/kotlin/com/crow/attr/text/AttrTextLayout.kt","tags":{"FILE_LINE_OF_CODE":"1904"}}
{"ts":1708506590733,"action":"FILE_OPENED","file":"/app/src/main/kotlin/com/crow/attrtextlayout/MainActivity.kt","tags":{"FILE_LINE_OF_CODE":"107"}}
{"ts":1708506603228,"action":"IDE_DEACTIVATED"}
{"ts":1708506605361,"action":"IDE_ACTIVATED"}
{"ts":1708506607570,"action":"IDE_DEACTIVATED"}
{"ts":1708506659462,"action":"IDE_ACTIVATED"}
{"ts":1708506659963,"action":"IDE_DEACTIVATED"}
{"ts":1708512100380,"action":"IDE_ACTIVATED"}
{"ts":1708512101216,"action":"IDE_DEACTIVATED"}
{"ts":1708512101939,"action":"IDE_ACTIVATED"}
{"ts":1708512102216,"action":"IDE_DEACTIVATED"}
{"ts":1708512103308,"action":"IDE_ACTIVATED"}
{"ts":1708512103665,"action":"IDE_DEACTIVATED"}
{"ts":1708513564361,"action":"IDE_ACTIVATED"}
{"ts":1708513566514,"action":"IDE_DEACTIVATED"}
{"ts":1708513671936,"action":"IDE_ACTIVATED"}
{"ts":1708513672895,"action":"IDE_DEACTIVATED"}
{"ts":1708513678094,"action":"IDE_ACTIVATED"}
{"ts":1708513678656,"action":"IDE_DEACTIVATED"}
{"ts":1708514165276,"action":"IDE_ACTIVATED"}
{"ts":1708514167466,"action":"FILE_CLOSED","file":"/app/src/main/kotlin/com/crow/attrtextlayout/MainActivity.kt","tags":{"FILE_LINE_OF_CODE":"107"}}
{"ts":1708514167466,"action":"FILE_OPENED","file":"/crow-attr-text/src/main/kotlin/com/crow/attr/text/AttrTextLayout.kt","tags":{"FILE_LINE_OF_CODE":"1904"}}
{"ts":1708514172519,"action":"FILE_CLOSED","file":"/crow-attr-text/src/main/kotlin/com/crow/attr/text/AttrTextLayout.kt","tags":{"FILE_LINE_OF_CODE":"1904"}}
{"ts":1708514172519,"action":"FILE_OPENED","file":"/crow-attr-text/src/main/kotlin/com/crow/attr/text/AttrTextView.kt","tags":{"FILE_LINE_OF_CODE":"781"}}
{"ts":1708514173525,"action":"FILE_CLOSED","file":"/crow-attr-text/src/main/kotlin/com/crow/attr/text/AttrTextView.kt","tags":{"FILE_LINE_OF_CODE":"781"}}
{"ts":1708514173525,"action":"FILE_OPENED","file":"/app/src/main/kotlin/com/crow/attrtextlayout/MainActivity.kt","tags":{"FILE_LINE_OF_CODE":"107"}}
{"ts":1708514174102,"action":"FILE_CLOSED","file":"/app/src/main/kotlin/com/crow/attrtextlayout/MainActivity.kt","tags":{"FILE_LINE_OF_CODE":"107"}}
{"ts":1708514174102,"action":"FILE_OPENED","file":"/crow-attr-text/src/main/kotlin/com/crow/attr/text/AttrTextExt.kt","tags":{"FILE_LINE_OF_CODE":"101"}}
{"ts":1708514175261,"action":"FILE_CLOSED","file":"/crow-attr-text/src/main/kotlin/com/crow/attr/text/AttrTextExt.kt","tags":{"FILE_LINE_OF_CODE":"101"}}
{"ts":1708514175261,"action":"FILE_OPENED","file":"/crow-attr-text/src/main/kotlin/com/crow/attr/text/IAttrText.kt","tags":{"FILE_LINE_OF_CODE":"276"}}
{"ts":1708514182592,"action":"FILE_CLOSED","file":"/crow-attr-text/src/main/kotlin/com/crow/attr/text/IAttrText.kt","tags":{"FILE_LINE_OF_CODE":"276"}}
{"ts":1708514182592,"action":"FILE_OPENED","file":"/app/src/main/res/layout/activity_main.xml","tags":{"FILE_LINE_OF_CODE":"51"}}
{"ts":1708514191217,"action":"FILE_CLOSED","file":"/app/src/main/res/layout/activity_main.xml","tags":{"FILE_LINE_OF_CODE":"51"}}
{"ts":1708514191217,"action":"FILE_OPENED","file":"/README.md","tags":{"FILE_LINE_OF_CODE":"254"}}
{"ts":1708514350646,"action":"IDE_DEACTIVATED"}
{"ts":1708514539572,"action":"IDE_ACTIVATED"}
{"ts":1708514548696,"action":"IDE_DEACTIVATED"}
{"ts":1708514569252,"action":"IDE_ACTIVATED"}
{"ts":1708514579489,"action":"IDE_DEACTIVATED"}
{"ts":1708514599713,"action":"IDE_ACTIVATED"}
{"ts":1708514601559,"action":"FILE_CLOSED","file":"/README.md","tags":{"FILE_LINE_OF_CODE":"255"}}
{"ts":1708514601559,"action":"FILE_OPENED","file":"/crow-attr-text/src/main/kotlin/com/crow/attr/text/AttrTextLayout.kt","tags":{"FILE_LINE_OF_CODE":"1904"}}
{"ts":1708514647399,"action":"IDE_DEACTIVATED"}
{"ts":1708514653908,"action":"IDE_ACTIVATED"}
{"ts":1708514656482,"action":"PROJECT_CLOSED","tags":{"PROJECT_NAME":"AttrTextLayout"}}
{"ts":1708565608634,"action":"FILE_OPENED","file":"/crow-attr-text/src/main/kotlin/com/crow/attr/text/AttrTextLayout.kt","tags":{"FILE_LINE_OF_CODE":"1904"}}
{"ts":1708565609027,"action":"PROJECT_OPENED","tags":{"PROJECT_NAME":"AttrTextLayout"}}
{"ts":1708565706566,"action":"IDE_DEACTIVATED"}
{"ts":1708565840087,"action":"IDE_ACTIVATED"}
{"ts":1708565842201,"action":"FILE_CLOSED","file":"/crow-attr-text/src/main/kotlin/com/crow/attr/text/AttrTextLayout.kt","tags":{"FILE_LINE_OF_CODE":"1904"}}
{"ts":1708565842201,"action":"FILE_OPENED","file":"/app/src/main/kotlin/com/crow/attrtextlayout/MainActivity.kt","tags":{"FILE_LINE_OF_CODE":"107"}}
{"ts":1708565886029,"action":"FILE_CLOSED","file":"/app/src/main/kotlin/com/crow/attrtextlayout/MainActivity.kt","tags":{"FILE_LINE_OF_CODE":"107"}}
{"ts":1708565886029,"action":"FILE_OPENED","file":"/app/src/main/res/layout/activity_main.xml","tags":{"FILE_LINE_OF_CODE":"51"}}
{"ts":1708565936681,"action":"FILE_CLOSED","file":"/app/src/main/res/layout/activity_main.xml","tags":{"FILE_LINE_OF_CODE":"51"}}
{"ts":1708565936681,"action":"FILE_OPENED","file":"/crow-attr-text/src/main/kotlin/com/crow/attr/text/AttrTextLayout.kt","tags":{"FILE_LINE_OF_CODE":"1904"}}
{"ts":1708566298643,"action":"IDE_DEACTIVATED"}
{"ts":1708566315769,"action":"IDE_ACTIVATED"}
{"ts":1708566317815,"action":"IDE_DEACTIVATED"}
{"ts":1708566323567,"action":"IDE_ACTIVATED"}
{"ts":1708566553120,"action":"FILE_CLOSED","file":"/crow-attr-text/src/main/kotlin/com/crow/attr/text/AttrTextLayout.kt","tags":{"FILE_LINE_OF_CODE":"1906"}}
{"ts":1708566553120,"action":"FILE_OPENED","file":"/crow-attr-text/src/main/kotlin/com/crow/attr/text/IAttrText.kt","tags":{"FILE_LINE_OF_CODE":"276"}}
{"ts":1708567106421,"action":"IDE_DEACTIVATED"}
{"ts":1708567109829,"action":"IDE_ACTIVATED"}
{"ts":1708567257117,"action":"FILE_CLOSED","file":"/crow-attr-text/src/main/kotlin/com/crow/attr/text/IAttrText.kt","tags":{"FILE_LINE_OF_CODE":"276"}}
{"ts":1708567257117,"action":"FILE_OPENED","file":"/crow-attr-text/src/main/kotlin/com/crow/attr/text/AttrTextLayout.kt","tags":{"FILE_LINE_OF_CODE":"1906"}}
{"ts":1708567739083,"action":"IDE_DEACTIVATED"}
{"ts":1708567793738,"action":"IDE_ACTIVATED"}
{"ts":1708567827420,"action":"IDE_DEACTIVATED"}
{"ts":1708567850089,"action":"IDE_ACTIVATED"}
{"ts":1708567852141,"action":"IDE_DEACTIVATED"}
{"ts":1708571628240,"action":"IDE_ACTIVATED"}
{"ts":1708571633962,"action":"FILE_CLOSED","file":"/crow-attr-text/src/main/kotlin/com/crow/attr/text/AttrTextLayout.kt","tags":{"FILE_LINE_OF_CODE":"1903"}}
{"ts":1708571633962,"action":"FILE_OPENED","file":"/app/src/main/res/layout/activity_main.xml","tags":{"FILE_LINE_OF_CODE":"51"}}
{"ts":1708571687032,"action":"FILE_CLOSED","file":"/app/src/main/res/layout/activity_main.xml","tags":{"FILE_LINE_OF_CODE":"52"}}
{"ts":1708571687032,"action":"FILE_OPENED","file":"/crow-attr-text/src/main/kotlin/com/crow/attr/text/AttrTextLayout.kt","tags":{"FILE_LINE_OF_CODE":"1903"}}
{"ts":1708571688251,"action":"FILE_CLOSED","file":"/crow-attr-text/src/main/kotlin/com/crow/attr/text/AttrTextLayout.kt","tags":{"FILE_LINE_OF_CODE":"1903"}}
{"ts":1708571688251,"action":"FILE_OPENED","file":"/app/src/main/kotlin/com/crow/attrtextlayout/MainActivity.kt","tags":{"FILE_LINE_OF_CODE":"107"}}
{"ts":1708571697213,"action":"FILE_CLOSED","file":"/app/src/main/kotlin/com/crow/attrtextlayout/MainActivity.kt","tags":{"FILE_LINE_OF_CODE":"107"}}
{"ts":1708571697213,"action":"FILE_OPENED","file":"/app/src/main/res/layout/activity_main.xml","tags":{"FILE_LINE_OF_CODE":"52"}}
{"ts":1708571697602,"action":"FILE_CLOSED","file":"/app/src/main/res/layout/activity_main.xml","tags":{"FILE_LINE_OF_CODE":"52"}}
{"ts":1708571697602,"action":"FILE_OPENED","file":"/crow-attr-text/src/main/kotlin/com/crow/attr/text/AttrTextLayout.kt","tags":{"FILE_LINE_OF_CODE":"1903"}}
{"ts":1708571698801,"action":"FILE_CLOSED","file":"/crow-attr-text/src/main/kotlin/com/crow/attr/text/AttrTextLayout.kt","tags":{"FILE_LINE_OF_CODE":"1903"}}
{"ts":1708571698801,"action":"FILE_OPENED","file":"/app/src/main/res/layout/activity_main.xml","tags":{"FILE_LINE_OF_CODE":"52"}}
{"ts":1708571771624,"action":"IDE_DEACTIVATED"}
{"ts":1708571791773,"action":"IDE_ACTIVATED"}
{"ts":1708571792070,"action":"IDE_DEACTIVATED"}
{"ts":1708571835789,"action":"IDE_ACTIVATED"}
{"ts":1708571836670,"action":"IDE_DEACTIVATED"}
{"ts":1708572363805,"action":"IDE_ACTIVATED"}
{"ts":1708572369236,"action":"FILE_CLOSED","file":"/app/src/main/res/layout/activity_main.xml","tags":{"FILE_LINE_OF_CODE":"53"}}
{"ts":1708572369236,"action":"FILE_OPENED","file":"/crow-attr-text/src/main/kotlin/com/crow/attr/text/AttrTextLayout.kt","tags":{"FILE_LINE_OF_CODE":"1903"}}
{"ts":1708572405155,"action":"IDE_DEACTIVATED"}
{"ts":1708572482244,"action":"IDE_ACTIVATED"}
{"ts":1708572510935,"action":"IDE_DEACTIVATED"}
{"ts":1708572968788,"action":"IDE_ACTIVATED"}
{"ts":1708572980849,"action":"IDE_DEACTIVATED"}
{"ts":1708573568619,"action":"IDE_ACTIVATED"}
{"ts":1708573589212,"action":"IDE_DEACTIVATED"}
{"ts":1708573892475,"action":"IDE_ACTIVATED"}
{"ts":1708573897526,"action":"IDE_DEACTIVATED"}
{"ts":1708579499713,"action":"IDE_ACTIVATED"}
{"ts":1708579506614,"action":"IDE_DEACTIVATED"}
{"ts":1708579563349,"action":"IDE_ACTIVATED"}
{"ts":1708579779924,"action":"IDE_DEACTIVATED"}
{"ts":1708579783676,"action":"IDE_ACTIVATED"}
{"ts":1708579839837,"action":"IDE_DEACTIVATED"}
{"ts":1708579878929,"action":"IDE_ACTIVATED"}
{"ts":1708579889152,"action":"IDE_DEACTIVATED"}
{"ts":1708579889154,"action":"IDE_ACTIVATED"}
{"ts":1708580023063,"action":"IDE_DEACTIVATED"}
{"ts":1708580023718,"action":"IDE_ACTIVATED"}
{"ts":1708580023843,"action":"IDE_DEACTIVATED"}
{"ts":1708580023979,"action":"IDE_ACTIVATED"}
{"ts":1708580025127,"action":"IDE_DEACTIVATED"}
{"ts":1708580025181,"action":"IDE_ACTIVATED"}
{"ts":1708580026537,"action":"IDE_DEACTIVATED"}
{"ts":1708580028609,"action":"IDE_ACTIVATED"}
{"ts":1708580028619,"action":"IDE_DEACTIVATED"}
{"ts":1708580031880,"action":"IDE_ACTIVATED"}
{"ts":1708580036230,"action":"IDE_DEACTIVATED"}
{"ts":1708580036373,"action":"IDE_ACTIVATED"}
{"ts":1708580058187,"action":"IDE_DEACTIVATED"}
{"ts":1708580064845,"action":"IDE_ACTIVATED"}
{"ts":1708580065927,"action":"IDE_DEACTIVATED"}
{"ts":1708580091368,"action":"IDE_ACTIVATED"}
{"ts":1708580344056,"action":"IDE_DEACTIVATED"}
{"ts":1708580345928,"action":"IDE_ACTIVATED"}
{"ts":1708580347728,"action":"IDE_DEACTIVATED"}
{"ts":1708580349074,"action":"IDE_ACTIVATED"}
{"ts":1708580350056,"action":"IDE_DEACTIVATED"}
{"ts":1708580509408,"action":"IDE_ACTIVATED"}
{"ts":1708580511198,"action":"IDE_DEACTIVATED"}
{"ts":1708580551022,"action":"IDE_ACTIVATED"}
{"ts":1708580560671,"action":"FILE_CLOSED","file":"/crow-attr-text/src/main/kotlin/com/crow/attr/text/AttrTextLayout.kt","tags":{"FILE_LINE_OF_CODE":"1903"}}
{"ts":1708580560671,"action":"FILE_OPENED","file":"/crow-attr-text/src/main/kotlin/com/crow/attr/text/AttrTextView.kt","tags":{"FILE_LINE_OF_CODE":"781"}}
{"ts":1708580563127,"action":"IDE_DEACTIVATED"}
{"ts":1708580571005,"action":"IDE_ACTIVATED"}
{"ts":1708580572447,"action":"IDE_DEACTIVATED"}
{"ts":1708580573880,"action":"IDE_ACTIVATED"}
{"ts":1708580577327,"action":"IDE_DEACTIVATED"}
{"ts":1708580581098,"action":"IDE_ACTIVATED"}
{"ts":1708580581468,"action":"IDE_DEACTIVATED"}
{"ts":1708580584352,"action":"IDE_ACTIVATED"}
{"ts":1708580584919,"action":"IDE_DEACTIVATED"}
{"ts":1708580587342,"action":"IDE_ACTIVATED"}
{"ts":1708580587930,"action":"IDE_DEACTIVATED"}
{"ts":1708580766027,"action":"IDE_ACTIVATED"}
{"ts":1708580766486,"action":"IDE_DEACTIVATED"}
{"ts":1708582092818,"action":"IDE_ACTIVATED"}
{"ts":1708582129047,"action":"IDE_DEACTIVATED"}
{"ts":1708582135974,"action":"IDE_ACTIVATED"}
{"ts":1708582200943,"action":"IDE_DEACTIVATED"}
{"ts":1708582203371,"action":"IDE_ACTIVATED"}
{"ts":1708582216887,"action":"IDE_DEACTIVATED"}
{"ts":1708582221696,"action":"IDE_ACTIVATED"}
{"ts":1708582223334,"action":"IDE_DEACTIVATED"}
{"ts":1708582225158,"action":"IDE_ACTIVATED"}
{"ts":1708582226961,"action":"IDE_DEACTIVATED"}
{"ts":1708582227707,"action":"IDE_ACTIVATED"}
{"ts":1708582228111,"action":"IDE_DEACTIVATED"}
{"ts":1708582231666,"action":"IDE_ACTIVATED"}
{"ts":1708582275167,"action":"IDE_DEACTIVATED"}
{"ts":1708582371467,"action":"IDE_ACTIVATED"}
{"ts":1708582376317,"action":"IDE_DEACTIVATED"}
{"ts":1708582376319,"action":"IDE_ACTIVATED"}
{"ts":1708582376320,"action":"IDE_DEACTIVATED"}
{"ts":1708582376322,"action":"IDE_ACTIVATED"}
{"ts":1708582394511,"action":"FILE_CLOSED","file":"/crow-attr-text/src/main/kotlin/com/crow/attr/text/AttrTextView.kt","tags":{"FILE_LINE_OF_CODE":"781"}}
{"ts":1708582394511,"action":"FILE_OPENED","file":"/crow-attr-text/src/main/kotlin/com/crow/attr/text/AttrTextLayout.kt","tags":{"FILE_LINE_OF_CODE":"1903"}}
{"ts":1708582424014,"action":"IDE_DEACTIVATED"}
{"ts":1708582425968,"action":"IDE_ACTIVATED"}
{"ts":1708582428492,"action":"IDE_DEACTIVATED"}
{"ts":1708582436459,"action":"IDE_ACTIVATED"}
{"ts":1708582439435,"action":"IDE_DEACTIVATED"}
{"ts":1708582451535,"action":"IDE_ACTIVATED"}
{"ts":1708582451912,"action":"IDE_DEACTIVATED"}
{"ts":1708582993827,"action":"IDE_ACTIVATED"}
{"ts":1708582995029,"action":"IDE_DEACTIVATED"}
{"ts":1708583770708,"action":"IDE_ACTIVATED"}
{"ts":1708583771365,"action":"IDE_DEACTIVATED"}
{"ts":1708583771480,"action":"IDE_ACTIVATED"}
{"ts":1708583775508,"action":"FILE_CLOSED","file":"/crow-attr-text/src/main/kotlin/com/crow/attr/text/AttrTextLayout.kt","tags":{"FILE_LINE_OF_CODE":"1903"}}
{"ts":1708583775508,"action":"FILE_OPENED","file":"/app/src/main/res/layout/activity_main.xml","tags":{"FILE_LINE_OF_CODE":"53"}}
{"ts":1708583783087,"action":"FILE_CLOSED","file":"/app/src/main/res/layout/activity_main.xml","tags":{"FILE_LINE_OF_CODE":"53"}}
{"ts":1708583783087,"action":"FILE_OPENED","file":"/crow-attr-text/src/main/kotlin/com/crow/attr/text/AttrTextLayout.kt","tags":{"FILE_LINE_OF_CODE":"1903"}}
{"ts":1708583810197,"action":"IDE_DEACTIVATED"}
{"ts":1708583877007,"action":"IDE_ACTIVATED"}
{"ts":1708583877958,"action":"IDE_DEACTIVATED"}
{"ts":1708583878460,"action":"IDE_ACTIVATED"}
{"ts":1708583883526,"action":"IDE_DEACTIVATED"}
{"ts":1708583883624,"action":"IDE_ACTIVATED"}
{"ts":1708583884111,"action":"IDE_DEACTIVATED"}
{"ts":1708583915013,"action":"IDE_ACTIVATED"}
{"ts":1708583916903,"action":"IDE_DEACTIVATED"}
{"ts":1708583929274,"action":"IDE_ACTIVATED"}
{"ts":1708583932664,"action":"FILE_CLOSED","file":"/crow-attr-text/src/main/kotlin/com/crow/attr/text/AttrTextLayout.kt","tags":{"FILE_LINE_OF_CODE":"1903"}}
{"ts":1708583932664,"action":"FILE_OPENED","file":"/app/src/main/res/layout/activity_main.xml","tags":{"FILE_LINE_OF_CODE":"53"}}
{"ts":1708583933453,"action":"FILE_CLOSED","file":"/app/src/main/res/layout/activity_main.xml","tags":{"FILE_LINE_OF_CODE":"53"}}
{"ts":1708583933453,"action":"FILE_OPENED","file":"/crow-attr-text/src/main/kotlin/com/crow/attr/text/AttrTextLayout.kt","tags":{"FILE_LINE_OF_CODE":"1903"}}
{"ts":1708583949196,"action":"FILE_CLOSED","file":"/crow-attr-text/src/main/kotlin/com/crow/attr/text/AttrTextLayout.kt","tags":{"FILE_LINE_OF_CODE":"1903"}}
{"ts":1708583949196,"action":"FILE_OPENED","file":"/app/src/main/res/layout/activity_main.xml","tags":{"FILE_LINE_OF_CODE":"53"}}
{"ts":1708583953449,"action":"FILE_CLOSED","file":"/app/src/main/res/layout/activity_main.xml","tags":{"FILE_LINE_OF_CODE":"53"}}
{"ts":1708583953449,"action":"FILE_OPENED","file":"/crow-attr-text/src/main/kotlin/com/crow/attr/text/AttrTextLayout.kt","tags":{"FILE_LINE_OF_CODE":"1903"}}
{"ts":1708583991630,"action":"IDE_DEACTIVATED"}
{"ts":1708584066748,"action":"IDE_ACTIVATED"}
{"ts":1708584067421,"action":"IDE_DEACTIVATED"}
{"ts":1708584067541,"action":"IDE_ACTIVATED"}
{"ts":1708584068287,"action":"IDE_DEACTIVATED"}
{"ts":1708584070791,"action":"IDE_ACTIVATED"}
{"ts":1708584073124,"action":"IDE_DEACTIVATED"}
{"ts":1708586350743,"action":"IDE_ACTIVATED"}
{"ts":1708586351111,"action":"IDE_DEACTIVATED"}
{"ts":1708590534261,"action":"IDE_ACTIVATED"}
{"ts":1708590537385,"action":"IDE_DEACTIVATED"}
{"ts":1708594675194,"action":"IDE_ACTIVATED"}
{"ts":1708594681595,"action":"IDE_DEACTIVATED"}
{"ts":1708594681686,"action":"IDE_ACTIVATED"}
{"ts":1708594714129,"action":"FILE_CLOSED","file":"/crow-attr-text/src/main/kotlin/com/crow/attr/text/AttrTextLayout.kt","tags":{"FILE_LINE_OF_CODE":"1903"}}
{"ts":1708594714129,"action":"FILE_OPENED","file":"/app/src/main/kotlin/com/crow/attrtextlayout/Main.kt","tags":{"FILE_LINE_OF_CODE":"13"}}
{"ts":1708594716054,"action":"IDE_DEACTIVATED"}
{"ts":1708594716056,"action":"IDE_ACTIVATED"}
{"ts":1708594720844,"action":"IDE_DEACTIVATED"}
{"ts":1708594720908,"action":"IDE_ACTIVATED"}
{"ts":1708594724014,"action":"IDE_DEACTIVATED"}
{"ts":1708594724017,"action":"IDE_ACTIVATED"}
{"ts":1708594728821,"action":"IDE_DEACTIVATED"}
{"ts":1708594728921,"action":"IDE_ACTIVATED"}
{"ts":1708594763354,"action":"IDE_DEACTIVATED"}
{"ts":1708594833766,"action":"IDE_ACTIVATED"}
{"ts":1708594858264,"action":"IDE_DEACTIVATED"}
{"ts":1708594862531,"action":"IDE_ACTIVATED"}
{"ts":1708594863685,"action":"IDE_DEACTIVATED"}
{"ts":1708594866475,"action":"IDE_ACTIVATED"}
{"ts":1708594868375,"action":"IDE_DEACTIVATED"}
{"ts":1708595621535,"action":"IDE_ACTIVATED"}
{"ts":1708595622091,"action":"IDE_DEACTIVATED"}
{"ts":1708595622230,"action":"IDE_ACTIVATED"}
{"ts":1708595622867,"action":"IDE_DEACTIVATED"}
{"ts":1708595646543,"action":"IDE_ACTIVATED"}
{"ts":1708595692099,"action":"IDE_DEACTIVATED"}
{"ts":1708595722713,"action":"IDE_ACTIVATED"}
{"ts":1708595730595,"action":"IDE_DEACTIVATED"}
{"ts":1708595731992,"action":"IDE_ACTIVATED"}
{"ts":1708595732253,"action":"IDE_DEACTIVATED"}
{"ts":1708595733846,"action":"IDE_ACTIVATED"}
{"ts":1708595737468,"action":"IDE_DEACTIVATED"}
{"ts":1708595740233,"action":"IDE_ACTIVATED"}
{"ts":1708595740564,"action":"IDE_DEACTIVATED"}
{"ts":1708595844605,"action":"IDE_ACTIVATED"}
{"ts":1708595891748,"action":"IDE_DEACTIVATED"}
{"ts":1708595899948,"action":"IDE_ACTIVATED"}
{"ts":1708595904201,"action":"IDE_DEACTIVATED"}
{"ts":1708595920546,"action":"IDE_ACTIVATED"}
{"ts":1708595921635,"action":"IDE_DEACTIVATED"}
{"ts":1708595921744,"action":"IDE_ACTIVATED"}
{"ts":1708595929434,"action":"FILE_CLOSED","file":"/app/src/main/kotlin/com/crow/attrtextlayout/Main.kt","tags":{"FILE_LINE_OF_CODE":"30"}}
{"ts":1708595929434,"action":"FILE_OPENED","file":"/gradle/app.versions.toml","tags":{"FILE_LINE_OF_CODE":"262"}}
{"ts":1708595930247,"action":"FILE_CLOSED","file":"/gradle/app.versions.toml","tags":{"FILE_LINE_OF_CODE":"262"}}
{"ts":1708595930247,"action":"FILE_OPENED","file":"/gradle/compose.versions.toml","tags":{"FILE_LINE_OF_CODE":"38"}}
{"ts":1708595931100,"action":"IDE_DEACTIVATED"}
{"ts":1708595931199,"action":"IDE_ACTIVATED"}
{"ts":1708595931995,"action":"IDE_DEACTIVATED"}
{"ts":1708595932099,"action":"IDE_ACTIVATED"}
{"ts":1708595932762,"action":"IDE_DEACTIVATED"}
{"ts":1708595944216,"action":"IDE_ACTIVATED"}
{"ts":1708595945853,"action":"FILE_CLOSED","file":"/gradle/compose.versions.toml","tags":{"FILE_LINE_OF_CODE":"38"}}
{"ts":1708595945853,"action":"FILE_OPENED","file":"/gradle/libs.versions.toml","tags":{"FILE_LINE_OF_CODE":"125"}}
{"ts":1708595954539,"action":"FILE_CLOSED","file":"/gradle/libs.versions.toml","tags":{"FILE_LINE_OF_CODE":"125"}}
{"ts":1708595954539,"action":"FILE_OPENED","file":"/gradle/compose.versions.toml","tags":{"FILE_LINE_OF_CODE":"38"}}
{"ts":1708595955092,"action":"FILE_CLOSED","file":"/gradle/compose.versions.toml","tags":{"FILE_LINE_OF_CODE":"38"}}
{"ts":1708595955092,"action":"FILE_OPENED","file":"/gradle/libs.versions.toml","tags":{"FILE_LINE_OF_CODE":"125"}}
{"ts":1708595956394,"action":"FILE_CLOSED","file":"/gradle/libs.versions.toml","tags":{"FILE_LINE_OF_CODE":"125"}}
{"ts":1708595956394,"action":"FILE_OPENED","file":"/gradle/app.versions.toml","tags":{"FILE_LINE_OF_CODE":"262"}}
{"ts":1708595960001,"action":"IDE_DEACTIVATED"}
{"ts":1708595963055,"action":"IDE_ACTIVATED"}
{"ts":1708595965434,"action":"IDE_DEACTIVATED"}
{"ts":1708595998542,"action":"IDE_ACTIVATED"}
{"ts":1708595998960,"action":"FILE_CLOSED","file":"/gradle/app.versions.toml","tags":{"FILE_LINE_OF_CODE":"262"}}
{"ts":1708595998960,"action":"FILE_OPENED","file":"/gradle/compose.versions.toml","tags":{"FILE_LINE_OF_CODE":"38"}}
{"ts":1708596002476,"action":"IDE_DEACTIVATED"}
{"ts":1708596004701,"action":"IDE_ACTIVATED"}
{"ts":1708596007464,"action":"FILE_CLOSED","file":"/gradle/compose.versions.toml","tags":{"FILE_LINE_OF_CODE":"38"}}
{"ts":1708596007464,"action":"FILE_OPENED","file":"/app/src/main/kotlin/com/crow/attrtextlayout/Main.kt","tags":{"FILE_LINE_OF_CODE":"30"}}
{"ts":1708596014408,"action":"IDE_DEACTIVATED"}
{"ts":1708596016141,"action":"IDE_ACTIVATED"}
{"ts":1708596056219,"action":"IDE_DEACTIVATED"}
{"ts":1708596084022,"action":"IDE_ACTIVATED"}
{"ts":1708596088875,"action":"IDE_DEACTIVATED"}
{"ts":1708596088962,"action":"IDE_ACTIVATED"}
{"ts":1708596089404,"action":"IDE_DEACTIVATED"}
{"ts":1708596096127,"action":"IDE_ACTIVATED"}
{"ts":1708596099033,"action":"IDE_DEACTIVATED"}
{"ts":1708596112298,"action":"IDE_ACTIVATED"}
{"ts":1708596126203,"action":"IDE_DEACTIVATED"}
{"ts":1708596129795,"action":"IDE_ACTIVATED"}
{"ts":1708596199022,"action":"FILE_CLOSED","file":"/app/src/main/kotlin/com/crow/attrtextlayout/Main.kt","tags":{"FILE_LINE_OF_CODE":"30"}}
{"ts":1708596199022,"action":"FILE_OPENED","file":"/settings.gradle.kts","tags":{"FILE_LINE_OF_CODE":"34"}}
{"ts":1708596204940,"action":"IDE_DEACTIVATED"}
{"ts":1708596204982,"action":"IDE_ACTIVATED"}
{"ts":1708596244025,"action":"IDE_DEACTIVATED"}
{"ts":1708596244042,"action":"IDE_ACTIVATED"}
{"ts":1708596252463,"action":"IDE_DEACTIVATED"}
{"ts":1708596252507,"action":"IDE_ACTIVATED"}
{"ts":1708596254641,"action":"IDE_DEACTIVATED"}
{"ts":1708596254716,"action":"IDE_ACTIVATED"}
{"ts":1708596255260,"action":"IDE_DEACTIVATED"}
{"ts":1708596255317,"action":"IDE_ACTIVATED"}
{"ts":1708596267577,"action":"IDE_DEACTIVATED"}
{"ts":1708596267656,"action":"IDE_ACTIVATED"}
{"ts":1708596270566,"action":"IDE_DEACTIVATED"}
{"ts":1708596270673,"action":"IDE_ACTIVATED"}
{"ts":1708596326060,"action":"IDE_DEACTIVATED"}
{"ts":1708596332753,"action":"IDE_ACTIVATED"}
{"ts":1708596354500,"action":"IDE_DEACTIVATED"}
{"ts":1708596354533,"action":"IDE_ACTIVATED"}
{"ts":1708596355085,"action":"IDE_DEACTIVATED"}
{"ts":1708596355087,"action":"IDE_ACTIVATED"}
{"ts":1708596358296,"action":"IDE_DEACTIVATED"}
{"ts":1708596362274,"action":"IDE_ACTIVATED"}
{"ts":1708596362981,"action":"IDE_DEACTIVATED"}
{"ts":1708596363611,"action":"IDE_ACTIVATED"}
{"ts":1708596365020,"action":"FILE_CLOSED","file":"/settings.gradle.kts","tags":{"FILE_LINE_OF_CODE":"33"}}
{"ts":1708596365021,"action":"FILE_OPENED","file":"/gradle/libs.versions.toml","tags":{"FILE_LINE_OF_CODE":"125"}}
{"ts":1708596374205,"action":"IDE_DEACTIVATED"}
{"ts":1708596417676,"action":"IDE_ACTIVATED"}
{"ts":1708596460405,"action":"FILE_CLOSED","file":"/gradle/libs.versions.toml","tags":{"FILE_LINE_OF_CODE":"125"}}
{"ts":1708596460405,"action":"FILE_OPENED","file":"/build.gradle.kts","tags":{"FILE_LINE_OF_CODE":"9"}}
{"ts":1708596466329,"action":"IDE_DEACTIVATED"}
{"ts":1708596466392,"action":"IDE_ACTIVATED"}
{"ts":1708596484632,"action":"IDE_DEACTIVATED"}
{"ts":1708596500411,"action":"IDE_ACTIVATED"}
{"ts":1708596507153,"action":"IDE_DEACTIVATED"}
{"ts":1708596527158,"action":"IDE_ACTIVATED"}
{"ts":1708596543290,"action":"IDE_DEACTIVATED"}
{"ts":1708596550216,"action":"IDE_ACTIVATED"}
{"ts":1708596551932,"action":"IDE_DEACTIVATED"}
{"ts":1708596558464,"action":"IDE_ACTIVATED"}
{"ts":1708596561719,"action":"IDE_DEACTIVATED"}
{"ts":1708596565993,"action":"IDE_ACTIVATED"}
{"ts":1708596568510,"action":"IDE_DEACTIVATED"}
{"ts":1708596611698,"action":"IDE_ACTIVATED"}
{"ts":1708596612427,"action":"FILE_CLOSED","file":"/build.gradle.kts","tags":{"FILE_LINE_OF_CODE":"9"}}
{"ts":1708596612427,"action":"FILE_OPENED","file":"/settings.gradle.kts","tags":{"FILE_LINE_OF_CODE":"33"}}
{"ts":1708596664188,"action":"IDE_DEACTIVATED"}
{"ts":1708596667763,"action":"IDE_ACTIVATED"}
{"ts":1708596668126,"action":"IDE_DEACTIVATED"}
{"ts":1708596669472,"action":"IDE_ACTIVATED"}
{"ts":1708596670659,"action":"IDE_DEACTIVATED"}
{"ts":1708596671519,"action":"IDE_ACTIVATED"}
{"ts":1708596685195,"action":"IDE_DEACTIVATED"}
{"ts":1708596685580,"action":"IDE_ACTIVATED"}
{"ts":1708596707034,"action":"IDE_DEACTIVATED"}
{"ts":1708596707889,"action":"IDE_ACTIVATED"}
{"ts":1708596737781,"action":"IDE_DEACTIVATED"}
{"ts":1708596740565,"action":"IDE_ACTIVATED"}
{"ts":1708596751911,"action":"IDE_DEACTIVATED"}
{"ts":1708596754049,"action":"IDE_ACTIVATED"}
{"ts":1708596786877,"action":"IDE_DEACTIVATED"}
{"ts":1708596788490,"action":"IDE_ACTIVATED"}
{"ts":1708596807174,"action":"IDE_DEACTIVATED"}
{"ts":1708596808084,"action":"IDE_ACTIVATED"}
{"ts":1708596808420,"action":"IDE_DEACTIVATED"}
{"ts":1708596808535,"action":"IDE_ACTIVATED"}
{"ts":1708596817632,"action":"IDE_DEACTIVATED"}
{"ts":1708596817767,"action":"IDE_ACTIVATED"}
{"ts":1708596821316,"action":"IDE_DEACTIVATED"}
{"ts":1708596821408,"action":"IDE_ACTIVATED"}
{"ts":1708596825809,"action":"FILE_CLOSED","file":"/settings.gradle.kts","tags":{"FILE_LINE_OF_CODE":"43"}}
{"ts":1708596825809,"action":"FILE_OPENED","file":"/gradle.properties","tags":{"FILE_LINE_OF_CODE":"44"}}
{"ts":1708596832883,"action":"FILE_CLOSED","file":"/gradle.properties","tags":{"FILE_LINE_OF_CODE":"44"}}
{"ts":1708596832883,"action":"FILE_OPENED","file":"/local.properties","tags":{"FILE_LINE_OF_CODE":"10"}}
{"ts":1708596837458,"action":"PROJECT_CLOSED","tags":{"PROJECT_NAME":"AttrTextLayout"}}
{"ts":1708597002598,"action":"FILE_OPENED","file":"/local.properties","tags":{"FILE_LINE_OF_CODE":"10"}}
{"ts":1708597002763,"action":"FILE_CLOSED","file":"/local.properties","tags":{"FILE_LINE_OF_CODE":"10"}}
{"ts":1708597002763,"action":"FILE_OPENED","file":"/build.gradle.kts","tags":{"FILE_LINE_OF_CODE":"9"}}
{"ts":1708597002740,"action":"PROJECT_OPENED","tags":{"PROJECT_NAME":"AttrTextLayout"}}
{"ts":1708597003297,"action":"IDE_DEACTIVATED"}
{"ts":1708597003300,"action":"IDE_ACTIVATED"}
{"ts":1708597011910,"action":"IDE_DEACTIVATED"}
{"ts":1708597011999,"action":"IDE_ACTIVATED"}
{"ts":1708597016488,"action":"PROJECT_CLOSED","tags":{"PROJECT_NAME":"AttrTextLayout"}}
{"ts":1708597501311,"action":"FILE_OPENED","file":"/local.properties","tags":{"FILE_LINE_OF_CODE":"10"}}
{"ts":1708597501520,"action":"FILE_CLOSED","file":"/local.properties","tags":{"FILE_LINE_OF_CODE":"10"}}
{"ts":1708597501520,"action":"FILE_OPENED","file":"/build.gradle.kts","tags":{"FILE_LINE_OF_CODE":"9"}}
{"ts":1708597501452,"action":"PROJECT_OPENED","tags":{"PROJECT_NAME":"AttrTextLayout"}}
{"ts":1708597516059,"action":"IDE_DEACTIVATED"}
{"ts":1708597516143,"action":"IDE_ACTIVATED"}
{"ts":1708597516762,"action":"IDE_DEACTIVATED"}
{"ts":1708597516861,"action":"IDE_ACTIVATED"}
{"ts":1708597518025,"action":"IDE_DEACTIVATED"}
{"ts":1708597518132,"action":"IDE_ACTIVATED"}
{"ts":1708597520941,"action":"IDE_DEACTIVATED"}
{"ts":1708597521823,"action":"IDE_ACTIVATED"}
{"ts":1708597522816,"action":"IDE_DEACTIVATED"}
{"ts":1708597522926,"action":"IDE_ACTIVATED"}
{"ts":1708597524617,"action":"IDE_DEACTIVATED"}
{"ts":1708597525000,"action":"IDE_ACTIVATED"}
{"ts":1708597525467,"action":"IDE_DEACTIVATED"}
{"ts":1708597526416,"action":"IDE_ACTIVATED"}
{"ts":1708597527553,"action":"IDE_DEACTIVATED"}
{"ts":1708597546042,"action":"IDE_ACTIVATED"}
{"ts":1708597547619,"action":"IDE_DEACTIVATED"}
{"ts":1708597547700,"action":"IDE_ACTIVATED"}
{"ts":1708597550616,"action":"IDE_DEACTIVATED"}
{"ts":1708597558697,"action":"IDE_ACTIVATED"}
{"ts":1708597560450,"action":"IDE_DEACTIVATED"}
{"ts":1708597560526,"action":"IDE_ACTIVATED"}
{"ts":1708597659639,"action":"PROJECT_OPENED","tags":{"PROJECT_NAME":"AttrTextLayout"}}
{"ts":1708597667738,"action":"IDE_DEACTIVATED"}
{"ts":1708597667839,"action":"IDE_ACTIVATED"}
{"ts":1708597669619,"action":"IDE_DEACTIVATED"}
{"ts":1708597669767,"action":"IDE_ACTIVATED"}
{"ts":1708597680240,"action":"PROJECT_CLOSED","tags":{"PROJECT_NAME":"AttrTextLayout"}}
{"ts":1709280113554,"action":"PROJECT_OPENED","tags":{"PROJECT_NAME":"AttrTextLayout"}}
{"ts":1709280114850,"action":"IDE_DEACTIVATED"}
{"ts":1709280114869,"action":"IDE_ACTIVATED"}
{"ts":1709280115078,"action":"IDE_DEACTIVATED"}
{"ts":1709280120701,"action":"IDE_ACTIVATED"}
{"ts":1709280126705,"action":"FILE_OPENED","file":"/crow-attr-text/src/main/kotlin/com/crow/attr/text/AttrTextLayout.kt","tags":{"FILE_LINE_OF_CODE":"1903"}}
{"ts":1709280130533,"action":"IDE_DEACTIVATED"}
{"ts":1709280134966,"action":"IDE_ACTIVATED"}
{"ts":1709280137010,"action":"IDE_DEACTIVATED"}
{"ts":1709280284551,"action":"IDE_ACTIVATED"}
{"ts":1709280284800,"action":"IDE_DEACTIVATED"}
{"ts":1709280289951,"action":"IDE_ACTIVATED"}
{"ts":1709280290238,"action":"IDE_DEACTIVATED"}
{"ts":1709280390969,"action":"IDE_ACTIVATED"}
{"ts":1709280393021,"action":"IDE_DEACTIVATED"}
{"ts":1709280393136,"action":"IDE_ACTIVATED"}
{"ts":1709280435603,"action":"IDE_DEACTIVATED"}
{"ts":1709280435918,"action":"IDE_ACTIVATED"}
{"ts":1709280435978,"action":"IDE_DEACTIVATED"}
{"ts":1709280436521,"action":"IDE_ACTIVATED"}
{"ts":1709280436583,"action":"IDE_DEACTIVATED"}
{"ts":1709280600982,"action":"IDE_ACTIVATED"}
{"ts":1709280667933,"action":"IDE_DEACTIVATED"}
{"ts":1709280692890,"action":"IDE_ACTIVATED"}
{"ts":1709280927184,"action":"IDE_DEACTIVATED"}
{"ts":1709280927800,"action":"IDE_ACTIVATED"}
{"ts":1709280928623,"action":"IDE_DEACTIVATED"}
{"ts":1709280928940,"action":"IDE_ACTIVATED"}
{"ts":1709280929175,"action":"IDE_DEACTIVATED"}
{"ts":1709280931853,"action":"IDE_ACTIVATED"}
{"ts":1709281017658,"action":"FILE_CLOSED","file":"/crow-attr-text/src/main/kotlin/com/crow/attr/text/AttrTextLayout.kt","tags":{"FILE_LINE_OF_CODE":"1905"}}
{"ts":1709281017658,"action":"FILE_OPENED","file":"/crow-attr-text/src/main/kotlin/com/crow/attr/text/AttrTextFrameConfig.kt","tags":{"FILE_LINE_OF_CODE":"4"}}
{"ts":1709281284205,"action":"FILE_CLOSED","file":"/crow-attr-text/src/main/kotlin/com/crow/attr/text/AttrTextFrameConfig.kt","tags":{"FILE_LINE_OF_CODE":"15"}}
{"ts":1709281284205,"action":"FILE_OPENED","file":"/crow-attr-text/src/main/kotlin/com/crow/attr/text/AttrTextLayout.kt","tags":{"FILE_LINE_OF_CODE":"1905"}}
{"ts":1709281457586,"action":"FILE_CLOSED","file":"/crow-attr-text/src/main/kotlin/com/crow/attr/text/AttrTextLayout.kt","tags":{"FILE_LINE_OF_CODE":"1909"}}
{"ts":1709281457586,"action":"FILE_OPENED","file":"/crow-attr-text/src/main/kotlin/com/crow/attr/text/AttrTextFrameConfig.kt","tags":{"FILE_LINE_OF_CODE":"15"}}
{"ts":1709281488618,"action":"FILE_CLOSED","file":"/crow-attr-text/src/main/kotlin/com/crow/attr/text/AttrTextFrameConfig.kt","tags":{"FILE_LINE_OF_CODE":"21"}}
{"ts":1709281488618,"action":"FILE_OPENED","file":"/crow-attr-text/src/main/kotlin/com/crow/attr/text/AttrTextLayout.kt","tags":{"FILE_LINE_OF_CODE":"1909"}}
{"ts":1709281499388,"action":"FILE_CLOSED","file":"/crow-attr-text/src/main/kotlin/com/crow/attr/text/AttrTextLayout.kt","tags":{"FILE_LINE_OF_CODE":"1909"}}
{"ts":1709281499388,"action":"FILE_OPENED","file":"/crow-attr-text/src/main/kotlin/com/crow/attr/text/AttrTextFrameConfig.kt","tags":{"FILE_LINE_OF_CODE":"21"}}
{"ts":1709281502296,"action":"FILE_CLOSED","file":"/crow-attr-text/src/main/kotlin/com/crow/attr/text/AttrTextFrameConfig.kt","tags":{"FILE_LINE_OF_CODE":"23"}}
{"ts":1709281502296,"action":"FILE_OPENED","file":"/crow-attr-text/src/main/kotlin/com/crow/attr/text/AttrTextLayout.kt","tags":{"FILE_LINE_OF_CODE":"1909"}}
{"ts":1709281506042,"action":"FILE_CLOSED","file":"/crow-attr-text/src/main/kotlin/com/crow/attr/text/AttrTextLayout.kt","tags":{"FILE_LINE_OF_CODE":"1909"}}
{"ts":1709281506042,"action":"FILE_OPENED","file":"/crow-attr-text/src/main/kotlin/com/crow/attr/text/AttrTextFrameConfig.kt","tags":{"FILE_LINE_OF_CODE":"23"}}
{"ts":1709281632499,"action":"FILE_CLOSED","file":"/crow-attr-text/src/main/kotlin/com/crow/attr/text/AttrTextFrameConfig.kt","tags":{"FILE_LINE_OF_CODE":"29"}}
{"ts":1709281632499,"action":"FILE_OPENED","file":"/crow-attr-text/src/main/kotlin/com/crow/attr/text/AttrTextLayout.kt","tags":{"FILE_LINE_OF_CODE":"1909"}}
{"ts":1709281829587,"action":"FILE_CLOSED","file":"/crow-attr-text/src/main/kotlin/com/crow/attr/text/AttrTextLayout.kt","tags":{"FILE_LINE_OF_CODE":"1914"}}
{"ts":1709281829587,"action":"FILE_OPENED","file":"/app/src/main/kotlin/com/crow/attrtextlayout/MainActivity.kt","tags":{"FILE_LINE_OF_CODE":"107"}}
{"ts":1709281897328,"action":"IDE_DEACTIVATED"}
{"ts":1709281900793,"action":"IDE_ACTIVATED"}
{"ts":1709281902396,"action":"IDE_DEACTIVATED"}
{"ts":1709281962972,"action":"IDE_ACTIVATED"}
{"ts":1709281970372,"action":"FILE_CLOSED","file":"/app/src/main/kotlin/com/crow/attrtextlayout/MainActivity.kt","tags":{"FILE_LINE_OF_CODE":"109"}}
{"ts":1709281970372,"action":"FILE_OPENED","file":"/crow-attr-text/src/main/kotlin/com/crow/attr/text/AttrTextLayout.kt","tags":{"FILE_LINE_OF_CODE":"1914"}}
{"ts":1709282022808,"action":"FILE_CLOSED","file":"/crow-attr-text/src/main/kotlin/com/crow/attr/text/AttrTextLayout.kt","tags":{"FILE_LINE_OF_CODE":"1914"}}
{"ts":1709282022808,"action":"FILE_OPENED","file":"/app/src/main/kotlin/com/crow/attrtextlayout/MainActivity.kt","tags":{"FILE_LINE_OF_CODE":"109"}}
{"ts":1709282029886,"action":"FILE_CLOSED","file":"/app/src/main/kotlin/com/crow/attrtextlayout/MainActivity.kt","tags":{"FILE_LINE_OF_CODE":"109"}}
{"ts":1709282029886,"action":"FILE_OPENED","file":"/crow-attr-text/src/main/kotlin/com/crow/attr/text/AttrTextLayout.kt","tags":{"FILE_LINE_OF_CODE":"1914"}}
{"ts":1709282080467,"action":"FILE_CLOSED","file":"/crow-attr-text/src/main/kotlin/com/crow/attr/text/AttrTextLayout.kt","tags":{"FILE_LINE_OF_CODE":"1913"}}
{"ts":1709282080467,"action":"FILE_OPENED","file":"/crow-attr-text/src/main/kotlin/com/crow/attr/text/AttrTextView.kt","tags":{"FILE_LINE_OF_CODE":"781"}}
{"ts":1709282084569,"action":"FILE_CLOSED","file":"/crow-attr-text/src/main/kotlin/com/crow/attr/text/AttrTextView.kt","tags":{"FILE_LINE_OF_CODE":"781"}}
{"ts":1709282084569,"action":"FILE_OPENED","file":"/crow-attr-text/src/main/kotlin/com/crow/attr/text/AttrTextLayout.kt","tags":{"FILE_LINE_OF_CODE":"1913"}}
{"ts":1709282089962,"action":"FILE_CLOSED","file":"/crow-attr-text/src/main/kotlin/com/crow/attr/text/AttrTextLayout.kt","tags":{"FILE_LINE_OF_CODE":"1913"}}
{"ts":1709282089962,"action":"FILE_OPENED","file":"/crow-attr-text/src/main/kotlin/com/crow/attr/text/AttrTextView.kt","tags":{"FILE_LINE_OF_CODE":"781"}}
{"ts":1709282090926,"action":"FILE_CLOSED","file":"/crow-attr-text/src/main/kotlin/com/crow/attr/text/AttrTextView.kt","tags":{"FILE_LINE_OF_CODE":"781"}}
{"ts":1709282090926,"action":"FILE_OPENED","file":"/app/src/main/kotlin/com/crow/attrtextlayout/MainActivity.kt","tags":{"FILE_LINE_OF_CODE":"109"}}
{"ts":1709282120625,"action":"FILE_CLOSED","file":"/app/src/main/kotlin/com/crow/attrtextlayout/MainActivity.kt","tags":{"FILE_LINE_OF_CODE":"109"}}
{"ts":1709282120625,"action":"FILE_OPENED","file":"/app/src/main/res/layout/activity_main.xml","tags":{"FILE_LINE_OF_CODE":"53"}}
{"ts":1709282146120,"action":"FILE_CLOSED","file":"/app/src/main/res/layout/activity_main.xml","tags":{"FILE_LINE_OF_CODE":"53"}}
{"ts":1709282146120,"action":"FILE_OPENED","file":"/app/src/main/kotlin/com/crow/attrtextlayout/MainActivity.kt","tags":{"FILE_LINE_OF_CODE":"109"}}
{"ts":1709282146597,"action":"FILE_CLOSED","file":"/app/src/main/kotlin/com/crow/attrtextlayout/MainActivity.kt","tags":{"FILE_LINE_OF_CODE":"109"}}
{"ts":1709282146597,"action":"FILE_OPENED","file":"/crow-attr-text/src/main/kotlin/com/crow/attr/text/AttrTextView.kt","tags":{"FILE_LINE_OF_CODE":"781"}}
{"ts":1709282147480,"action":"FILE_CLOSED","file":"/crow-attr-text/src/main/kotlin/com/crow/attr/text/AttrTextView.kt","tags":{"FILE_LINE_OF_CODE":"781"}}
{"ts":1709282147480,"action":"FILE_OPENED","file":"/crow-attr-text/src/main/kotlin/com/crow/attr/text/AttrTextLayout.kt","tags":{"FILE_LINE_OF_CODE":"1913"}}
{"ts":1709282149801,"action":"FILE_CLOSED","file":"/crow-attr-text/src/main/kotlin/com/crow/attr/text/AttrTextLayout.kt","tags":{"FILE_LINE_OF_CODE":"1913"}}
{"ts":1709282149801,"action":"FILE_OPENED","file":"/crow-attr-text/src/main/kotlin/com/crow/attr/text/AttrTextView.kt","tags":{"FILE_LINE_OF_CODE":"781"}}
{"ts":1709282154372,"action":"FILE_CLOSED","file":"/crow-attr-text/src/main/kotlin/com/crow/attr/text/AttrTextView.kt","tags":{"FILE_LINE_OF_CODE":"781"}}
{"ts":1709282154372,"action":"FILE_OPENED","file":"/crow-attr-text/src/main/kotlin/com/crow/attr/text/AttrTextLayout.kt","tags":{"FILE_LINE_OF_CODE":"1913"}}
{"ts":1709282280260,"action":"FILE_CLOSED","file":"/crow-attr-text/src/main/kotlin/com/crow/attr/text/AttrTextLayout.kt","tags":{"FILE_LINE_OF_CODE":"1915"}}
{"ts":1709282280260,"action":"FILE_OPENED","file":"/crow-attr-text/src/main/kotlin/com/crow/attr/text/IAttrText.kt","tags":{"FILE_LINE_OF_CODE":"276"}}
{"ts":1709282281481,"action":"FILE_CLOSED","file":"/crow-attr-text/src/main/kotlin/com/crow/attr/text/IAttrText.kt","tags":{"FILE_LINE_OF_CODE":"276"}}
{"ts":1709282281481,"action":"FILE_OPENED","file":"/crow-attr-text/src/main/kotlin/com/crow/attr/text/AttrTextExt.kt","tags":{"FILE_LINE_OF_CODE":"101"}}
{"ts":1709282282406,"action":"FILE_CLOSED","file":"/crow-attr-text/src/main/kotlin/com/crow/attr/text/AttrTextExt.kt","tags":{"FILE_LINE_OF_CODE":"101"}}
{"ts":1709282282406,"action":"FILE_OPENED","file":"/crow-attr-text/src/main/kotlin/com/crow/attr/text/IAttrText.kt","tags":{"FILE_LINE_OF_CODE":"276"}}
{"ts":1709282292602,"action":"IDE_DEACTIVATED"}
{"ts":1709282294551,"action":"IDE_ACTIVATED"}
{"ts":1709282314036,"action":"FILE_CLOSED","file":"/crow-attr-text/src/main/kotlin/com/crow/attr/text/IAttrText.kt","tags":{"FILE_LINE_OF_CODE":"276"}}
{"ts":1709282314036,"action":"FILE_OPENED","file":"/crow-attr-text/src/main/kotlin/com/crow/attr/text/AttrTextLayout.kt","tags":{"FILE_LINE_OF_CODE":"1915"}}
{"ts":1709282371660,"action":"IDE_DEACTIVATED"}
{"ts":1709282374639,"action":"IDE_ACTIVATED"}
{"ts":1709282432430,"action":"FILE_CLOSED","file":"/crow-attr-text/src/main/kotlin/com/crow/attr/text/AttrTextLayout.kt","tags":{"FILE_LINE_OF_CODE":"1916"}}
{"ts":1709282432430,"action":"FILE_OPENED","file":"/app/src/main/kotlin/com/crow/attrtextlayout/MainActivity.kt","tags":{"FILE_LINE_OF_CODE":"109"}}
{"ts":1709282470583,"action":"FILE_CLOSED","file":"/app/src/main/kotlin/com/crow/attrtextlayout/MainActivity.kt","tags":{"FILE_LINE_OF_CODE":"109"}}
{"ts":1709282470583,"action":"FILE_OPENED","file":"/crow-attr-text/src/main/kotlin/com/crow/attr/text/AttrTextView.kt","tags":{"FILE_LINE_OF_CODE":"781"}}
{"ts":1709282471166,"action":"FILE_CLOSED","file":"/crow-attr-text/src/main/kotlin/com/crow/attr/text/AttrTextView.kt","tags":{"FILE_LINE_OF_CODE":"781"}}
{"ts":1709282471166,"action":"FILE_OPENED","file":"/crow-attr-text/src/main/kotlin/com/crow/attr/text/AttrTextExt.kt","tags":{"FILE_LINE_OF_CODE":"101"}}
{"ts":1709282471631,"action":"FILE_CLOSED","file":"/crow-attr-text/src/main/kotlin/com/crow/attr/text/AttrTextExt.kt","tags":{"FILE_LINE_OF_CODE":"101"}}
{"ts":1709282471631,"action":"FILE_OPENED","file":"/crow-attr-text/src/main/kotlin/com/crow/attr/text/AttrTextView.kt","tags":{"FILE_LINE_OF_CODE":"781"}}
{"ts":1709282474040,"action":"FILE_CLOSED","file":"/crow-attr-text/src/main/kotlin/com/crow/attr/text/AttrTextView.kt","tags":{"FILE_LINE_OF_CODE":"781"}}
{"ts":1709282474040,"action":"FILE_OPENED","file":"/crow-attr-text/src/main/kotlin/com/crow/attr/text/AttrTextLayout.kt","tags":{"FILE_LINE_OF_CODE":"1916"}}
{"ts":1709282879588,"action":"FILE_CLOSED","file":"/crow-attr-text/src/main/kotlin/com/crow/attr/text/AttrTextLayout.kt","tags":{"FILE_LINE_OF_CODE":"1911"}}
{"ts":1709282884283,"action":"FILE_OPENED","file":"/crow-attr-text/src/main/kotlin/com/crow/attr/text/AttrTextLayout.kt","tags":{"FILE_LINE_OF_CODE":"1911"}}
{"ts":1709282988914,"action":"IDE_DEACTIVATED"}
{"ts":1709282994070,"action":"IDE_ACTIVATED"}
{"ts":1709282995304,"action":"IDE_DEACTIVATED"}
{"ts":1709282997271,"action":"IDE_ACTIVATED"}
{"ts":1709282998159,"action":"IDE_DEACTIVATED"}
{"ts":1709283039321,"action":"IDE_ACTIVATED"}
{"ts":1709283051316,"action":"FILE_CLOSED","file":"/crow-attr-text/src/main/kotlin/com/crow/attr/text/AttrTextLayout.kt","tags":{"FILE_LINE_OF_CODE":"1918"}}
{"ts":1709283081812,"action":"FILE_OPENED","file":"/crow-attr-text/src/main/kotlin/com/crow/attr/text/AttrTextLayout.kt","tags":{"FILE_LINE_OF_CODE":"1918"}}
{"ts":1709283665605,"action":"FILE_CLOSED","file":"/crow-attr-text/src/main/kotlin/com/crow/attr/text/AttrTextLayout.kt","tags":{"FILE_LINE_OF_CODE":"1918"}}
{"ts":1709283665605,"action":"FILE_OPENED","file":"/app/src/main/kotlin/com/crow/attrtextlayout/MainActivity.kt","tags":{"FILE_LINE_OF_CODE":"109"}}
{"ts":1709283684283,"action":"FILE_CLOSED","file":"/app/src/main/kotlin/com/crow/attrtextlayout/MainActivity.kt","tags":{"FILE_LINE_OF_CODE":"109"}}
{"ts":1709283684284,"action":"FILE_OPENED","file":"/crow-attr-text/src/main/kotlin/com/crow/attr/text/AttrTextView.kt","tags":{"FILE_LINE_OF_CODE":"781"}}
{"ts":1709283687059,"action":"FILE_CLOSED","file":"/crow-attr-text/src/main/kotlin/com/crow/attr/text/AttrTextView.kt","tags":{"FILE_LINE_OF_CODE":"781"}}
{"ts":1709283687059,"action":"FILE_OPENED","file":"/crow-attr-text/src/main/kotlin/com/crow/attr/text/AttrTextExt.kt","tags":{"FILE_LINE_OF_CODE":"101"}}
{"ts":1709283688148,"action":"FILE_CLOSED","file":"/crow-attr-text/src/main/kotlin/com/crow/attr/text/AttrTextExt.kt","tags":{"FILE_LINE_OF_CODE":"101"}}
{"ts":1709283688148,"action":"FILE_OPENED","file":"/crow-attr-text/src/main/kotlin/com/crow/attr/text/AttrTextLayout.kt","tags":{"FILE_LINE_OF_CODE":"1918"}}
{"ts":1709283892415,"action":"FILE_CLOSED","file":"/crow-attr-text/src/main/kotlin/com/crow/attr/text/AttrTextLayout.kt","tags":{"FILE_LINE_OF_CODE":"1918"}}
{"ts":1709283892415,"action":"FILE_OPENED","file":"/app/src/main/kotlin/com/crow/attrtextlayout/MainActivity.kt","tags":{"FILE_LINE_OF_CODE":"109"}}
{"ts":1709283894742,"action":"FILE_CLOSED","file":"/app/src/main/kotlin/com/crow/attrtextlayout/MainActivity.kt","tags":{"FILE_LINE_OF_CODE":"109"}}
{"ts":1709283894742,"action":"FILE_OPENED","file":"/app/src/main/res/layout/activity_main.xml","tags":{"FILE_LINE_OF_CODE":"53"}}
{"ts":1709283929323,"action":"FILE_CLOSED","file":"/app/src/main/res/layout/activity_main.xml","tags":{"FILE_LINE_OF_CODE":"53"}}
{"ts":1709283929323,"action":"FILE_OPENED","file":"/crow-attr-text/src/main/kotlin/com/crow/attr/text/AttrTextLayout.kt","tags":{"FILE_LINE_OF_CODE":"1918"}}
{"ts":1709284252054,"action":"FILE_CLOSED","file":"/crow-attr-text/src/main/kotlin/com/crow/attr/text/AttrTextLayout.kt","tags":{"FILE_LINE_OF_CODE":"1916"}}
{"ts":1709284252054,"action":"FILE_OPENED","file":"/crow-attr-text/src/main/kotlin/com/crow/attr/text/AttrTextView.kt","tags":{"FILE_LINE_OF_CODE":"781"}}
{"ts":1709284252890,"action":"FILE_CLOSED","file":"/crow-attr-text/src/main/kotlin/com/crow/attr/text/AttrTextView.kt","tags":{"FILE_LINE_OF_CODE":"781"}}
{"ts":1709284252890,"action":"FILE_OPENED","file":"/app/src/main/res/layout/activity_main.xml","tags":{"FILE_LINE_OF_CODE":"53"}}
{"ts":1709284274212,"action":"FILE_CLOSED","file":"/app/src/main/res/layout/activity_main.xml","tags":{"FILE_LINE_OF_CODE":"53"}}
{"ts":1709284274212,"action":"FILE_OPENED","file":"/crow-attr-text/src/main/res/values/attrs_text.xml","tags":{"FILE_LINE_OF_CODE":"85"}}
{"ts":1709284382246,"action":"FILE_CLOSED","file":"/crow-attr-text/src/main/res/values/attrs_text.xml","tags":{"FILE_LINE_OF_CODE":"91"}}
{"ts":1709284382246,"action":"FILE_OPENED","file":"/app/src/main/res/layout/activity_main.xml","tags":{"FILE_LINE_OF_CODE":"53"}}
{"ts":1709284382675,"action":"FILE_CLOSED","file":"/app/src/main/res/layout/activity_main.xml","tags":{"FILE_LINE_OF_CODE":"53"}}
{"ts":1709284382675,"action":"FILE_OPENED","file":"/app/src/main/kotlin/com/crow/attrtextlayout/MainActivity.kt","tags":{"FILE_LINE_OF_CODE":"109"}}
{"ts":1709284382835,"action":"FILE_CLOSED","file":"/app/src/main/kotlin/com/crow/attrtextlayout/MainActivity.kt","tags":{"FILE_LINE_OF_CODE":"109"}}
{"ts":1709284382835,"action":"FILE_OPENED","file":"/crow-attr-text/src/main/kotlin/com/crow/attr/text/AttrTextView.kt","tags":{"FILE_LINE_OF_CODE":"781"}}
{"ts":1709284382991,"action":"FILE_CLOSED","file":"/crow-attr-text/src/main/kotlin/com/crow/attr/text/AttrTextView.kt","tags":{"FILE_LINE_OF_CODE":"781"}}
{"ts":1709284382991,"action":"FILE_OPENED","file":"/crow-attr-text/src/main/kotlin/com/crow/attr/text/AttrTextExt.kt","tags":{"FILE_LINE_OF_CODE":"101"}}
{"ts":1709284383184,"action":"FILE_CLOSED","file":"/crow-attr-text/src/main/kotlin/com/crow/attr/text/AttrTextExt.kt","tags":{"FILE_LINE_OF_CODE":"101"}}
{"ts":1709284383184,"action":"FILE_OPENED","file":"/crow-attr-text/src/main/kotlin/com/crow/attr/text/IAttrText.kt","tags":{"FILE_LINE_OF_CODE":"276"}}
{"ts":1709284383348,"action":"FILE_CLOSED","file":"/crow-attr-text/src/main/kotlin/com/crow/attr/text/IAttrText.kt","tags":{"FILE_LINE_OF_CODE":"276"}}
{"ts":1709284383489,"action":"FILE_OPENED","file":"/crow-attr-text/src/main/kotlin/com/crow/attr/text/AttrTextLayout.kt","tags":{"FILE_LINE_OF_CODE":"1916"}}
{"ts":1709284457281,"action":"IDE_DEACTIVATED"}
{"ts":1709284459103,"action":"IDE_ACTIVATED"}
{"ts":1709284459849,"action":"IDE_DEACTIVATED"}
{"ts":1709284470529,"action":"IDE_ACTIVATED"}
{"ts":1709284471664,"action":"IDE_DEACTIVATED"}
{"ts":1709284564036,"action":"IDE_ACTIVATED"}
{"ts":1709284589434,"action":"IDE_DEACTIVATED"}
{"ts":1709284593998,"action":"IDE_ACTIVATED"}
{"ts":1709284664035,"action":"IDE_DEACTIVATED"}
{"ts":1709284799776,"action":"IDE_ACTIVATED"}
{"ts":1709284802998,"action":"IDE_DEACTIVATED"}
{"ts":1709284852777,"action":"IDE_ACTIVATED"}
{"ts":1709284853444,"action":"IDE_DEACTIVATED"}
{"ts":1709285108758,"action":"IDE_ACTIVATED"}
{"ts":1709285115431,"action":"IDE_DEACTIVATED"}
{"ts":1709285122045,"action":"IDE_ACTIVATED"}
{"ts":1709285129837,"action":"IDE_DEACTIVATED"}
{"ts":1709285362811,"action":"IDE_ACTIVATED"}
{"ts":1709285377566,"action":"FILE_CLOSED","file":"/crow-attr-text/src/main/kotlin/com/crow/attr/text/AttrTextLayout.kt","tags":{"FILE_LINE_OF_CODE":"1916"}}
{"ts":1709285377566,"action":"FILE_OPENED","file":"/app/src/main/res/layout/activity_main.xml","tags":{"FILE_LINE_OF_CODE":"53"}}
{"ts":1709285599432,"action":"IDE_DEACTIVATED"}
{"ts":1709285600276,"action":"IDE_ACTIVATED"}
{"ts":1709285600333,"action":"IDE_DEACTIVATED"}
{"ts":1709285606671,"action":"IDE_ACTIVATED"}
{"ts":1709285614218,"action":"FILE_CLOSED","file":"/app/src/main/res/layout/activity_main.xml","tags":{"FILE_LINE_OF_CODE":"53"}}
{"ts":1709285614218,"action":"FILE_OPENED","file":"/crow-attr-text/src/main/kotlin/com/crow/attr/text/AttrTextLayout.kt","tags":{"FILE_LINE_OF_CODE":"1916"}}
{"ts":1709285713009,"action":"IDE_DEACTIVATED"}
{"ts":1709285713223,"action":"IDE_ACTIVATED"}
{"ts":1709285713325,"action":"IDE_DEACTIVATED"}
{"ts":1709285714189,"action":"IDE_ACTIVATED"}
{"ts":1709285714244,"action":"IDE_DEACTIVATED"}
{"ts":1709285716811,"action":"IDE_ACTIVATED"}
{"ts":1709285729326,"action":"FILE_CLOSED","file":"/crow-attr-text/src/main/kotlin/com/crow/attr/text/AttrTextLayout.kt","tags":{"FILE_LINE_OF_CODE":"1916"}}
{"ts":1709285729326,"action":"FILE_OPENED","file":"/app/src/main/res/layout/activity_main.xml","tags":{"FILE_LINE_OF_CODE":"53"}}
{"ts":1709285803966,"action":"FILE_CLOSED","file":"/app/src/main/res/layout/activity_main.xml","tags":{"FILE_LINE_OF_CODE":"53"}}
{"ts":1709285803966,"action":"FILE_OPENED","file":"/crow-attr-text/src/main/kotlin/com/crow/attr/text/AttrTextView.kt","tags":{"FILE_LINE_OF_CODE":"781"}}
{"ts":1709285819613,"action":"FILE_CLOSED","file":"/crow-attr-text/src/main/kotlin/com/crow/attr/text/AttrTextView.kt","tags":{"FILE_LINE_OF_CODE":"781"}}
{"ts":1709285819614,"action":"FILE_OPENED","file":"/crow-attr-text/src/main/kotlin/com/crow/attr/text/AttrTextExt.kt","tags":{"FILE_LINE_OF_CODE":"101"}}
{"ts":1709285820283,"action":"FILE_CLOSED","file":"/crow-attr-text/src/main/kotlin/com/crow/attr/text/AttrTextExt.kt","tags":{"FILE_LINE_OF_CODE":"101"}}
{"ts":1709285820940,"action":"FILE_OPENED","file":"/crow-attr-text/src/main/kotlin/com/crow/attr/text/AttrTextLayout.kt","tags":{"FILE_LINE_OF_CODE":"1916"}}
{"ts":1709285822989,"action":"FILE_CLOSED","file":"/crow-attr-text/src/main/kotlin/com/crow/attr/text/AttrTextLayout.kt","tags":{"FILE_LINE_OF_CODE":"1916"}}
{"ts":1709285822989,"action":"FILE_OPENED","file":"/crow-attr-text/src/main/kotlin/com/crow/attr/text/IAttrText.kt","tags":{"FILE_LINE_OF_CODE":"276"}}
{"ts":1709285823574,"action":"FILE_CLOSED","file":"/crow-attr-text/src/main/kotlin/com/crow/attr/text/IAttrText.kt","tags":{"FILE_LINE_OF_CODE":"276"}}
{"ts":1709285823574,"action":"FILE_OPENED","file":"/crow-attr-text/src/main/kotlin/com/crow/attr/text/AttrTextExt.kt","tags":{"FILE_LINE_OF_CODE":"101"}}
{"ts":1709285824489,"action":"FILE_CLOSED","file":"/crow-attr-text/src/main/kotlin/com/crow/attr/text/AttrTextExt.kt","tags":{"FILE_LINE_OF_CODE":"101"}}
{"ts":1709285824489,"action":"FILE_OPENED","file":"/crow-attr-text/src/main/kotlin/com/crow/attr/text/AttrTextView.kt","tags":{"FILE_LINE_OF_CODE":"781"}}
{"ts":1709285825515,"action":"FILE_CLOSED","file":"/crow-attr-text/src/main/kotlin/com/crow/attr/text/AttrTextView.kt","tags":{"FILE_LINE_OF_CODE":"781"}}
{"ts":1709285825515,"action":"FILE_OPENED","file":"/app/src/main/kotlin/com/crow/attrtextlayout/MainActivity.kt","tags":{"FILE_LINE_OF_CODE":"109"}}
{"ts":1709285826899,"action":"FILE_CLOSED","file":"/app/src/main/kotlin/com/crow/attrtextlayout/MainActivity.kt","tags":{"FILE_LINE_OF_CODE":"109"}}
{"ts":1709285826899,"action":"FILE_OPENED","file":"/app/src/main/res/layout/activity_main.xml","tags":{"FILE_LINE_OF_CODE":"53"}}
{"ts":1709285886624,"action":"FILE_CLOSED","file":"/app/src/main/res/layout/activity_main.xml","tags":{"FILE_LINE_OF_CODE":"53"}}
{"ts":1709285886624,"action":"FILE_OPENED","file":"/crow-attr-text/src/main/kotlin/com/crow/attr/text/backup/AttrTextLayout.txt","tags":{"FILE_LINE_OF_CODE":"1757"}}
{"ts":1709285893638,"action":"FILE_CLOSED","file":"/crow-attr-text/src/main/kotlin/com/crow/attr/text/backup/AttrTextLayout.txt","tags":{"FILE_LINE_OF_CODE":"1757"}}
{"ts":1709285893638,"action":"FILE_OPENED","file":"/crow-attr-text/src/main/kotlin/com/crow/attr/text/AttrTextLayout.kt","tags":{"FILE_LINE_OF_CODE":"1916"}}
{"ts":1709286026900,"action":"FILE_CLOSED","file":"/crow-attr-text/src/main/kotlin/com/crow/attr/text/AttrTextLayout.kt","tags":{"FILE_LINE_OF_CODE":"1913"}}
{"ts":1709286026900,"action":"FILE_OPENED","file":"/crow-attr-text/src/main/kotlin/com/crow/attr/text/backup/AttrTextLayout.txt","tags":{"FILE_LINE_OF_CODE":"1757"}}
{"ts":1709286028291,"action":"FILE_CLOSED","file":"/crow-attr-text/src/main/kotlin/com/crow/attr/text/backup/AttrTextLayout.txt","tags":{"FILE_LINE_OF_CODE":"1757"}}
{"ts":1709286028291,"action":"FILE_OPENED","file":"/app/src/main/res/layout/activity_main.xml","tags":{"FILE_LINE_OF_CODE":"53"}}
{"ts":1709286122147,"action":"FILE_CLOSED","file":"/app/src/main/res/layout/activity_main.xml","tags":{"FILE_LINE_OF_CODE":"53"}}
{"ts":1709286122147,"action":"FILE_OPENED","file":"/crow-attr-text/src/main/kotlin/com/crow/attr/text/AttrTextLayout.kt","tags":{"FILE_LINE_OF_CODE":"1913"}}
{"ts":1709286138295,"action":"FILE_CLOSED","file":"/crow-attr-text/src/main/kotlin/com/crow/attr/text/AttrTextLayout.kt","tags":{"FILE_LINE_OF_CODE":"1913"}}
{"ts":1709286138295,"action":"FILE_OPENED","file":"/crow-attr-text/src/main/kotlin/com/crow/attr/text/AttrTextView.kt","tags":{"FILE_LINE_OF_CODE":"781"}}
{"ts":1709286140044,"action":"FILE_CLOSED","file":"/crow-attr-text/src/main/kotlin/com/crow/attr/text/AttrTextView.kt","tags":{"FILE_LINE_OF_CODE":"781"}}
{"ts":1709286140044,"action":"FILE_OPENED","file":"/app/src/main/kotlin/com/crow/attrtextlayout/MainActivity.kt","tags":{"FILE_LINE_OF_CODE":"109"}}
{"ts":1709286144547,"action":"FILE_CLOSED","file":"/app/src/main/kotlin/com/crow/attrtextlayout/MainActivity.kt","tags":{"FILE_LINE_OF_CODE":"109"}}
{"ts":1709286144547,"action":"FILE_OPENED","file":"/crow-attr-text/src/main/kotlin/com/crow/attr/text/AttrTextView.kt","tags":{"FILE_LINE_OF_CODE":"781"}}
{"ts":1709286145383,"action":"FILE_CLOSED","file":"/crow-attr-text/src/main/kotlin/com/crow/attr/text/AttrTextView.kt","tags":{"FILE_LINE_OF_CODE":"781"}}
{"ts":1709286145383,"action":"FILE_OPENED","file":"/crow-attr-text/src/main/kotlin/com/crow/attr/text/AttrTextExt.kt","tags":{"FILE_LINE_OF_CODE":"101"}}
{"ts":1709286147113,"action":"FILE_CLOSED","file":"/crow-attr-text/src/main/kotlin/com/crow/attr/text/AttrTextExt.kt","tags":{"FILE_LINE_OF_CODE":"101"}}
{"ts":1709286147113,"action":"FILE_OPENED","file":"/app/src/main/res/layout/activity_main.xml","tags":{"FILE_LINE_OF_CODE":"53"}}
{"ts":1709286213575,"action":"FILE_CLOSED","file":"/app/src/main/res/layout/activity_main.xml","tags":{"FILE_LINE_OF_CODE":"53"}}
{"ts":1709286213575,"action":"FILE_OPENED","file":"/crow-attr-text/src/main/kotlin/com/crow/attr/text/AttrTextView.kt","tags":{"FILE_LINE_OF_CODE":"781"}}
{"ts":1709286215235,"action":"FILE_CLOSED","file":"/crow-attr-text/src/main/kotlin/com/crow/attr/text/AttrTextView.kt","tags":{"FILE_LINE_OF_CODE":"781"}}
{"ts":1709286215235,"action":"FILE_OPENED","file":"/crow-attr-text/src/main/kotlin/com/crow/attr/text/AttrTextExt.kt","tags":{"FILE_LINE_OF_CODE":"101"}}
{"ts":1709286215993,"action":"FILE_CLOSED","file":"/crow-attr-text/src/main/kotlin/com/crow/attr/text/AttrTextExt.kt","tags":{"FILE_LINE_OF_CODE":"101"}}
{"ts":1709286215993,"action":"FILE_OPENED","file":"/crow-attr-text/src/main/kotlin/com/crow/attr/text/IAttrText.kt","tags":{"FILE_LINE_OF_CODE":"276"}}
{"ts":1709286216919,"action":"FILE_CLOSED","file":"/crow-attr-text/src/main/kotlin/com/crow/attr/text/IAttrText.kt","tags":{"FILE_LINE_OF_CODE":"276"}}
{"ts":1709286216919,"action":"FILE_OPENED","file":"/app/src/main/kotlin/com/crow/attrtextlayout/MainActivity.kt","tags":{"FILE_LINE_OF_CODE":"109"}}
{"ts":1709286220622,"action":"FILE_CLOSED","file":"/app/src/main/kotlin/com/crow/attrtextlayout/MainActivity.kt","tags":{"FILE_LINE_OF_CODE":"109"}}
{"ts":1709286220622,"action":"FILE_OPENED","file":"/crow-attr-text/src/main/kotlin/com/crow/attr/text/AttrTextLayout.kt","tags":{"FILE_LINE_OF_CODE":"1913"}}
{"ts":1709286222488,"action":"FILE_CLOSED","file":"/crow-attr-text/src/main/kotlin/com/crow/attr/text/AttrTextLayout.kt","tags":{"FILE_LINE_OF_CODE":"1913"}}
{"ts":1709286222488,"action":"FILE_OPENED","file":"/app/src/main/res/layout/activity_main.xml","tags":{"FILE_LINE_OF_CODE":"53"}}
{"ts":1709286331436,"action":"FILE_CLOSED","file":"/app/src/main/res/layout/activity_main.xml","tags":{"FILE_LINE_OF_CODE":"54"}}
{"ts":1709286331436,"action":"FILE_OPENED","file":"/crow-attr-text/src/main/kotlin/com/crow/attr/text/AttrTextLayout.kt","tags":{"FILE_LINE_OF_CODE":"1913"}}
{"ts":1709286393426,"action":"FILE_CLOSED","file":"/crow-attr-text/src/main/kotlin/com/crow/attr/text/AttrTextLayout.kt","tags":{"FILE_LINE_OF_CODE":"1913"}}
{"ts":1709286393426,"action":"FILE_OPENED","file":"/crow-attr-text/src/main/kotlin/com/crow/attr/text/backup/AttrTextLayout.txt","tags":{"FILE_LINE_OF_CODE":"1757"}}
{"ts":1709286397224,"action":"FILE_CLOSED","file":"/crow-attr-text/src/main/kotlin/com/crow/attr/text/backup/AttrTextLayout.txt","tags":{"FILE_LINE_OF_CODE":"1757"}}
{"ts":1709286397224,"action":"FILE_OPENED","file":"/app/src/main/res/layout/activity_main.xml","tags":{"FILE_LINE_OF_CODE":"54"}}
{"ts":1709286435830,"action":"FILE_CLOSED","file":"/app/src/main/res/layout/activity_main.xml","tags":{"FILE_LINE_OF_CODE":"54"}}
{"ts":1709286435830,"action":"FILE_OPENED","file":"/crow-attr-text/src/main/kotlin/com/crow/attr/text/AttrTextLayout.kt","tags":{"FILE_LINE_OF_CODE":"1913"}}
{"ts":1709286503169,"action":"FILE_CLOSED","file":"/crow-attr-text/src/main/kotlin/com/crow/attr/text/AttrTextLayout.kt","tags":{"FILE_LINE_OF_CODE":"1914"}}
{"ts":1709286503169,"action":"FILE_OPENED","file":"/app/src/main/res/layout/activity_main.xml","tags":{"FILE_LINE_OF_CODE":"54"}}
{"ts":1709286516518,"action":"IDE_DEACTIVATED"}
{"ts":1709286517417,"action":"IDE_ACTIVATED"}
{"ts":1709286517480,"action":"IDE_DEACTIVATED"}
{"ts":1709286520774,"action":"IDE_ACTIVATED"}
{"ts":1709286524019,"action":"FILE_CLOSED","file":"/app/src/main/res/layout/activity_main.xml","tags":{"FILE_LINE_OF_CODE":"54"}}
{"ts":1709286524019,"action":"FILE_OPENED","file":"/crow-attr-text/src/main/res/values/attrs_text.xml","tags":{"FILE_LINE_OF_CODE":"91"}}
{"ts":1709286526524,"action":"FILE_CLOSED","file":"/crow-attr-text/src/main/res/values/attrs_text.xml","tags":{"FILE_LINE_OF_CODE":"91"}}
{"ts":1709286536371,"action":"FILE_OPENED","file":"/crow-attr-text/src/main/kotlin/com/crow/attr/text/AttrTextLayout.kt","tags":{"FILE_LINE_OF_CODE":"1914"}}
{"ts":1709286614683,"action":"FILE_CLOSED","file":"/crow-attr-text/src/main/kotlin/com/crow/attr/text/AttrTextLayout.kt","tags":{"FILE_LINE_OF_CODE":"1914"}}
{"ts":1709286614683,"action":"FILE_OPENED","file":"/app/src/main/res/layout/activity_main.xml","tags":{"FILE_LINE_OF_CODE":"54"}}
{"ts":1709286724309,"action":"FILE_CLOSED","file":"/app/src/main/res/layout/activity_main.xml","tags":{"FILE_LINE_OF_CODE":"53"}}
{"ts":1709286724309,"action":"FILE_OPENED","file":"/crow-attr-text/src/main/kotlin/com/crow/attr/text/AttrTextView.kt","tags":{"FILE_LINE_OF_CODE":"781"}}
{"ts":1709286733101,"action":"FILE_CLOSED","file":"/crow-attr-text/src/main/kotlin/com/crow/attr/text/AttrTextView.kt","tags":{"FILE_LINE_OF_CODE":"781"}}
{"ts":1709286733101,"action":"FILE_OPENED","file":"/crow-attr-text/src/main/kotlin/com/crow/attr/text/AttrTextLayout.kt","tags":{"FILE_LINE_OF_CODE":"1914"}}
{"ts":1709286846055,"action":"FILE_CLOSED","file":"/crow-attr-text/src/main/kotlin/com/crow/attr/text/AttrTextLayout.kt","tags":{"FILE_LINE_OF_CODE":"1919"}}
{"ts":1709286846055,"action":"FILE_OPENED","file":"/crow-attr-text/src/main/kotlin/com/crow/attr/text/AttrTextFrameConfig.kt","tags":{"FILE_LINE_OF_CODE":"29"}}
{"ts":1709286848497,"action":"FILE_CLOSED","file":"/crow-attr-text/src/main/kotlin/com/crow/attr/text/AttrTextFrameConfig.kt","tags":{"FILE_LINE_OF_CODE":"29"}}
{"ts":1709286848497,"action":"FILE_OPENED","file":"/crow-attr-text/src/main/kotlin/com/crow/attr/text/AttrTextLayout.kt","tags":{"FILE_LINE_OF_CODE":"1919"}}
{"ts":1709286918329,"action":"FILE_CLOSED","file":"/crow-attr-text/src/main/kotlin/com/crow/attr/text/AttrTextLayout.kt","tags":{"FILE_LINE_OF_CODE":"1921"}}
{"ts":1709286918329,"action":"FILE_OPENED","file":"/app/src/main/res/layout/activity_main.xml","tags":{"FILE_LINE_OF_CODE":"53"}}
{"ts":1709286927571,"action":"IDE_DEACTIVATED"}
{"ts":1709286928268,"action":"IDE_ACTIVATED"}
{"ts":1709286975400,"action":"FILE_CLOSED","file":"/app/src/main/res/layout/activity_main.xml","tags":{"FILE_LINE_OF_CODE":"57"}}
{"ts":1709286975400,"action":"FILE_OPENED","file":"/crow-attr-text/src/main/kotlin/com/crow/attr/text/AttrTextLayout.kt","tags":{"FILE_LINE_OF_CODE":"1921"}}
{"ts":1709287013020,"action":"FILE_CLOSED","file":"/crow-attr-text/src/main/kotlin/com/crow/attr/text/AttrTextLayout.kt","tags":{"FILE_LINE_OF_CODE":"1921"}}
{"ts":1709287013020,"action":"FILE_OPENED","file":"/app/src/main/res/layout/activity_main.xml","tags":{"FILE_LINE_OF_CODE":"57"}}
{"ts":1709287113028,"action":"FILE_OPENED","file":"/crow-attr-text/src/main/kotlin/com/crow/attr/text/AttrTextView.kt","tags":{"FILE_LINE_OF_CODE":"781"}}
{"ts":1709287114153,"action":"PROJECT_OPENED","tags":{"PROJECT_NAME":"AttrTextLayout"}}
{"ts":1709287194132,"action":"IDE_DEACTIVATED"}
{"ts":1709287321504,"action":"IDE_ACTIVATED"}
{"ts":1709287327812,"action":"FILE_CLOSED","file":"/crow-attr-text/src/main/kotlin/com/crow/attr/text/AttrTextView.kt","tags":{"FILE_LINE_OF_CODE":"781"}}
{"ts":1709287327812,"action":"FILE_OPENED","file":"/crow-attr-text/src/main/kotlin/com/crow/attr/text/AttrTextLayout.kt","tags":{"FILE_LINE_OF_CODE":"1921"}}
{"ts":1709287328650,"action":"FILE_CLOSED","file":"/crow-attr-text/src/main/kotlin/com/crow/attr/text/AttrTextLayout.kt","tags":{"FILE_LINE_OF_CODE":"1921"}}
{"ts":1709287330685,"action":"FILE_OPENED","file":"/app/src/main/res/layout/activity_main.xml","tags":{"FILE_LINE_OF_CODE":"57"}}
{"ts":1709287344728,"action":"IDE_DEACTIVATED"}
{"ts":1709287410492,"action":"IDE_ACTIVATED"}
{"ts":1709287413991,"action":"FILE_CLOSED","file":"/app/src/main/res/layout/activity_main.xml","tags":{"FILE_LINE_OF_CODE":"56"}}
{"ts":1709287413991,"action":"FILE_OPENED","file":"/crow-attr-text/src/main/kotlin/com/crow/attr/text/AttrTextView.kt","tags":{"FILE_LINE_OF_CODE":"781"}}
{"ts":1709287414520,"action":"FILE_CLOSED","file":"/crow-attr-text/src/main/kotlin/com/crow/attr/text/AttrTextView.kt","tags":{"FILE_LINE_OF_CODE":"781"}}
{"ts":1709287414520,"action":"FILE_OPENED","file":"/crow-attr-text/src/main/kotlin/com/crow/attr/text/AttrTextExt.kt","tags":{"FILE_LINE_OF_CODE":"101"}}
{"ts":1709287415042,"action":"FILE_CLOSED","file":"/crow-attr-text/src/main/kotlin/com/crow/attr/text/AttrTextExt.kt","tags":{"FILE_LINE_OF_CODE":"101"}}
{"ts":1709287415042,"action":"FILE_OPENED","file":"/crow-attr-text/src/main/kotlin/com/crow/attr/text/IAttrText.kt","tags":{"FILE_LINE_OF_CODE":"276"}}
{"ts":1709287415561,"action":"FILE_CLOSED","file":"/crow-attr-text/src/main/kotlin/com/crow/attr/text/IAttrText.kt","tags":{"FILE_LINE_OF_CODE":"276"}}
{"ts":1709287415981,"action":"FILE_OPENED","file":"/crow-attr-text/src/main/kotlin/com/crow/attr/text/AttrTextLayout.kt","tags":{"FILE_LINE_OF_CODE":"1921"}}
{"ts":1709287537370,"action":"FILE_CLOSED","file":"/crow-attr-text/src/main/kotlin/com/crow/attr/text/AttrTextLayout.kt","tags":{"FILE_LINE_OF_CODE":"1921"}}
{"ts":1709287537370,"action":"FILE_OPENED","file":"/app/src/main/res/layout/activity_main.xml","tags":{"FILE_LINE_OF_CODE":"56"}}
{"ts":1709287605631,"action":"FILE_CLOSED","file":"/app/src/main/res/layout/activity_main.xml","tags":{"FILE_LINE_OF_CODE":"58"}}
{"ts":1709287605631,"action":"FILE_OPENED","file":"/crow-attr-text/src/main/kotlin/com/crow/attr/text/AttrTextLayout.kt","tags":{"FILE_LINE_OF_CODE":"1921"}}
{"ts":1709287635750,"action":"FILE_CLOSED","file":"/crow-attr-text/src/main/kotlin/com/crow/attr/text/AttrTextLayout.kt","tags":{"FILE_LINE_OF_CODE":"1921"}}
{"ts":1709287635750,"action":"FILE_OPENED","file":"/app/src/main/kotlin/com/crow/attrtextlayout/MainActivity.kt","tags":{"FILE_LINE_OF_CODE":"109"}}
{"ts":1709287637797,"action":"FILE_CLOSED","file":"/app/src/main/kotlin/com/crow/attrtextlayout/MainActivity.kt","tags":{"FILE_LINE_OF_CODE":"109"}}
{"ts":1709287637797,"action":"FILE_OPENED","file":"/crow-attr-text/src/main/kotlin/com/crow/attr/text/AttrTextLayout.kt","tags":{"FILE_LINE_OF_CODE":"1921"}}
{"ts":1709287713595,"action":"IDE_DEACTIVATED"}
{"ts":1709287714216,"action":"IDE_ACTIVATED"}
{"ts":1709287743107,"action":"FILE_CLOSED","file":"/crow-attr-text/src/main/kotlin/com/crow/attr/text/AttrTextLayout.kt","tags":{"FILE_LINE_OF_CODE":"1923"}}
{"ts":1709287743107,"action":"FILE_OPENED","file":"/app/src/main/res/layout/activity_main.xml","tags":{"FILE_LINE_OF_CODE":"58"}}
{"ts":1709287835043,"action":"FILE_CLOSED","file":"/app/src/main/res/layout/activity_main.xml","tags":{"FILE_LINE_OF_CODE":"58"}}
{"ts":1709287835043,"action":"FILE_OPENED","file":"/crow-attr-text/src/main/kotlin/com/crow/attr/text/AttrTextLayout.kt","tags":{"FILE_LINE_OF_CODE":"1923"}}
{"ts":1709288328637,"action":"FILE_CLOSED","file":"/crow-attr-text/src/main/kotlin/com/crow/attr/text/AttrTextLayout.kt","tags":{"FILE_LINE_OF_CODE":"1930"}}
{"ts":1709288328637,"action":"FILE_OPENED","file":"/crow-attr-text/src/main/kotlin/com/crow/attr/text/AttrTextView.kt","tags":{"FILE_LINE_OF_CODE":"781"}}
{"ts":1709288356512,"action":"FILE_CLOSED","file":"/crow-attr-text/src/main/kotlin/com/crow/attr/text/AttrTextView.kt","tags":{"FILE_LINE_OF_CODE":"783"}}
{"ts":1709288356512,"action":"FILE_OPENED","file":"/crow-attr-text/src/main/kotlin/com/crow/attr/text/AttrTextLayout.kt","tags":{"FILE_LINE_OF_CODE":"1930"}}
{"ts":1709288671071,"action":"FILE_CLOSED","file":"/crow-attr-text/src/main/kotlin/com/crow/attr/text/AttrTextLayout.kt","tags":{"FILE_LINE_OF_CODE":"1925"}}
{"ts":1709288671071,"action":"FILE_OPENED","file":"/app/src/main/kotlin/com/crow/attrtextlayout/MainActivity.kt","tags":{"FILE_LINE_OF_CODE":"109"}}
{"ts":1709288676993,"action":"FILE_CLOSED","file":"/app/src/main/kotlin/com/crow/attrtextlayout/MainActivity.kt","tags":{"FILE_LINE_OF_CODE":"109"}}
{"ts":1709288676993,"action":"FILE_OPENED","file":"/crow-attr-text/src/main/kotlin/com/crow/attr/text/AttrTextLayout.kt","tags":{"FILE_LINE_OF_CODE":"1925"}}
{"ts":1709288858903,"action":"FILE_CLOSED","file":"/crow-attr-text/src/main/kotlin/com/crow/attr/text/AttrTextLayout.kt","tags":{"FILE_LINE_OF_CODE":"1933"}}
{"ts":1709288858903,"action":"FILE_OPENED","file":"/app/src/main/kotlin/com/crow/attrtextlayout/MainActivity.kt","tags":{"FILE_LINE_OF_CODE":"109"}}
{"ts":1709289060895,"action":"FILE_CLOSED","file":"/app/src/main/kotlin/com/crow/attrtextlayout/MainActivity.kt","tags":{"FILE_LINE_OF_CODE":"117"}}
{"ts":1709289060895,"action":"FILE_OPENED","file":"/crow-attr-text/src/main/kotlin/com/crow/attr/text/AttrTextView.kt","tags":{"FILE_LINE_OF_CODE":"783"}}
{"ts":1709289319932,"action":"IDE_DEACTIVATED"}
{"ts":1709289370821,"action":"IDE_ACTIVATED"}
{"ts":1709289370897,"action":"IDE_DEACTIVATED"}
{"ts":1709289445292,"action":"IDE_ACTIVATED"}
{"ts":1709289446969,"action":"FILE_CLOSED","file":"/crow-attr-text/src/main/kotlin/com/crow/attr/text/AttrTextView.kt","tags":{"FILE_LINE_OF_CODE":"785"}}
{"ts":1709289446969,"action":"FILE_OPENED","file":"/crow-attr-text/src/main/kotlin/com/crow/attr/text/AttrTextLayout.kt","tags":{"FILE_LINE_OF_CODE":"1933"}}
{"ts":1709289449775,"action":"FILE_CLOSED","file":"/crow-attr-text/src/main/kotlin/com/crow/attr/text/AttrTextLayout.kt","tags":{"FILE_LINE_OF_CODE":"1933"}}
{"ts":1709289449775,"action":"FILE_OPENED","file":"/app/src/main/kotlin/com/crow/attrtextlayout/MainActivity.kt","tags":{"FILE_LINE_OF_CODE":"117"}}
{"ts":1709289465171,"action":"IDE_DEACTIVATED"}
{"ts":1709289471957,"action":"IDE_ACTIVATED"}
{"ts":1709289532769,"action":"FILE_CLOSED","file":"/app/src/main/kotlin/com/crow/attrtextlayout/MainActivity.kt","tags":{"FILE_LINE_OF_CODE":"117"}}
{"ts":1709289532769,"action":"FILE_OPENED","file":"/crow-attr-text/src/main/kotlin/com/crow/attr/text/AttrTextView.kt","tags":{"FILE_LINE_OF_CODE":"785"}}
{"ts":1709289595982,"action":"FILE_CLOSED","file":"/crow-attr-text/src/main/kotlin/com/crow/attr/text/AttrTextView.kt","tags":{"FILE_LINE_OF_CODE":"781"}}
{"ts":1709289595982,"action":"FILE_OPENED","file":"/crow-attr-text/src/main/kotlin/com/crow/attr/text/AttrTextLayout.kt","tags":{"FILE_LINE_OF_CODE":"1933"}}
{"ts":1709289796684,"action":"IDE_DEACTIVATED"}
{"ts":1709289801025,"action":"IDE_ACTIVATED"}
{"ts":1709289990438,"action":"FILE_CLOSED","file":"/crow-attr-text/src/main/kotlin/com/crow/attr/text/AttrTextLayout.kt","tags":{"FILE_LINE_OF_CODE":"1924"}}
{"ts":1709289990438,"action":"FILE_OPENED","file":"/app/src/main/kotlin/com/crow/attrtextlayout/MainActivity.kt","tags":{"FILE_LINE_OF_CODE":"117"}}
{"ts":1709290018950,"action":"IDE_DEACTIVATED"}
{"ts":1709290166801,"action":"IDE_ACTIVATED"}
{"ts":1709290172522,"action":"FILE_CLOSED","file":"/app/src/main/kotlin/com/crow/attrtextlayout/MainActivity.kt","tags":{"FILE_LINE_OF_CODE":"117"}}
{"ts":1709290172522,"action":"FILE_OPENED","file":"/crow-attr-text/src/main/kotlin/com/crow/attr/text/AttrTextLayout.kt","tags":{"FILE_LINE_OF_CODE":"1924"}}
{"ts":1709290195258,"action":"IDE_DEACTIVATED"}
{"ts":1709290237803,"action":"IDE_ACTIVATED"}
{"ts":1709290238827,"action":"IDE_DEACTIVATED"}
{"ts":1709290599652,"action":"IDE_ACTIVATED"}
{"ts":1709290603451,"action":"IDE_DEACTIVATED"}
{"ts":1709290605903,"action":"IDE_ACTIVATED"}
{"ts":1709290616478,"action":"IDE_DEACTIVATED"}
{"ts":1709290678608,"action":"IDE_ACTIVATED"}
{"ts":1709290846569,"action":"IDE_DEACTIVATED"}
{"ts":1709290854050,"action":"IDE_ACTIVATED"}
{"ts":1709290855224,"action":"IDE_DEACTIVATED"}
{"ts":1709290869940,"action":"IDE_ACTIVATED"}
{"ts":1709290885037,"action":"PROJECT_CLOSED","tags":{"PROJECT_NAME":"AttrTextLayout"}}
{"ts":1709517408214,"action":"FILE_OPENED","file":"/crow-attr-text/src/main/kotlin/com/crow/attr/text/AttrTextLayout.kt","tags":{"FILE_LINE_OF_CODE":"1923"}}
{"ts":1709517409811,"action":"PROJECT_OPENED","tags":{"PROJECT_NAME":"AttrTextLayout"}}
{"ts":1709517468034,"action":"IDE_DEACTIVATED"}
{"ts":1709517475236,"action":"IDE_ACTIVATED"}
{"ts":1709517479277,"action":"IDE_DEACTIVATED"}
{"ts":1709517479374,"action":"IDE_ACTIVATED"}
{"ts":1709517479999,"action":"IDE_DEACTIVATED"}
{"ts":1709517480111,"action":"IDE_ACTIVATED"}
{"ts":1709517487001,"action":"IDE_DEACTIVATED"}
{"ts":1709517581347,"action":"IDE_ACTIVATED"}
{"ts":1709517583174,"action":"IDE_DEACTIVATED"}
{"ts":1709517586937,"action":"IDE_ACTIVATED"}
{"ts":1709517590757,"action":"IDE_DEACTIVATED"}
{"ts":1709518829554,"action":"IDE_ACTIVATED"}
{"ts":1709518835159,"action":"IDE_DEACTIVATED"}
{"ts":1709519008088,"action":"IDE_ACTIVATED"}
{"ts":1709519017277,"action":"IDE_DEACTIVATED"}
{"ts":1709519019400,"action":"IDE_ACTIVATED"}
{"ts":1709519022929,"action":"IDE_DEACTIVATED"}
{"ts":1709519135747,"action":"IDE_ACTIVATED"}
{"ts":1709519137039,"action":"IDE_DEACTIVATED"}
{"ts":1709519158306,"action":"IDE_ACTIVATED"}
{"ts":1709519167926,"action":"IDE_DEACTIVATED"}
{"ts":1709519178805,"action":"IDE_ACTIVATED"}
{"ts":1709519179776,"action":"IDE_DEACTIVATED"}
{"ts":1709519204501,"action":"IDE_ACTIVATED"}
{"ts":1709519206238,"action":"IDE_DEACTIVATED"}
{"ts":1709519217680,"action":"IDE_ACTIVATED"}
{"ts":1709519219444,"action":"IDE_DEACTIVATED"}
{"ts":1709519228654,"action":"IDE_ACTIVATED"}
{"ts":1709519232550,"action":"IDE_DEACTIVATED"}
{"ts":1709519552459,"action":"IDE_ACTIVATED"}
{"ts":1709519554992,"action":"IDE_DEACTIVATED"}
{"ts":1709519554994,"action":"IDE_ACTIVATED"}
{"ts":1709519556779,"action":"IDE_DEACTIVATED"}
{"ts":1709520624300,"action":"IDE_ACTIVATED"}
{"ts":1709520624762,"action":"IDE_DEACTIVATED"}
{"ts":1709520628025,"action":"IDE_ACTIVATED"}
{"ts":1709520635398,"action":"IDE_DEACTIVATED"}
{"ts":1709520719803,"action":"IDE_ACTIVATED"}
{"ts":1709520720382,"action":"IDE_DEACTIVATED"}
{"ts":1709520740976,"action":"IDE_ACTIVATED"}
{"ts":1709520743261,"action":"IDE_DEACTIVATED"}
{"ts":1709520936349,"action":"IDE_ACTIVATED"}
{"ts":1709521022709,"action":"PROJECT_CLOSED","tags":{"PROJECT_NAME":"AttrTextLayout"}}
{"ts":1709774463535,"action":"FILE_OPENED","file":"/crow-attr-text/src/main/kotlin/com/crow/attr/text/AttrTextLayout.kt","tags":{"FILE_LINE_OF_CODE":"1923"}}
{"ts":1709774463676,"action":"PROJECT_OPENED","tags":{"PROJECT_NAME":"AttrTextLayout"}}
{"ts":1709774652994,"action":"IDE_DEACTIVATED"}
{"ts":1709774793039,"action":"IDE_ACTIVATED"}
{"ts":1709775234337,"action":"FILE_CLOSED","file":"/crow-attr-text/src/main/kotlin/com/crow/attr/text/AttrTextLayout.kt","tags":{"FILE_LINE_OF_CODE":"1923"}}
{"ts":1709775234337,"action":"FILE_OPENED","file":"/app/src/main/kotlin/com/crow/attrtextlayout/MainActivity.kt","tags":{"FILE_LINE_OF_CODE":"117"}}
{"ts":1709775515265,"action":"IDE_DEACTIVATED"}
{"ts":1709775515270,"action":"IDE_ACTIVATED"}
{"ts":1709775516361,"action":"IDE_DEACTIVATED"}
{"ts":1709775518374,"action":"IDE_ACTIVATED"}
{"ts":1709775524059,"action":"IDE_DEACTIVATED"}
{"ts":1709775601745,"action":"IDE_ACTIVATED"}
{"ts":1709775643811,"action":"IDE_DEACTIVATED"}
{"ts":1709775701412,"action":"IDE_ACTIVATED"}
{"ts":1709775702376,"action":"IDE_DEACTIVATED"}
{"ts":1709775702466,"action":"IDE_ACTIVATED"}
{"ts":1709775703180,"action":"IDE_DEACTIVATED"}
{"ts":1709775703292,"action":"IDE_ACTIVATED"}
{"ts":1709775738928,"action":"IDE_DEACTIVATED"}
{"ts":1709775739041,"action":"IDE_ACTIVATED"}
{"ts":1709775817063,"action":"IDE_DEACTIVATED"}
{"ts":1709775817172,"action":"IDE_ACTIVATED"}
{"ts":1709775843970,"action":"IDE_DEACTIVATED"}
{"ts":1709775850004,"action":"IDE_ACTIVATED"}
{"ts":1709775851056,"action":"IDE_DEACTIVATED"}
{"ts":1709775923737,"action":"IDE_ACTIVATED"}
{"ts":1709776013405,"action":"IDE_DEACTIVATED"}
{"ts":1709776025532,"action":"IDE_ACTIVATED"}
{"ts":1709776035864,"action":"IDE_DEACTIVATED"}
{"ts":1709776038165,"action":"IDE_ACTIVATED"}
{"ts":1709776038921,"action":"IDE_DEACTIVATED"}
{"ts":1709776043569,"action":"IDE_ACTIVATED"}
{"ts":1709776150346,"action":"IDE_DEACTIVATED"}
{"ts":1709776151116,"action":"IDE_ACTIVATED"}
{"ts":1709776179160,"action":"IDE_DEACTIVATED"}
{"ts":1709776187709,"action":"IDE_ACTIVATED"}
{"ts":1709776191456,"action":"IDE_DEACTIVATED"}
{"ts":1709776194953,"action":"IDE_ACTIVATED"}
{"ts":1709776205612,"action":"IDE_DEACTIVATED"}
{"ts":1709776214070,"action":"IDE_ACTIVATED"}
{"ts":1709776310180,"action":"IDE_DEACTIVATED"}
{"ts":1709776320500,"action":"IDE_ACTIVATED"}
{"ts":1709776321522,"action":"IDE_DEACTIVATED"}
{"ts":1709776330408,"action":"IDE_ACTIVATED"}
{"ts":1709776380255,"action":"IDE_DEACTIVATED"}
{"ts":1709776380960,"action":"IDE_ACTIVATED"}
{"ts":1709776529359,"action":"IDE_DEACTIVATED"}
{"ts":1709776538322,"action":"IDE_ACTIVATED"}
{"ts":1709776540679,"action":"IDE_DEACTIVATED"}
{"ts":1709776544571,"action":"IDE_ACTIVATED"}
{"ts":1709776547278,"action":"IDE_DEACTIVATED"}
{"ts":1709777125220,"action":"IDE_ACTIVATED"}
{"ts":1709777137479,"action":"IDE_DEACTIVATED"}
{"ts":1709777138803,"action":"IDE_ACTIVATED"}
{"ts":1709777171694,"action":"IDE_DEACTIVATED"}
{"ts":1709777240513,"action":"IDE_ACTIVATED"}
{"ts":1709777262583,"action":"IDE_DEACTIVATED"}
{"ts":1709777265964,"action":"IDE_ACTIVATED"}
{"ts":1709777285785,"action":"IDE_DEACTIVATED"}
{"ts":1709777286887,"action":"IDE_ACTIVATED"}
{"ts":1709777287155,"action":"IDE_DEACTIVATED"}
{"ts":1709777289585,"action":"IDE_ACTIVATED"}
{"ts":1709777299305,"action":"IDE_DEACTIVATED"}
{"ts":1709777299876,"action":"IDE_ACTIVATED"}
{"ts":1709777304983,"action":"IDE_DEACTIVATED"}
{"ts":1709777306494,"action":"IDE_ACTIVATED"}
{"ts":1709777326226,"action":"IDE_DEACTIVATED"}
{"ts":1709777360308,"action":"IDE_ACTIVATED"}
{"ts":1709777386483,"action":"IDE_DEACTIVATED"}
{"ts":1709777426872,"action":"IDE_ACTIVATED"}
{"ts":1709777561754,"action":"IDE_DEACTIVATED"}
{"ts":1709777634618,"action":"IDE_ACTIVATED"}
{"ts":1709777634978,"action":"IDE_DEACTIVATED"}
{"ts":1709777635044,"action":"IDE_ACTIVATED"}
{"ts":1709777814632,"action":"IDE_DEACTIVATED"}
{"ts":1709777869596,"action":"IDE_ACTIVATED"}
{"ts":1709777907285,"action":"IDE_DEACTIVATED"}
{"ts":1709777912553,"action":"IDE_ACTIVATED"}
{"ts":1709777929414,"action":"IDE_DEACTIVATED"}
{"ts":1709777933443,"action":"IDE_ACTIVATED"}
{"ts":1709777944363,"action":"IDE_DEACTIVATED"}
{"ts":1709777945224,"action":"IDE_ACTIVATED"}
{"ts":1709777987711,"action":"IDE_DEACTIVATED"}
{"ts":1709777987831,"action":"IDE_ACTIVATED"}
{"ts":1709777989493,"action":"IDE_DEACTIVATED"}
{"ts":1709778041008,"action":"IDE_ACTIVATED"}
{"ts":1709778216133,"action":"IDE_DEACTIVATED"}
{"ts":1709778272424,"action":"IDE_ACTIVATED"}
{"ts":1709778285662,"action":"IDE_DEACTIVATED"}
{"ts":1709778292173,"action":"IDE_ACTIVATED"}
{"ts":1709778292655,"action":"IDE_DEACTIVATED"}
{"ts":1709778322250,"action":"IDE_ACTIVATED"}
{"ts":1709779753656,"action":"FILE_OPENED","file":"/app/src/main/kotlin/com/crow/attrtextlayout/MainActivity.kt","tags":{"FILE_LINE_OF_CODE":"117"}}
{"ts":1709779756634,"action":"PROJECT_OPENED","tags":{"PROJECT_NAME":"AttrTextLayout"}}
{"ts":1709779811184,"action":"IDE_DEACTIVATED"}
{"ts":1709779811276,"action":"IDE_ACTIVATED"}
{"ts":1709779812777,"action":"IDE_DEACTIVATED"}
{"ts":1709779812859,"action":"IDE_ACTIVATED"}
{"ts":1709779814055,"action":"IDE_DEACTIVATED"}
{"ts":1709779814144,"action":"IDE_ACTIVATED"}
{"ts":1709779993105,"action":"IDE_DEACTIVATED"}
{"ts":1709780026858,"action":"IDE_ACTIVATED"}
{"ts":1709780034641,"action":"IDE_DEACTIVATED"}
{"ts":1709780036517,"action":"IDE_ACTIVATED"}
{"ts":1709780072927,"action":"IDE_DEACTIVATED"}
{"ts":1709780162071,"action":"IDE_ACTIVATED"}
{"ts":1709780303086,"action":"IDE_DEACTIVATED"}
{"ts":1709780346983,"action":"IDE_ACTIVATED"}
{"ts":1709780399240,"action":"IDE_DEACTIVATED"}
{"ts":1709780430314,"action":"IDE_ACTIVATED"}
{"ts":1709780511749,"action":"IDE_DEACTIVATED"}
{"ts":1709780564402,"action":"IDE_ACTIVATED"}
{"ts":1709780568204,"action":"IDE_DEACTIVATED"}
{"ts":1709780636965,"action":"IDE_ACTIVATED"}
{"ts":1709780649700,"action":"IDE_DEACTIVATED"}
{"ts":1709780649744,"action":"IDE_ACTIVATED"}
{"ts":1709780652877,"action":"IDE_DEACTIVATED"}
{"ts":1709780653444,"action":"IDE_ACTIVATED"}
{"ts":1709780660277,"action":"IDE_DEACTIVATED"}
{"ts":1709780661770,"action":"IDE_ACTIVATED"}
{"ts":1709780669106,"action":"IDE_DEACTIVATED"}
{"ts":1709780828150,"action":"IDE_ACTIVATED"}
{"ts":1709780966674,"action":"IDE_DEACTIVATED"}
{"ts":1709780966777,"action":"IDE_ACTIVATED"}
{"ts":1709780967964,"action":"IDE_DEACTIVATED"}
{"ts":1709780968033,"action":"IDE_ACTIVATED"}
{"ts":1709781686452,"action":"IDE_DEACTIVATED"}
{"ts":1709781688058,"action":"IDE_ACTIVATED"}
{"ts":1709781694130,"action":"IDE_DEACTIVATED"}
{"ts":1709781713147,"action":"IDE_ACTIVATED"}
{"ts":1709781789544,"action":"IDE_DEACTIVATED"}
{"ts":1709781791667,"action":"IDE_ACTIVATED"}
{"ts":1709781793069,"action":"IDE_DEACTIVATED"}
{"ts":1709781795619,"action":"IDE_ACTIVATED"}
{"ts":1709781795982,"action":"IDE_DEACTIVATED"}
{"ts":1709781797888,"action":"IDE_ACTIVATED"}
{"ts":1709781798695,"action":"IDE_DEACTIVATED"}
{"ts":1709781810463,"action":"IDE_ACTIVATED"}
{"ts":1709782007021,"action":"IDE_DEACTIVATED"}
{"ts":1709782017978,"action":"IDE_ACTIVATED"}
{"ts":1709782070500,"action":"IDE_DEACTIVATED"}
{"ts":1709782070658,"action":"IDE_ACTIVATED"}
{"ts":1709782156236,"action":"IDE_DEACTIVATED"}
{"ts":1709782157830,"action":"IDE_ACTIVATED"}
{"ts":1709782170521,"action":"FILE_CLOSED","file":"/app/src/main/kotlin/com/crow/attrtextlayout/MainActivity.kt","tags":{"FILE_LINE_OF_CODE":"117"}}
{"ts":1709782170521,"action":"FILE_OPENED","file":"/crow-attr-text/src/main/kotlin/com/crow/attr/text/AttrTextLayout.kt","tags":{"FILE_LINE_OF_CODE":"1923"}}
{"ts":1709782196267,"action":"FILE_CLOSED","file":"/crow-attr-text/src/main/kotlin/com/crow/attr/text/AttrTextLayout.kt","tags":{"FILE_LINE_OF_CODE":"1923"}}
{"ts":1709782196267,"action":"FILE_OPENED","file":"/app/src/main/res/layout/activity_main.xml","tags":{"FILE_LINE_OF_CODE":"58"}}
{"ts":1709782500233,"action":"FILE_CLOSED","file":"/app/src/main/res/layout/activity_main.xml","tags":{"FILE_LINE_OF_CODE":"57"}}
{"ts":1709782500233,"action":"FILE_OPENED","file":"/crow-attr-text/src/main/kotlin/com/crow/attr/text/AttrTextLayout.kt","tags":{"FILE_LINE_OF_CODE":"1923"}}
{"ts":1709782580055,"action":"FILE_CLOSED","file":"/crow-attr-text/src/main/kotlin/com/crow/attr/text/AttrTextLayout.kt","tags":{"FILE_LINE_OF_CODE":"1923"}}
{"ts":1709782580055,"action":"FILE_OPENED","file":"/crow-attr-text/src/main/kotlin/com/crow/attr/text/AttrTextExt.kt","tags":{"FILE_LINE_OF_CODE":"101"}}
{"ts":1709782581841,"action":"FILE_CLOSED","file":"/crow-attr-text/src/main/kotlin/com/crow/attr/text/AttrTextExt.kt","tags":{"FILE_LINE_OF_CODE":"101"}}
{"ts":1709782581841,"action":"FILE_OPENED","file":"/app/src/main/res/layout/activity_main.xml","tags":{"FILE_LINE_OF_CODE":"57"}}
{"ts":1709782584879,"action":"FILE_CLOSED","file":"/app/src/main/res/layout/activity_main.xml","tags":{"FILE_LINE_OF_CODE":"57"}}
{"ts":1709782584879,"action":"FILE_OPENED","file":"/crow-attr-text/src/main/kotlin/com/crow/attr/text/AttrTextLayout.kt","tags":{"FILE_LINE_OF_CODE":"1923"}}
{"ts":1709782704188,"action":"IDE_DEACTIVATED"}
{"ts":1709782705197,"action":"IDE_ACTIVATED"}
{"ts":1709782706660,"action":"IDE_DEACTIVATED"}
{"ts":1709782707555,"action":"IDE_ACTIVATED"}
{"ts":1709782708482,"action":"IDE_DEACTIVATED"}
{"ts":1709782708690,"action":"IDE_ACTIVATED"}
{"ts":1709782719115,"action":"FILE_CLOSED","file":"/crow-attr-text/src/main/kotlin/com/crow/attr/text/AttrTextLayout.kt","tags":{"FILE_LINE_OF_CODE":"1924"}}
{"ts":1709782728004,"action":"FILE_OPENED","file":"/crow-attr-text/src/main/kotlin/com/crow/attr/text/AttrTextLayout.kt","tags":{"FILE_LINE_OF_CODE":"1924"}}
{"ts":1709782738181,"action":"FILE_CLOSED","file":"/crow-attr-text/src/main/kotlin/com/crow/attr/text/AttrTextLayout.kt","tags":{"FILE_LINE_OF_CODE":"1924"}}
{"ts":1709782738182,"action":"FILE_OPENED","file":"/app/src/main/res/layout/activity_main.xml","tags":{"FILE_LINE_OF_CODE":"57"}}
{"ts":1709782741778,"action":"IDE_DEACTIVATED"}
{"ts":1709782742777,"action":"IDE_ACTIVATED"}
{"ts":1709782746057,"action":"IDE_DEACTIVATED"}
{"ts":1709782749721,"action":"IDE_ACTIVATED"}
{"ts":1709782750690,"action":"FILE_CLOSED","file":"/app/src/main/res/layout/activity_main.xml","tags":{"FILE_LINE_OF_CODE":"57"}}
{"ts":1709782750690,"action":"FILE_OPENED","file":"/crow-attr-text/src/main/kotlin/com/crow/attr/text/AttrTextLayout.kt","tags":{"FILE_LINE_OF_CODE":"1924"}}
{"ts":1709782754545,"action":"IDE_DEACTIVATED"}
{"ts":1709782805510,"action":"IDE_ACTIVATED"}
{"ts":1709782875574,"action":"IDE_DEACTIVATED"}
{"ts":1709782900970,"action":"IDE_ACTIVATED"}
{"ts":1709782981042,"action":"IDE_DEACTIVATED"}
{"ts":1709783018123,"action":"IDE_ACTIVATED"}
{"ts":1709783042768,"action":"IDE_DEACTIVATED"}
{"ts":1709783057043,"action":"IDE_ACTIVATED"}
{"ts":1709783273069,"action":"FILE_CLOSED","file":"/crow-attr-text/src/main/kotlin/com/crow/attr/text/AttrTextLayout.kt","tags":{"FILE_LINE_OF_CODE":"1925"}}
{"ts":1709783282005,"action":"FILE_OPENED","file":"/crow-attr-text/src/main/kotlin/com/crow/attr/text/AttrTextLayout.kt","tags":{"FILE_LINE_OF_CODE":"1925"}}
{"ts":1709783345863,"action":"IDE_DEACTIVATED"}
{"ts":1709789930843,"action":"IDE_ACTIVATED"}
{"ts":1709789931451,"action":"IDE_DEACTIVATED"}
{"ts":1709790092978,"action":"IDE_ACTIVATED"}
{"ts":1709790193588,"action":"IDE_DEACTIVATED"}
{"ts":1709790195447,"action":"IDE_ACTIVATED"}
{"ts":1709790220994,"action":"FILE_CLOSED","file":"/crow-attr-text/src/main/kotlin/com/crow/attr/text/AttrTextLayout.kt","tags":{"FILE_LINE_OF_CODE":"1927"}}
{"ts":1709790220994,"action":"FILE_OPENED","file":"/app/src/main/res/layout/activity_main.xml","tags":{"FILE_LINE_OF_CODE":"57"}}
{"ts":1709790251625,"action":"FILE_CLOSED","file":"/app/src/main/res/layout/activity_main.xml","tags":{"FILE_LINE_OF_CODE":"57"}}
{"ts":1709790251625,"action":"FILE_OPENED","file":"/crow-attr-text/src/main/kotlin/com/crow/attr/text/AttrTextLayout.kt","tags":{"FILE_LINE_OF_CODE":"1927"}}
{"ts":1709790254927,"action":"FILE_CLOSED","file":"/crow-attr-text/src/main/kotlin/com/crow/attr/text/AttrTextLayout.kt","tags":{"FILE_LINE_OF_CODE":"1927"}}
{"ts":1709790255746,"action":"FILE_OPENED","file":"/crow-attr-text/src/main/kotlin/com/crow/attr/text/AttrTextView.kt","tags":{"FILE_LINE_OF_CODE":"781"}}
{"ts":1709790256679,"action":"FILE_CLOSED","file":"/crow-attr-text/src/main/kotlin/com/crow/attr/text/AttrTextView.kt","tags":{"FILE_LINE_OF_CODE":"781"}}
{"ts":1709790256679,"action":"FILE_OPENED","file":"/app/src/main/res/layout/activity_main.xml","tags":{"FILE_LINE_OF_CODE":"57"}}
{"ts":1709790268407,"action":"FILE_CLOSED","file":"/app/src/main/res/layout/activity_main.xml","tags":{"FILE_LINE_OF_CODE":"51"}}
{"ts":1709790268407,"action":"FILE_OPENED","file":"/app/src/main/kotlin/com/crow/attrtextlayout/MainActivity.kt","tags":{"FILE_LINE_OF_CODE":"117"}}
{"ts":1709790278400,"action":"FILE_CLOSED","file":"/app/src/main/kotlin/com/crow/attrtextlayout/MainActivity.kt","tags":{"FILE_LINE_OF_CODE":"117"}}
{"ts":1709790278401,"action":"FILE_OPENED","file":"/app/src/main/res/layout/activity_main.xml","tags":{"FILE_LINE_OF_CODE":"51"}}
{"ts":1709790289930,"action":"FILE_CLOSED","file":"/app/src/main/res/layout/activity_main.xml","tags":{"FILE_LINE_OF_CODE":"51"}}
{"ts":1709790289930,"action":"FILE_OPENED","file":"/app/src/main/kotlin/com/crow/attrtextlayout/MainActivity.kt","tags":{"FILE_LINE_OF_CODE":"117"}}
{"ts":1709790290687,"action":"FILE_CLOSED","file":"/app/src/main/kotlin/com/crow/attrtextlayout/MainActivity.kt","tags":{"FILE_LINE_OF_CODE":"117"}}
{"ts":1709790290687,"action":"FILE_OPENED","file":"/app/src/main/res/layout/activity_main.xml","tags":{"FILE_LINE_OF_CODE":"51"}}
{"ts":1709790292776,"action":"FILE_CLOSED","file":"/app/src/main/res/layout/activity_main.xml","tags":{"FILE_LINE_OF_CODE":"51"}}
{"ts":1709790292776,"action":"FILE_OPENED","file":"/app/src/main/kotlin/com/crow/attrtextlayout/MainActivity.kt","tags":{"FILE_LINE_OF_CODE":"117"}}
{"ts":1709790339321,"action":"FILE_CLOSED","file":"/app/src/main/kotlin/com/crow/attrtextlayout/MainActivity.kt","tags":{"FILE_LINE_OF_CODE":"117"}}
{"ts":1709790339321,"action":"FILE_OPENED","file":"/app/src/main/res/layout/activity_main.xml","tags":{"FILE_LINE_OF_CODE":"51"}}
{"ts":1709790343547,"action":"FILE_CLOSED","file":"/app/src/main/res/layout/activity_main.xml","tags":{"FILE_LINE_OF_CODE":"57"}}
{"ts":1709790343547,"action":"FILE_OPENED","file":"/crow-attr-text/src/main/kotlin/com/crow/attr/text/AttrTextLayout.kt","tags":{"FILE_LINE_OF_CODE":"1927"}}
{"ts":1709790758815,"action":"IDE_DEACTIVATED"}
{"ts":1709790759737,"action":"IDE_ACTIVATED"}
{"ts":1709790759792,"action":"IDE_DEACTIVATED"}
{"ts":1709790765437,"action":"IDE_ACTIVATED"}
{"ts":1709790766411,"action":"IDE_DEACTIVATED"}
{"ts":1709791045494,"action":"IDE_ACTIVATED"}
{"ts":1709791046608,"action":"IDE_DEACTIVATED"}
{"ts":1709791046731,"action":"IDE_ACTIVATED"}
{"ts":1709791049625,"action":"IDE_DEACTIVATED"}
{"ts":1709791049761,"action":"IDE_ACTIVATED"}
{"ts":1709791050170,"action":"IDE_DEACTIVATED"}
{"ts":1709791051484,"action":"IDE_ACTIVATED"}
{"ts":1709791112260,"action":"IDE_DEACTIVATED"}
{"ts":1709791112382,"action":"IDE_ACTIVATED"}
{"ts":1709791113079,"action":"IDE_DEACTIVATED"}
{"ts":1709791113770,"action":"IDE_ACTIVATED"}
{"ts":1709791113836,"action":"IDE_DEACTIVATED"}
{"ts":1709791115230,"action":"IDE_ACTIVATED"}
{"ts":1709791377720,"action":"IDE_DEACTIVATED"}
{"ts":1709791377846,"action":"IDE_ACTIVATED"}
{"ts":1709791378297,"action":"IDE_DEACTIVATED"}
{"ts":1709791397841,"action":"IDE_ACTIVATED"}
{"ts":1709791431437,"action":"IDE_DEACTIVATED"}
{"ts":1709791431599,"action":"IDE_ACTIVATED"}
{"ts":1709791438023,"action":"FILE_CLOSED","file":"/crow-attr-text/src/main/kotlin/com/crow/attr/text/AttrTextLayout.kt","tags":{"FILE_LINE_OF_CODE":"1927"}}
{"ts":1709791438023,"action":"FILE_OPENED","file":"/app/src/main/res/layout/activity_main.xml","tags":{"FILE_LINE_OF_CODE":"57"}}
{"ts":1709791645162,"action":"IDE_DEACTIVATED"}
{"ts":1709791889613,"action":"IDE_ACTIVATED"}
{"ts":1709791890958,"action":"IDE_DEACTIVATED"}
{"ts":1709791891071,"action":"IDE_ACTIVATED"}
{"ts":1709792008657,"action":"IDE_DEACTIVATED"}
{"ts":1709792030284,"action":"IDE_ACTIVATED"}
{"ts":1709792041031,"action":"FILE_CLOSED","file":"/app/src/main/res/layout/activity_main.xml","tags":{"FILE_LINE_OF_CODE":"173"}}
{"ts":1709792041031,"action":"FILE_OPENED","file":"/crow-attr-text/src/main/kotlin/com/crow/attr/text/AttrTextLayout.kt","tags":{"FILE_LINE_OF_CODE":"1927"}}
{"ts":1709792043800,"action":"IDE_DEACTIVATED"}
{"ts":1709792055650,"action":"IDE_ACTIVATED"}
{"ts":1709792066317,"action":"IDE_DEACTIVATED"}
{"ts":1709792132924,"action":"IDE_ACTIVATED"}
{"ts":1709792134036,"action":"IDE_DEACTIVATED"}
{"ts":1709792150196,"action":"IDE_ACTIVATED"}
{"ts":1709792227740,"action":"IDE_DEACTIVATED"}
{"ts":1709792232176,"action":"IDE_ACTIVATED"}
{"ts":1709792258902,"action":"IDE_DEACTIVATED"}
{"ts":1709792271154,"action":"IDE_ACTIVATED"}
{"ts":1709792301292,"action":"IDE_DEACTIVATED"}
{"ts":1709792319874,"action":"IDE_ACTIVATED"}
{"ts":1709792405188,"action":"IDE_DEACTIVATED"}
{"ts":1709792406412,"action":"IDE_ACTIVATED"}
{"ts":1709792407473,"action":"IDE_DEACTIVATED"}
{"ts":1709792408467,"action":"IDE_ACTIVATED"}
{"ts":1709792431940,"action":"IDE_DEACTIVATED"}
{"ts":1709792436353,"action":"IDE_ACTIVATED"}
{"ts":1709792448492,"action":"IDE_DEACTIVATED"}
{"ts":1709792449059,"action":"IDE_ACTIVATED"}
{"ts":1709792539805,"action":"FILE_CLOSED","file":"/crow-attr-text/src/main/kotlin/com/crow/attr/text/AttrTextLayout.kt","tags":{"FILE_LINE_OF_CODE":"1927"}}
{"ts":1709792539805,"action":"FILE_OPENED","file":"/crow-attr-text/src/main/kotlin/com/crow/attr/text/IAttrText.kt","tags":{"FILE_LINE_OF_CODE":"276"}}
{"ts":1709792541532,"action":"FILE_CLOSED","file":"/crow-attr-text/src/main/kotlin/com/crow/attr/text/IAttrText.kt","tags":{"FILE_LINE_OF_CODE":"276"}}
{"ts":1709792541532,"action":"FILE_OPENED","file":"/app/src/main/res/layout/activity_main.xml","tags":{"FILE_LINE_OF_CODE":"173"}}
{"ts":1709792602385,"action":"IDE_DEACTIVATED"}
{"ts":1709792633977,"action":"IDE_ACTIVATED"}
{"ts":1709792636531,"action":"FILE_CLOSED","file":"/app/src/main/res/layout/activity_main.xml","tags":{"FILE_LINE_OF_CODE":"173"}}
{"ts":1709792636531,"action":"FILE_OPENED","file":"/crow-attr-text/src/main/kotlin/com/crow/attr/text/AttrTextLayout.kt","tags":{"FILE_LINE_OF_CODE":"1927"}}
{"ts":1709792673594,"action":"IDE_DEACTIVATED"}
{"ts":1709792677287,"action":"IDE_ACTIVATED"}
{"ts":1709792677380,"action":"FILE_CLOSED","file":"/crow-attr-text/src/main/kotlin/com/crow/attr/text/AttrTextLayout.kt","tags":{"FILE_LINE_OF_CODE":"1926"}}
{"ts":1709792677380,"action":"FILE_OPENED","file":"/app/src/main/res/layout/activity_main.xml","tags":{"FILE_LINE_OF_CODE":"173"}}
{"ts":1709792693982,"action":"FILE_CLOSED","file":"/app/src/main/res/layout/activity_main.xml","tags":{"FILE_LINE_OF_CODE":"173"}}
{"ts":1709792693982,"action":"FILE_OPENED","file":"/crow-attr-text/src/main/kotlin/com/crow/attr/text/AttrTextLayout.kt","tags":{"FILE_LINE_OF_CODE":"1926"}}
{"ts":1709792789547,"action":"FILE_CLOSED","file":"/crow-attr-text/src/main/kotlin/com/crow/attr/text/AttrTextLayout.kt","tags":{"FILE_LINE_OF_CODE":"1926"}}
{"ts":1709792789547,"action":"FILE_OPENED","file":"/app/src/main/kotlin/com/crow/attrtextlayout/MainActivity.kt","tags":{"FILE_LINE_OF_CODE":"117"}}
{"ts":1709792798266,"action":"IDE_DEACTIVATED"}
{"ts":1709792814088,"action":"IDE_ACTIVATED"}
{"ts":1709792816555,"action":"FILE_CLOSED","file":"/app/src/main/kotlin/com/crow/attrtextlayout/MainActivity.kt","tags":{"FILE_LINE_OF_CODE":"117"}}
{"ts":1709792816555,"action":"FILE_OPENED","file":"/crow-attr-text/src/main/kotlin/com/crow/attr/text/AttrTextLayout.kt","tags":{"FILE_LINE_OF_CODE":"1926"}}
{"ts":1709793022868,"action":"FILE_CLOSED","file":"/crow-attr-text/src/main/kotlin/com/crow/attr/text/AttrTextLayout.kt","tags":{"FILE_LINE_OF_CODE":"1926"}}
{"ts":1709793024924,"action":"FILE_OPENED","file":"/crow-attr-text/src/main/kotlin/com/crow/attr/text/AttrTextLayout.kt","tags":{"FILE_LINE_OF_CODE":"1926"}}
{"ts":1709793411583,"action":"IDE_DEACTIVATED"}
{"ts":1709793425522,"action":"IDE_ACTIVATED"}
{"ts":1709793520192,"action":"IDE_DEACTIVATED"}
{"ts":1709793560045,"action":"IDE_ACTIVATED"}
{"ts":1709793766181,"action":"IDE_DEACTIVATED"}
{"ts":1709793778420,"action":"IDE_ACTIVATED"}
{"ts":1709793981156,"action":"IDE_DEACTIVATED"}
{"ts":1709793984944,"action":"IDE_ACTIVATED"}
{"ts":1709794072043,"action":"IDE_DEACTIVATED"}
{"ts":1709794075970,"action":"IDE_ACTIVATED"}
{"ts":1709794286039,"action":"FILE_CLOSED","file":"/crow-attr-text/src/main/kotlin/com/crow/attr/text/AttrTextLayout.kt","tags":{"FILE_LINE_OF_CODE":"1895"}}
{"ts":1709794286039,"action":"FILE_OPENED","file":"/app/src/main/kotlin/com/crow/attrtextlayout/MainActivity.kt","tags":{"FILE_LINE_OF_CODE":"117"}}
{"ts":1709794287438,"action":"FILE_CLOSED","file":"/app/src/main/kotlin/com/crow/attrtextlayout/MainActivity.kt","tags":{"FILE_LINE_OF_CODE":"117"}}
{"ts":1709794287438,"action":"FILE_OPENED","file":"/crow-attr-text/src/main/kotlin/com/crow/attr/text/AttrTextLayout.kt","tags":{"FILE_LINE_OF_CODE":"1895"}}
{"ts":1709794365930,"action":"FILE_CLOSED","file":"/crow-attr-text/src/main/kotlin/com/crow/attr/text/AttrTextLayout.kt","tags":{"FILE_LINE_OF_CODE":"1859"}}
{"ts":1709794365930,"action":"FILE_OPENED","file":"/app/src/main/kotlin/com/crow/attrtextlayout/MainActivity.kt","tags":{"FILE_LINE_OF_CODE":"117"}}
{"ts":1709794372357,"action":"IDE_DEACTIVATED"}
{"ts":1709794376817,"action":"IDE_ACTIVATED"}
{"ts":1709794377674,"action":"IDE_DEACTIVATED"}
{"ts":1709794378804,"action":"IDE_ACTIVATED"}
{"ts":1709794379250,"action":"IDE_DEACTIVATED"}
{"ts":1709794393942,"action":"IDE_ACTIVATED"}
{"ts":1709794512069,"action":"FILE_CLOSED","file":"/app/src/main/kotlin/com/crow/attrtextlayout/MainActivity.kt","tags":{"FILE_LINE_OF_CODE":"116"}}
{"ts":1709794512069,"action":"FILE_OPENED","file":"/crow-attr-text/src/main/kotlin/com/crow/attr/text/AttrTextLayout.kt","tags":{"FILE_LINE_OF_CODE":"1859"}}
{"ts":1709794517832,"action":"IDE_DEACTIVATED"}
{"ts":1709794844682,"action":"IDE_ACTIVATED"}
{"ts":1709794845652,"action":"IDE_DEACTIVATED"}
{"ts":1709795144333,"action":"IDE_ACTIVATED"}
{"ts":1709795146840,"action":"IDE_DEACTIVATED"}
{"ts":1709795147903,"action":"IDE_ACTIVATED"}
{"ts":1709795147974,"action":"IDE_DEACTIVATED"}
{"ts":1709795182215,"action":"IDE_ACTIVATED"}
{"ts":1709795189374,"action":"IDE_DEACTIVATED"}
{"ts":1709795721335,"action":"IDE_ACTIVATED"}
{"ts":1709795729587,"action":"IDE_DEACTIVATED"}
{"ts":1709795731658,"action":"IDE_ACTIVATED"}
{"ts":1709795755738,"action":"IDE_DEACTIVATED"}
{"ts":1709795776506,"action":"IDE_ACTIVATED"}
{"ts":1709795777451,"action":"IDE_DEACTIVATED"}
{"ts":1709795781082,"action":"IDE_ACTIVATED"}
{"ts":1709795892044,"action":"IDE_DEACTIVATED"}
{"ts":1709795895968,"action":"IDE_ACTIVATED"}
{"ts":1709795919139,"action":"IDE_DEACTIVATED"}
{"ts":1709795924032,"action":"IDE_ACTIVATED"}
{"ts":1709795963234,"action":"IDE_DEACTIVATED"}
{"ts":1709795993417,"action":"IDE_ACTIVATED"}
{"ts":1709795998069,"action":"IDE_DEACTIVATED"}
{"ts":1709795998178,"action":"IDE_ACTIVATED"}
{"ts":1709795999991,"action":"IDE_DEACTIVATED"}
{"ts":1709796001190,"action":"IDE_ACTIVATED"}
{"ts":1709796001242,"action":"IDE_DEACTIVATED"}
{"ts":1709796214755,"action":"IDE_ACTIVATED"}
{"ts":1709796215793,"action":"IDE_DEACTIVATED"}
{"ts":1709796303560,"action":"IDE_ACTIVATED"}
{"ts":1709796352839,"action":"IDE_DEACTIVATED"}
{"ts":1709796353842,"action":"IDE_ACTIVATED"}
{"ts":1709796402001,"action":"IDE_DEACTIVATED"}
{"ts":1709796408440,"action":"IDE_ACTIVATED"}
{"ts":1709796430983,"action":"IDE_DEACTIVATED"}
{"ts":1709796431966,"action":"IDE_ACTIVATED"}
{"ts":1709796433161,"action":"IDE_DEACTIVATED"}
{"ts":1709796435772,"action":"IDE_ACTIVATED"}
{"ts":1709796569720,"action":"IDE_DEACTIVATED"}
{"ts":1709796572503,"action":"IDE_ACTIVATED"}
{"ts":1709796581523,"action":"FILE_CLOSED","file":"/crow-attr-text/src/main/kotlin/com/crow/attr/text/AttrTextLayout.kt","tags":{"FILE_LINE_OF_CODE":"1860"}}
{"ts":1709796581523,"action":"FILE_OPENED","file":"/app/src/main/res/layout/activity_main.xml","tags":{"FILE_LINE_OF_CODE":"173"}}
{"ts":1709796614639,"action":"IDE_DEACTIVATED"}
{"ts":1709796628766,"action":"IDE_ACTIVATED"}
{"ts":1709796645719,"action":"FILE_CLOSED","file":"/app/src/main/res/layout/activity_main.xml","tags":{"FILE_LINE_OF_CODE":"173"}}
{"ts":1709796645719,"action":"FILE_OPENED","file":"/crow-attr-text/src/main/kotlin/com/crow/attr/text/AttrTextLayout.kt","tags":{"FILE_LINE_OF_CODE":"1860"}}
{"ts":1709796672724,"action":"IDE_DEACTIVATED"}
{"ts":1709796695959,"action":"IDE_ACTIVATED"}
{"ts":1709796708498,"action":"IDE_DEACTIVATED"}
{"ts":1709796709752,"action":"IDE_ACTIVATED"}
{"ts":1709796770291,"action":"IDE_DEACTIVATED"}
{"ts":1709796772908,"action":"IDE_ACTIVATED"}
{"ts":1709796792983,"action":"IDE_DEACTIVATED"}
{"ts":1709796799708,"action":"IDE_ACTIVATED"}
{"ts":1709796846971,"action":"IDE_DEACTIVATED"}
{"ts":1709796847559,"action":"IDE_ACTIVATED"}
{"ts":1709796847634,"action":"IDE_DEACTIVATED"}
{"ts":1709796857347,"action":"IDE_ACTIVATED"}
{"ts":1709796901527,"action":"IDE_DEACTIVATED"}
{"ts":1709796910676,"action":"IDE_ACTIVATED"}
{"ts":1709796949399,"action":"IDE_DEACTIVATED"}
{"ts":1709796950771,"action":"IDE_ACTIVATED"}
{"ts":1709796952150,"action":"IDE_DEACTIVATED"}
{"ts":1709796954965,"action":"IDE_ACTIVATED"}
{"ts":1709797043264,"action":"IDE_DEACTIVATED"}
{"ts":1709797044493,"action":"IDE_ACTIVATED"}
{"ts":1709797048318,"action":"IDE_DEACTIVATED"}
{"ts":1709797051554,"action":"IDE_ACTIVATED"}
{"ts":1709797144497,"action":"FILE_CLOSED","file":"/crow-attr-text/src/main/kotlin/com/crow/attr/text/AttrTextLayout.kt","tags":{"FILE_LINE_OF_CODE":"1860"}}
{"ts":1709797144497,"action":"FILE_OPENED","file":"/crow-attr-text/src/main/kotlin/com/crow/attr/text/AttrTextView.kt","tags":{"FILE_LINE_OF_CODE":"781"}}
{"ts":1709797145184,"action":"FILE_CLOSED","file":"/crow-attr-text/src/main/kotlin/com/crow/attr/text/AttrTextView.kt","tags":{"FILE_LINE_OF_CODE":"781"}}
{"ts":1709797145184,"action":"FILE_OPENED","file":"/app/src/main/kotlin/com/crow/attrtextlayout/MainActivity.kt","tags":{"FILE_LINE_OF_CODE":"116"}}
{"ts":1709797147273,"action":"FILE_CLOSED","file":"/app/src/main/kotlin/com/crow/attrtextlayout/MainActivity.kt","tags":{"FILE_LINE_OF_CODE":"116"}}
{"ts":1709797147273,"action":"FILE_OPENED","file":"/app/src/main/res/layout/activity_main.xml","tags":{"FILE_LINE_OF_CODE":"173"}}
{"ts":1709797171250,"action":"IDE_DEACTIVATED"}
{"ts":1709797188756,"action":"IDE_ACTIVATED"}
{"ts":1709797469701,"action":"FILE_CLOSED","file":"/app/src/main/res/layout/activity_main.xml","tags":{"FILE_LINE_OF_CODE":"174"}}
{"ts":1709797469701,"action":"FILE_OPENED","file":"/app/src/main/kotlin/com/crow/attrtextlayout/MainActivity.kt","tags":{"FILE_LINE_OF_CODE":"116"}}
{"ts":1709797474557,"action":"FILE_CLOSED","file":"/app/src/main/kotlin/com/crow/attrtextlayout/MainActivity.kt","tags":{"FILE_LINE_OF_CODE":"116"}}
{"ts":1709797474557,"action":"FILE_OPENED","file":"/crow-attr-text/src/main/kotlin/com/crow/attr/text/AttrTextLayout.kt","tags":{"FILE_LINE_OF_CODE":"1860"}}
{"ts":1709798478737,"action":"IDE_DEACTIVATED"}
{"ts":1709798480899,"action":"IDE_ACTIVATED"}
{"ts":1709798481686,"action":"IDE_DEACTIVATED"}
{"ts":1709798600287,"action":"IDE_ACTIVATED"}
{"ts":1709798927541,"action":"IDE_DEACTIVATED"}
{"ts":1709798929564,"action":"IDE_ACTIVATED"}
{"ts":1709799045368,"action":"IDE_DEACTIVATED"}
{"ts":1709799077003,"action":"IDE_ACTIVATED"}
{"ts":1709799077082,"action":"FILE_CLOSED","file":"/crow-attr-text/src/main/kotlin/com/crow/attr/text/AttrTextLayout.kt","tags":{"FILE_LINE_OF_CODE":"1878"}}
{"ts":1709799077082,"action":"FILE_OPENED","file":"/app/src/main/res/layout/activity_main.xml","tags":{"FILE_LINE_OF_CODE":"174"}}
{"ts":1709799089228,"action":"IDE_DEACTIVATED"}
{"ts":1709799092483,"action":"IDE_ACTIVATED"}
{"ts":1709799109968,"action":"FILE_CLOSED","file":"/app/src/main/res/layout/activity_main.xml","tags":{"FILE_LINE_OF_CODE":"175"}}
{"ts":1709799109968,"action":"FILE_OPENED","file":"/crow-attr-text/src/main/kotlin/com/crow/attr/text/AttrTextLayout.kt","tags":{"FILE_LINE_OF_CODE":"1878"}}
{"ts":1709799171427,"action":"FILE_CLOSED","file":"/crow-attr-text/src/main/kotlin/com/crow/attr/text/AttrTextLayout.kt","tags":{"FILE_LINE_OF_CODE":"1878"}}
{"ts":1709799171427,"action":"FILE_OPENED","file":"/app/src/main/res/layout/activity_main.xml","tags":{"FILE_LINE_OF_CODE":"175"}}
{"ts":1709799269752,"action":"FILE_CLOSED","file":"/app/src/main/res/layout/activity_main.xml","tags":{"FILE_LINE_OF_CODE":"175"}}
{"ts":1709799269752,"action":"FILE_OPENED","file":"/app/src/main/kotlin/com/crow/attrtextlayout/MainActivity.kt","tags":{"FILE_LINE_OF_CODE":"116"}}
{"ts":1709799272280,"action":"FILE_CLOSED","file":"/app/src/main/kotlin/com/crow/attrtextlayout/MainActivity.kt","tags":{"FILE_LINE_OF_CODE":"116"}}
{"ts":1709799272280,"action":"FILE_OPENED","file":"/crow-attr-text/src/main/kotlin/com/crow/attr/text/AttrTextLayout.kt","tags":{"FILE_LINE_OF_CODE":"1878"}}
{"ts":1709799377487,"action":"FILE_CLOSED","file":"/crow-attr-text/src/main/kotlin/com/crow/attr/text/AttrTextLayout.kt","tags":{"FILE_LINE_OF_CODE":"1878"}}
{"ts":1709799377487,"action":"FILE_OPENED","file":"/crow-attr-text/src/main/kotlin/com/crow/attr/text/AttrTextView.kt","tags":{"FILE_LINE_OF_CODE":"781"}}
{"ts":1709799378608,"action":"FILE_CLOSED","file":"/crow-attr-text/src/main/kotlin/com/crow/attr/text/AttrTextView.kt","tags":{"FILE_LINE_OF_CODE":"781"}}
{"ts":1709799378608,"action":"FILE_OPENED","file":"/app/src/main/kotlin/com/crow/attrtextlayout/MainActivity.kt","tags":{"FILE_LINE_OF_CODE":"116"}}
{"ts":1709799379320,"action":"FILE_CLOSED","file":"/app/src/main/kotlin/com/crow/attrtextlayout/MainActivity.kt","tags":{"FILE_LINE_OF_CODE":"116"}}
{"ts":1709799379320,"action":"FILE_OPENED","file":"/app/src/main/res/layout/activity_main.xml","tags":{"FILE_LINE_OF_CODE":"175"}}
{"ts":1709799395124,"action":"IDE_DEACTIVATED"}
{"ts":1709799395944,"action":"IDE_ACTIVATED"}
{"ts":1709799429543,"action":"FILE_CLOSED","file":"/app/src/main/res/layout/activity_main.xml","tags":{"FILE_LINE_OF_CODE":"175"}}
{"ts":1709799429543,"action":"FILE_OPENED","file":"/crow-attr-text/src/main/kotlin/com/crow/attr/text/AttrTextLayout.kt","tags":{"FILE_LINE_OF_CODE":"1878"}}
{"ts":1709799517799,"action":"FILE_CLOSED","file":"/crow-attr-text/src/main/kotlin/com/crow/attr/text/AttrTextLayout.kt","tags":{"FILE_LINE_OF_CODE":"1881"}}
{"ts":1709799517799,"action":"FILE_OPENED","file":"/app/src/main/kotlin/com/crow/attrtextlayout/MainActivity.kt","tags":{"FILE_LINE_OF_CODE":"116"}}
{"ts":1709799518904,"action":"FILE_CLOSED","file":"/app/src/main/kotlin/com/crow/attrtextlayout/MainActivity.kt","tags":{"FILE_LINE_OF_CODE":"116"}}
{"ts":1709799518904,"action":"FILE_OPENED","file":"/app/src/main/res/layout/activity_main.xml","tags":{"FILE_LINE_OF_CODE":"175"}}
{"ts":1709799571509,"action":"FILE_CLOSED","file":"/app/src/main/res/layout/activity_main.xml","tags":{"FILE_LINE_OF_CODE":"175"}}
{"ts":1709799571509,"action":"FILE_OPENED","file":"/app/src/main/kotlin/com/crow/attrtextlayout/MainActivity.kt","tags":{"FILE_LINE_OF_CODE":"116"}}
{"ts":1709799575953,"action":"FILE_CLOSED","file":"/app/src/main/kotlin/com/crow/attrtextlayout/MainActivity.kt","tags":{"FILE_LINE_OF_CODE":"116"}}
{"ts":1709799575953,"action":"FILE_OPENED","file":"/crow-attr-text/src/main/kotlin/com/crow/attr/text/AttrTextLayout.kt","tags":{"FILE_LINE_OF_CODE":"1881"}}
{"ts":1709799592856,"action":"IDE_DEACTIVATED"}
{"ts":1709799594315,"action":"IDE_ACTIVATED"}
{"ts":1709799650987,"action":"FILE_CLOSED","file":"/crow-attr-text/src/main/kotlin/com/crow/attr/text/AttrTextLayout.kt","tags":{"FILE_LINE_OF_CODE":"1878"}}
{"ts":1709799650987,"action":"FILE_OPENED","file":"/app/src/main/res/layout/activity_main.xml","tags":{"FILE_LINE_OF_CODE":"175"}}
{"ts":1709799919502,"action":"FILE_CLOSED","file":"/app/src/main/res/layout/activity_main.xml","tags":{"FILE_LINE_OF_CODE":"175"}}
{"ts":1709799919502,"action":"FILE_OPENED","file":"/crow-attr-text/src/main/kotlin/com/crow/attr/text/AttrTextLayout.kt","tags":{"FILE_LINE_OF_CODE":"1878"}}
{"ts":1709800283526,"action":"FILE_CLOSED","file":"/crow-attr-text/src/main/kotlin/com/crow/attr/text/AttrTextLayout.kt","tags":{"FILE_LINE_OF_CODE":"1885"}}
{"ts":1709800284675,"action":"FILE_OPENED","file":"/crow-attr-text/src/main/kotlin/com/crow/attr/text/AttrTextLayout.kt","tags":{"FILE_LINE_OF_CODE":"1885"}}
{"ts":1709800366742,"action":"IDE_DEACTIVATED"}
{"ts":1709800553783,"action":"IDE_ACTIVATED"}
{"ts":1709800752137,"action":"IDE_DEACTIVATED"}
{"ts":1709800752871,"action":"IDE_ACTIVATED"}
{"ts":1709800752909,"action":"IDE_DEACTIVATED"}
{"ts":1709801097055,"action":"IDE_ACTIVATED"}
{"ts":1709801283652,"action":"FILE_CLOSED","file":"/crow-attr-text/src/main/kotlin/com/crow/attr/text/AttrTextLayout.kt","tags":{"FILE_LINE_OF_CODE":"1881"}}
{"ts":1709801283652,"action":"FILE_OPENED","file":"/app/src/main/res/layout/activity_main.xml","tags":{"FILE_LINE_OF_CODE":"175"}}
{"ts":1709801381166,"action":"FILE_CLOSED","file":"/app/src/main/res/layout/activity_main.xml","tags":{"FILE_LINE_OF_CODE":"174"}}
{"ts":1709801381166,"action":"FILE_OPENED","file":"/crow-attr-text/src/main/kotlin/com/crow/attr/text/AttrTextLayout.kt","tags":{"FILE_LINE_OF_CODE":"1881"}}
{"ts":1709801382471,"action":"FILE_CLOSED","file":"/crow-attr-text/src/main/kotlin/com/crow/attr/text/AttrTextLayout.kt","tags":{"FILE_LINE_OF_CODE":"1881"}}
{"ts":1709801382471,"action":"FILE_OPENED","file":"/app/src/main/res/layout/activity_main.xml","tags":{"FILE_LINE_OF_CODE":"174"}}
{"ts":1709801401406,"action":"FILE_CLOSED","file":"/app/src/main/res/layout/activity_main.xml","tags":{"FILE_LINE_OF_CODE":"175"}}
{"ts":1709801401406,"action":"FILE_OPENED","file":"/crow-attr-text/src/main/kotlin/com/crow/attr/text/AttrTextLayout.kt","tags":{"FILE_LINE_OF_CODE":"1881"}}
{"ts":1709801409922,"action":"FILE_CLOSED","file":"/crow-attr-text/src/main/kotlin/com/crow/attr/text/AttrTextLayout.kt","tags":{"FILE_LINE_OF_CODE":"1881"}}
{"ts":1709801409922,"action":"FILE_OPENED","file":"/app/src/main/kotlin/com/crow/attrtextlayout/MainActivity.kt","tags":{"FILE_LINE_OF_CODE":"116"}}
{"ts":1709801506432,"action":"IDE_DEACTIVATED"}
{"ts":1709801523415,"action":"IDE_ACTIVATED"}
{"ts":1709801544500,"action":"FILE_CLOSED","file":"/app/src/main/kotlin/com/crow/attrtextlayout/MainActivity.kt","tags":{"FILE_LINE_OF_CODE":"118"}}
{"ts":1709801544500,"action":"FILE_OPENED","file":"/app/src/main/res/layout/activity_main.xml","tags":{"FILE_LINE_OF_CODE":"175"}}
{"ts":1709801546993,"action":"IDE_DEACTIVATED"}
{"ts":1709801547672,"action":"IDE_ACTIVATED"}
{"ts":1709801583164,"action":"FILE_CLOSED","file":"/app/src/main/res/layout/activity_main.xml","tags":{"FILE_LINE_OF_CODE":"175"}}
{"ts":1709801583164,"action":"FILE_OPENED","file":"/app/src/main/kotlin/com/crow/attrtextlayout/MainActivity.kt","tags":{"FILE_LINE_OF_CODE":"118"}}
{"ts":1709801589914,"action":"FILE_CLOSED","file":"/app/src/main/kotlin/com/crow/attrtextlayout/MainActivity.kt","tags":{"FILE_LINE_OF_CODE":"118"}}
{"ts":1709801589914,"action":"FILE_OPENED","file":"/crow-attr-text/src/main/kotlin/com/crow/attr/text/AttrTextLayout.kt","tags":{"FILE_LINE_OF_CODE":"1881"}}
{"ts":1709801593967,"action":"FILE_CLOSED","file":"/crow-attr-text/src/main/kotlin/com/crow/attr/text/AttrTextLayout.kt","tags":{"FILE_LINE_OF_CODE":"1881"}}
{"ts":1709801593967,"action":"FILE_OPENED","file":"/app/src/main/kotlin/com/crow/attrtextlayout/MainActivity.kt","tags":{"FILE_LINE_OF_CODE":"118"}}
{"ts":1709801623820,"action":"FILE_CLOSED","file":"/app/src/main/kotlin/com/crow/attrtextlayout/MainActivity.kt","tags":{"FILE_LINE_OF_CODE":"118"}}
{"ts":1709801623820,"action":"FILE_OPENED","file":"/crow-attr-text/src/main/kotlin/com/crow/attr/text/AttrTextLayout.kt","tags":{"FILE_LINE_OF_CODE":"1881"}}
{"ts":1709801668757,"action":"FILE_CLOSED","file":"/crow-attr-text/src/main/kotlin/com/crow/attr/text/AttrTextLayout.kt","tags":{"FILE_LINE_OF_CODE":"1881"}}
{"ts":1709801668757,"action":"FILE_OPENED","file":"/app/src/main/kotlin/com/crow/attrtextlayout/MainActivity.kt","tags":{"FILE_LINE_OF_CODE":"118"}}
{"ts":1709801670123,"action":"FILE_CLOSED","file":"/app/src/main/kotlin/com/crow/attrtextlayout/MainActivity.kt","tags":{"FILE_LINE_OF_CODE":"118"}}
{"ts":1709801670123,"action":"FILE_OPENED","file":"/crow-attr-text/src/main/kotlin/com/crow/attr/text/AttrTextLayout.kt","tags":{"FILE_LINE_OF_CODE":"1881"}}
{"ts":1709802056428,"action":"IDE_DEACTIVATED"}
{"ts":1709802072888,"action":"IDE_ACTIVATED"}
{"ts":1709802076715,"action":"IDE_DEACTIVATED"}
{"ts":1709802094736,"action":"IDE_ACTIVATED"}
{"ts":1709802099079,"action":"IDE_DEACTIVATED"}
{"ts":1709802099986,"action":"IDE_ACTIVATED"}
{"ts":1709802109862,"action":"FILE_CLOSED","file":"/crow-attr-text/src/main/kotlin/com/crow/attr/text/AttrTextLayout.kt","tags":{"FILE_LINE_OF_CODE":"1881"}}
{"ts":1709802109862,"action":"FILE_OPENED","file":"/crow-attr-text/src/main/kotlin/com/crow/attr/text/AttrTextLayout2.kt","tags":{"FILE_LINE_OF_CODE":"1881"}}
{"ts":1709802111435,"action":"FILE_CLOSED","file":"/crow-attr-text/src/main/kotlin/com/crow/attr/text/AttrTextLayout2.kt","tags":{"FILE_LINE_OF_CODE":"1881"}}
{"ts":1709802111435,"action":"FILE_OPENED","file":"/crow-attr-text/src/main/kotlin/com/crow/attr/text/AttrTextLayout.kt","tags":{"FILE_LINE_OF_CODE":"1881"}}
{"ts":1709802190446,"action":"IDE_DEACTIVATED"}
{"ts":1709802191233,"action":"IDE_ACTIVATED"}
{"ts":1709802197834,"action":"FILE_CLOSED","file":"/crow-attr-text/src/main/kotlin/com/crow/attr/text/AttrTextLayout.kt","tags":{"FILE_LINE_OF_CODE":"1881"}}
{"ts":1709802197834,"action":"FILE_OPENED","file":"/gradle.properties","tags":{"FILE_LINE_OF_CODE":"44"}}
{"ts":1709802221397,"action":"IDE_DEACTIVATED"}
{"ts":1709802234457,"action":"IDE_ACTIVATED"}
{"ts":1709802246434,"action":"IDE_DEACTIVATED"}
{"ts":1709802286256,"action":"IDE_ACTIVATED"}
{"ts":1709802288422,"action":"IDE_DEACTIVATED"}
{"ts":1709802289027,"action":"IDE_ACTIVATED"}
{"ts":1709802296191,"action":"PROJECT_CLOSED","tags":{"PROJECT_NAME":"AttrTextLayout"}}
{"ts":1710148694808,"action":"FILE_OPENED","file":"/gradle.properties","tags":{"FILE_LINE_OF_CODE":"44"}}
{"ts":1710148694742,"action":"PROJECT_OPENED","tags":{"PROJECT_NAME":"AttrTextLayout"}}
{"ts":1710148706791,"action":"FILE_CLOSED","file":"/gradle.properties","tags":{"FILE_LINE_OF_CODE":"44"}}
{"ts":1710148706791,"action":"FILE_OPENED","file":"/crow-attr-text/src/main/kotlin/com/crow/attr/text/AttrTextLayout.kt","tags":{"FILE_LINE_OF_CODE":"1881"}}
{"ts":1710148709155,"action":"FILE_CLOSED","file":"/crow-attr-text/src/main/kotlin/com/crow/attr/text/AttrTextLayout.kt","tags":{"FILE_LINE_OF_CODE":"1881"}}
{"ts":1710148709155,"action":"FILE_OPENED","file":"/crow-attr-text/src/main/kotlin/com/crow/attr/text/AttrTextView.kt","tags":{"FILE_LINE_OF_CODE":"781"}}
{"ts":1710148715327,"action":"FILE_CLOSED","file":"/crow-attr-text/src/main/kotlin/com/crow/attr/text/AttrTextView.kt","tags":{"FILE_LINE_OF_CODE":"781"}}
{"ts":1710148715327,"action":"FILE_OPENED","file":"/crow-attr-text/src/main/kotlin/com/crow/attr/text/AttrTextLayout.kt","tags":{"FILE_LINE_OF_CODE":"1881"}}
{"ts":1710148721612,"action":"IDE_DEACTIVATED"}
{"ts":1710148826138,"action":"IDE_ACTIVATED"}
{"ts":1710148830132,"action":"IDE_DEACTIVATED"}
{"ts":1710148830216,"action":"IDE_ACTIVATED"}
{"ts":1710148866808,"action":"IDE_DEACTIVATED"}
{"ts":1710148902054,"action":"IDE_ACTIVATED"}
{"ts":1710148903111,"action":"IDE_DEACTIVATED"}
{"ts":1710148903249,"action":"IDE_ACTIVATED"}
{"ts":1710148913013,"action":"IDE_DEACTIVATED"}
{"ts":1710149049932,"action":"IDE_ACTIVATED"}
{"ts":1710149092394,"action":"IDE_DEACTIVATED"}
{"ts":1710149092495,"action":"IDE_ACTIVATED"}
{"ts":1710149094866,"action":"IDE_DEACTIVATED"}
{"ts":1710149094957,"action":"IDE_ACTIVATED"}
{"ts":1710149096187,"action":"IDE_DEACTIVATED"}
{"ts":1710149096267,"action":"IDE_ACTIVATED"}
{"ts":1710149188698,"action":"IDE_DEACTIVATED"}
{"ts":1710149642933,"action":"IDE_ACTIVATED"}
{"ts":1710149643536,"action":"IDE_DEACTIVATED"}
{"ts":1710149643630,"action":"IDE_ACTIVATED"}
{"ts":1710149644225,"action":"IDE_DEACTIVATED"}
{"ts":1710149644332,"action":"IDE_ACTIVATED"}
{"ts":1710149648897,"action":"IDE_DEACTIVATED"}
{"ts":1710149781526,"action":"IDE_ACTIVATED"}
{"ts":1710149782187,"action":"IDE_DEACTIVATED"}
{"ts":1710149782278,"action":"IDE_ACTIVATED"}
{"ts":1710149927585,"action":"IDE_DEACTIVATED"}
{"ts":1710150053160,"action":"IDE_ACTIVATED"}
{"ts":1710150084170,"action":"IDE_DEACTIVATED"}
{"ts":1710150129411,"action":"IDE_ACTIVATED"}
{"ts":1710150161227,"action":"IDE_DEACTIVATED"}
{"ts":1710150190139,"action":"IDE_ACTIVATED"}
{"ts":1710150190518,"action":"IDE_DEACTIVATED"}
{"ts":1710150191717,"action":"IDE_ACTIVATED"}
{"ts":1710150210893,"action":"IDE_DEACTIVATED"}
{"ts":1710150584800,"action":"IDE_ACTIVATED"}
{"ts":1710150596010,"action":"IDE_DEACTIVATED"}
{"ts":1710150613646,"action":"IDE_ACTIVATED"}
{"ts":1710150622931,"action":"IDE_DEACTIVATED"}
{"ts":1710150653310,"action":"IDE_ACTIVATED"}
{"ts":1710150670470,"action":"IDE_DEACTIVATED"}
{"ts":1710150671936,"action":"IDE_ACTIVATED"}
{"ts":1710150696756,"action":"FILE_CLOSED","file":"/crow-attr-text/src/main/kotlin/com/crow/attr/text/AttrTextLayout.kt","tags":{"FILE_LINE_OF_CODE":"1881"}}
{"ts":1710150696756,"action":"FILE_OPENED","file":"/crow-attr-text/src/main/kotlin/com/crow/attr/text/AttrTextFrameConfig.kt","tags":{"FILE_LINE_OF_CODE":"29"}}
{"ts":1710150792504,"action":"IDE_DEACTIVATED"}
{"ts":1710150793552,"action":"IDE_ACTIVATED"}
{"ts":1710150794155,"action":"IDE_DEACTIVATED"}
{"ts":1710150800722,"action":"IDE_ACTIVATED"}
{"ts":1710150821713,"action":"FILE_CLOSED","file":"/crow-attr-text/src/main/kotlin/com/crow/attr/text/AttrTextFrameConfig.kt","tags":{"FILE_LINE_OF_CODE":"29"}}
{"ts":1710150821713,"action":"FILE_OPENED","file":"/crow-attr-text/build.gradle.kts","tags":{"FILE_LINE_OF_CODE":"95"}}
{"ts":1710150865314,"action":"FILE_CLOSED","file":"/crow-attr-text/build.gradle.kts","tags":{"FILE_LINE_OF_CODE":"95"}}
{"ts":1710150865314,"action":"FILE_OPENED","file":"/crow-attr-text/src/main/AndroidManifest.xml","tags":{"FILE_LINE_OF_CODE":"5"}}
{"ts":1710150870824,"action":"FILE_CLOSED","file":"/crow-attr-text/src/main/AndroidManifest.xml","tags":{"FILE_LINE_OF_CODE":"5"}}
{"ts":1710150870824,"action":"FILE_OPENED","file":"/app/src/main/AndroidManifest.xml","tags":{"FILE_LINE_OF_CODE":"26"}}
{"ts":1710150876592,"action":"FILE_CLOSED","file":"/app/src/main/AndroidManifest.xml","tags":{"FILE_LINE_OF_CODE":"26"}}
{"ts":1710150876592,"action":"FILE_OPENED","file":"/app/build.gradle.kts","tags":{"FILE_LINE_OF_CODE":"47"}}
{"ts":1710150946374,"action":"IDE_DEACTIVATED"}
{"ts":1710150953722,"action":"IDE_ACTIVATED"}
{"ts":1710150954748,"action":"FILE_CLOSED","file":"/app/build.gradle.kts","tags":{"FILE_LINE_OF_CODE":"47"}}
{"ts":1710150954748,"action":"FILE_OPENED","file":"/app/src/main/AndroidManifest.xml","tags":{"FILE_LINE_OF_CODE":"26"}}
{"ts":1710150955640,"action":"FILE_CLOSED","file":"/app/src/main/AndroidManifest.xml","tags":{"FILE_LINE_OF_CODE":"26"}}
{"ts":1710150955640,"action":"FILE_OPENED","file":"/crow-attr-text/src/main/AndroidManifest.xml","tags":{"FILE_LINE_OF_CODE":"5"}}
{"ts":1710150956149,"action":"FILE_CLOSED","file":"/crow-attr-text/src/main/AndroidManifest.xml","tags":{"FILE_LINE_OF_CODE":"5"}}
{"ts":1710150956149,"action":"FILE_OPENED","file":"/crow-attr-text/build.gradle.kts","tags":{"FILE_LINE_OF_CODE":"95"}}
{"ts":1710150957060,"action":"FILE_CLOSED","file":"/crow-attr-text/build.gradle.kts","tags":{"FILE_LINE_OF_CODE":"95"}}
{"ts":1710150957060,"action":"FILE_OPENED","file":"/crow-attr-text/src/main/kotlin/com/crow/attr/text/AttrTextFrameConfig.kt","tags":{"FILE_LINE_OF_CODE":"29"}}
{"ts":1710150964134,"action":"FILE_CLOSED","file":"/crow-attr-text/src/main/kotlin/com/crow/attr/text/AttrTextFrameConfig.kt","tags":{"FILE_LINE_OF_CODE":"29"}}
{"ts":1710150964134,"action":"FILE_OPENED","file":"/app/src/main/res/layout/activity_main.xml","tags":{"FILE_LINE_OF_CODE":"175"}}
{"ts":1710150972481,"action":"FILE_CLOSED","file":"/app/src/main/res/layout/activity_main.xml","tags":{"FILE_LINE_OF_CODE":"175"}}
{"ts":1710150972481,"action":"FILE_OPENED","file":"/app/src/main/kotlin/com/crow/attrtextlayout/MainActivity.kt","tags":{"FILE_LINE_OF_CODE":"118"}}
{"ts":1710150976032,"action":"FILE_CLOSED","file":"/app/src/main/kotlin/com/crow/attrtextlayout/MainActivity.kt","tags":{"FILE_LINE_OF_CODE":"118"}}
{"ts":1710150976032,"action":"FILE_OPENED","file":"/app/src/main/AndroidManifest.xml","tags":{"FILE_LINE_OF_CODE":"26"}}
{"ts":1710150976530,"action":"FILE_CLOSED","file":"/app/src/main/AndroidManifest.xml","tags":{"FILE_LINE_OF_CODE":"26"}}
{"ts":1710150976530,"action":"FILE_OPENED","file":"/app/build.gradle.kts","tags":{"FILE_LINE_OF_CODE":"47"}}
{"ts":1710150977004,"action":"FILE_CLOSED","file":"/app/build.gradle.kts","tags":{"FILE_LINE_OF_CODE":"47"}}
{"ts":1710150977004,"action":"FILE_OPENED","file":"/crow-attr-text/src/main/kotlin/com/crow/attr/text/AttrTextView.kt","tags":{"FILE_LINE_OF_CODE":"781"}}
{"ts":1710150979628,"action":"FILE_CLOSED","file":"/crow-attr-text/src/main/kotlin/com/crow/attr/text/AttrTextView.kt","tags":{"FILE_LINE_OF_CODE":"781"}}
{"ts":1710150979628,"action":"FILE_OPENED","file":"/app/src/main/kotlin/com/crow/attrtextlayout/MainActivity.kt","tags":{"FILE_LINE_OF_CODE":"118"}}
{"ts":1710150981093,"action":"FILE_CLOSED","file":"/app/src/main/kotlin/com/crow/attrtextlayout/MainActivity.kt","tags":{"FILE_LINE_OF_CODE":"118"}}
{"ts":1710150981093,"action":"FILE_OPENED","file":"/crow-attr-text/src/main/kotlin/com/crow/attr/text/AttrTextView.kt","tags":{"FILE_LINE_OF_CODE":"781"}}
{"ts":1710150984333,"action":"FILE_CLOSED","file":"/crow-attr-text/src/main/kotlin/com/crow/attr/text/AttrTextView.kt","tags":{"FILE_LINE_OF_CODE":"781"}}
{"ts":1710150984333,"action":"FILE_OPENED","file":"/crow-attr-text/src/main/kotlin/com/crow/attr/text/IAttrText.kt","tags":{"FILE_LINE_OF_CODE":"276"}}
{"ts":1710150988773,"action":"FILE_CLOSED","file":"/crow-attr-text/src/main/kotlin/com/crow/attr/text/IAttrText.kt","tags":{"FILE_LINE_OF_CODE":"276"}}
{"ts":1710150988773,"action":"FILE_OPENED","file":"/crow-attr-text/src/main/kotlin/com/crow/attr/text/AttrTextExt.kt","tags":{"FILE_LINE_OF_CODE":"101"}}
{"ts":1710150989728,"action":"FILE_CLOSED","file":"/crow-attr-text/src/main/kotlin/com/crow/attr/text/AttrTextExt.kt","tags":{"FILE_LINE_OF_CODE":"101"}}
{"ts":1710150989728,"action":"FILE_OPENED","file":"/crow-attr-text/src/main/kotlin/com/crow/attr/text/AttrTextFrameConfig.kt","tags":{"FILE_LINE_OF_CODE":"29"}}
{"ts":1710150991584,"action":"FILE_CLOSED","file":"/crow-attr-text/src/main/kotlin/com/crow/attr/text/AttrTextFrameConfig.kt","tags":{"FILE_LINE_OF_CODE":"29"}}
{"ts":1710150991584,"action":"FILE_OPENED","file":"/crow-attr-text/src/main/kotlin/com/crow/attr/text/AttrTextLayout.kt","tags":{"FILE_LINE_OF_CODE":"1881"}}
{"ts":1710150992993,"action":"FILE_CLOSED","file":"/crow-attr-text/src/main/kotlin/com/crow/attr/text/AttrTextLayout.kt","tags":{"FILE_LINE_OF_CODE":"1881"}}
{"ts":1710150992993,"action":"FILE_OPENED","file":"/crow-attr-text/src/main/kotlin/com/crow/attr/text/AttrTextView.kt","tags":{"FILE_LINE_OF_CODE":"781"}}
{"ts":1710150994039,"action":"FILE_CLOSED","file":"/crow-attr-text/src/main/kotlin/com/crow/attr/text/AttrTextView.kt","tags":{"FILE_LINE_OF_CODE":"781"}}
{"ts":1710150994039,"action":"FILE_OPENED","file":"/crow-attr-text/src/main/kotlin/com/crow/attr/text/IAttrText.kt","tags":{"FILE_LINE_OF_CODE":"276"}}
{"ts":1710150994909,"action":"FILE_CLOSED","file":"/crow-attr-text/src/main/kotlin/com/crow/attr/text/IAttrText.kt","tags":{"FILE_LINE_OF_CODE":"276"}}
{"ts":1710150994909,"action":"FILE_OPENED","file":"/crow-attr-text/src/main/kotlin/com/crow/attr/text/AttrTextView.kt","tags":{"FILE_LINE_OF_CODE":"781"}}
{"ts":1710150995415,"action":"FILE_CLOSED","file":"/crow-attr-text/src/main/kotlin/com/crow/attr/text/AttrTextView.kt","tags":{"FILE_LINE_OF_CODE":"781"}}
{"ts":1710150995415,"action":"FILE_OPENED","file":"/crow-attr-text/src/main/kotlin/com/crow/attr/text/AttrTextLayout.kt","tags":{"FILE_LINE_OF_CODE":"1881"}}
{"ts":1710150998084,"action":"FILE_CLOSED","file":"/crow-attr-text/src/main/kotlin/com/crow/attr/text/AttrTextLayout.kt","tags":{"FILE_LINE_OF_CODE":"1881"}}
{"ts":1710150998084,"action":"FILE_OPENED","file":"/crow-attr-text/src/main/kotlin/com/crow/attr/text/AttrTextFrameConfig.kt","tags":{"FILE_LINE_OF_CODE":"29"}}
{"ts":1710151009576,"action":"IDE_DEACTIVATED"}
{"ts":1710151019907,"action":"IDE_ACTIVATED"}
{"ts":1710151021301,"action":"IDE_DEACTIVATED"}
{"ts":1710151022866,"action":"IDE_ACTIVATED"}
{"ts":1710151024762,"action":"IDE_DEACTIVATED"}
{"ts":1710151033687,"action":"IDE_ACTIVATED"}
{"ts":1710151044735,"action":"FILE_CLOSED","file":"/crow-attr-text/src/main/kotlin/com/crow/attr/text/AttrTextFrameConfig.kt","tags":{"FILE_LINE_OF_CODE":"29"}}
{"ts":1710151044735,"action":"FILE_OPENED","file":"/crow-attr-text/src/main/kotlin/com/crow/attr/text/AttrTextLayout.kt","tags":{"FILE_LINE_OF_CODE":"1881"}}
{"ts":1710151086688,"action":"IDE_DEACTIVATED"}
{"ts":1710151087477,"action":"IDE_ACTIVATED"}
{"ts":1710151142608,"action":"IDE_DEACTIVATED"}
{"ts":1710151142707,"action":"IDE_ACTIVATED"}
{"ts":1710151143591,"action":"IDE_DEACTIVATED"}
{"ts":1710151143698,"action":"IDE_ACTIVATED"}
{"ts":1710151144263,"action":"IDE_DEACTIVATED"}
{"ts":1710151144352,"action":"IDE_ACTIVATED"}
{"ts":1710151157417,"action":"IDE_DEACTIVATED"}
{"ts":1710151157514,"action":"IDE_ACTIVATED"}
{"ts":1710151200195,"action":"IDE_DEACTIVATED"}
{"ts":1710151206356,"action":"IDE_ACTIVATED"}
{"ts":1710151208593,"action":"IDE_DEACTIVATED"}
{"ts":1710151208713,"action":"IDE_ACTIVATED"}
{"ts":1710151217376,"action":"IDE_DEACTIVATED"}
{"ts":1710151227705,"action":"IDE_ACTIVATED"}
{"ts":1710151261480,"action":"FILE_CLOSED","file":"/crow-attr-text/src/main/kotlin/com/crow/attr/text/AttrTextLayout.kt","tags":{"FILE_LINE_OF_CODE":"1881"}}
{"ts":1710151261480,"action":"FILE_OPENED","file":"/crow-attr-text/src/main/kotlin/com/crow/attr/text/IAttrText.kt","tags":{"FILE_LINE_OF_CODE":"276"}}
{"ts":1710151275320,"action":"IDE_DEACTIVATED"}
{"ts":1710151294777,"action":"IDE_ACTIVATED"}
{"ts":1710151349462,"action":"FILE_CLOSED","file":"/crow-attr-text/src/main/kotlin/com/crow/attr/text/IAttrText.kt","tags":{"FILE_LINE_OF_CODE":"276"}}
{"ts":1710151349462,"action":"FILE_OPENED","file":"/crow-attr-text/src/main/kotlin/com/crow/attr/text/AttrTextLayout.kt","tags":{"FILE_LINE_OF_CODE":"1881"}}
{"ts":1710151397073,"action":"IDE_DEACTIVATED"}
{"ts":1710151401819,"action":"IDE_ACTIVATED"}
{"ts":1710151402436,"action":"IDE_DEACTIVATED"}
{"ts":1710151447062,"action":"IDE_ACTIVATED"}
{"ts":1710151447119,"action":"FILE_CLOSED","file":"/crow-attr-text/src/main/kotlin/com/crow/attr/text/AttrTextLayout.kt","tags":{"FILE_LINE_OF_CODE":"1881"}}
{"ts":1710151447119,"action":"FILE_OPENED","file":"/crow-attr-text/src/main/kotlin/com/crow/attr/text/AttrTextFrameConfig.kt","tags":{"FILE_LINE_OF_CODE":"29"}}
{"ts":1710151448644,"action":"FILE_CLOSED","file":"/crow-attr-text/src/main/kotlin/com/crow/attr/text/AttrTextFrameConfig.kt","tags":{"FILE_LINE_OF_CODE":"29"}}
{"ts":1710151448644,"action":"FILE_OPENED","file":"/crow-attr-text/build.gradle.kts","tags":{"FILE_LINE_OF_CODE":"95"}}
{"ts":1710151457837,"action":"FILE_CLOSED","file":"/crow-attr-text/build.gradle.kts","tags":{"FILE_LINE_OF_CODE":"95"}}
{"ts":1710151457837,"action":"FILE_OPENED","file":"/app/src/main/kotlin/com/crow/attrtextlayout/MainActivity.kt","tags":{"FILE_LINE_OF_CODE":"118"}}
{"ts":1710151464613,"action":"FILE_CLOSED","file":"/app/src/main/kotlin/com/crow/attrtextlayout/MainActivity.kt","tags":{"FILE_LINE_OF_CODE":"118"}}
{"ts":1710151464613,"action":"FILE_OPENED","file":"/crow-attr-text/src/main/kotlin/com/crow/attr/text/AttrTextFrameConfig.kt","tags":{"FILE_LINE_OF_CODE":"29"}}
{"ts":1710151519015,"action":"FILE_CLOSED","file":"/crow-attr-text/src/main/kotlin/com/crow/attr/text/AttrTextFrameConfig.kt","tags":{"FILE_LINE_OF_CODE":"32"}}
{"ts":1710151519015,"action":"FILE_OPENED","file":"/crow-attr-text/src/main/kotlin/com/crow/attr/text/AttrTextLayout.kt","tags":{"FILE_LINE_OF_CODE":"1881"}}
{"ts":1710151526529,"action":"FILE_CLOSED","file":"/crow-attr-text/src/main/kotlin/com/crow/attr/text/AttrTextLayout.kt","tags":{"FILE_LINE_OF_CODE":"1881"}}
{"ts":1710151526529,"action":"FILE_OPENED","file":"/crow-attr-text/src/main/kotlin/com/crow/attr/text/AttrTextFrameConfig.kt","tags":{"FILE_LINE_OF_CODE":"32"}}
{"ts":1710151552505,"action":"IDE_DEACTIVATED"}
{"ts":1710151585369,"action":"IDE_ACTIVATED"}
{"ts":1710151609217,"action":"FILE_CLOSED","file":"/crow-attr-text/src/main/kotlin/com/crow/attr/text/AttrTextFrameConfig.kt","tags":{"FILE_LINE_OF_CODE":"32"}}
{"ts":1710151609217,"action":"FILE_OPENED","file":"/crow-attr-text/src/main/kotlin/com/crow/attr/text/AttrTextLayout.kt","tags":{"FILE_LINE_OF_CODE":"1881"}}
{"ts":1710151699829,"action":"FILE_CLOSED","file":"/crow-attr-text/src/main/kotlin/com/crow/attr/text/AttrTextLayout.kt","tags":{"FILE_LINE_OF_CODE":"1889"}}
{"ts":1710151699829,"action":"FILE_OPENED","file":"/crow-attr-text/src/main/kotlin/com/crow/attr/text/AttrTextFrameConfig.kt","tags":{"FILE_LINE_OF_CODE":"32"}}
{"ts":1710151701960,"action":"FILE_CLOSED","file":"/crow-attr-text/src/main/kotlin/com/crow/attr/text/AttrTextFrameConfig.kt","tags":{"FILE_LINE_OF_CODE":"32"}}
{"ts":1710151701960,"action":"FILE_OPENED","file":"/crow-attr-text/build.gradle.kts","tags":{"FILE_LINE_OF_CODE":"95"}}
{"ts":1710151702325,"action":"FILE_CLOSED","file":"/crow-attr-text/build.gradle.kts","tags":{"FILE_LINE_OF_CODE":"95"}}
{"ts":1710151702325,"action":"FILE_OPENED","file":"/crow-attr-text/src/main/kotlin/com/crow/attr/text/AttrTextFrameConfig.kt","tags":{"FILE_LINE_OF_CODE":"32"}}
{"ts":1710151726875,"action":"FILE_CLOSED","file":"/crow-attr-text/src/main/kotlin/com/crow/attr/text/AttrTextFrameConfig.kt","tags":{"FILE_LINE_OF_CODE":"32"}}
{"ts":1710151726875,"action":"FILE_OPENED","file":"/app/src/main/kotlin/com/crow/attrtextlayout/MainActivity.kt","tags":{"FILE_LINE_OF_CODE":"118"}}
{"ts":1710151739416,"action":"FILE_CLOSED","file":"/app/src/main/kotlin/com/crow/attrtextlayout/MainActivity.kt","tags":{"FILE_LINE_OF_CODE":"118"}}
{"ts":1710151739416,"action":"FILE_OPENED","file":"/crow-attr-text/src/main/kotlin/com/crow/attr/text/AttrTextFrameConfig.kt","tags":{"FILE_LINE_OF_CODE":"32"}}
{"ts":1710151749014,"action":"FILE_CLOSED","file":"/crow-attr-text/src/main/kotlin/com/crow/attr/text/AttrTextFrameConfig.kt","tags":{"FILE_LINE_OF_CODE":"32"}}
{"ts":1710151749014,"action":"FILE_OPENED","file":"/app/src/main/kotlin/com/crow/attrtextlayout/Main.kt","tags":{"FILE_LINE_OF_CODE":"30"}}
{"ts":1710151749887,"action":"FILE_CLOSED","file":"/app/src/main/kotlin/com/crow/attrtextlayout/Main.kt","tags":{"FILE_LINE_OF_CODE":"30"}}
{"ts":1710151749887,"action":"FILE_OPENED","file":"/app/src/main/kotlin/com/crow/attrtextlayout/MainActivity.kt","tags":{"FILE_LINE_OF_CODE":"118"}}
{"ts":1710151772429,"action":"IDE_DEACTIVATED"}
{"ts":1710151832636,"action":"IDE_ACTIVATED"}
{"ts":1710151883853,"action":"IDE_DEACTIVATED"}
{"ts":1710151887027,"action":"IDE_ACTIVATED"}
{"ts":1710151898399,"action":"FILE_CLOSED","file":"/app/src/main/kotlin/com/crow/attrtextlayout/MainActivity.kt","tags":{"FILE_LINE_OF_CODE":"118"}}
{"ts":1710151898399,"action":"FILE_OPENED","file":"/app/src/main/res/layout/activity_main.xml","tags":{"FILE_LINE_OF_CODE":"175"}}
{"ts":1710151920455,"action":"FILE_CLOSED","file":"/app/src/main/res/layout/activity_main.xml","tags":{"FILE_LINE_OF_CODE":"175"}}
{"ts":1710151920455,"action":"FILE_OPENED","file":"/crow-attr-text/src/main/res/values/attrs_text.xml","tags":{"FILE_LINE_OF_CODE":"91"}}
{"ts":1710151948178,"action":"FILE_CLOSED","file":"/crow-attr-text/src/main/res/values/attrs_text.xml","tags":{"FILE_LINE_OF_CODE":"92"}}
{"ts":1710151948178,"action":"FILE_OPENED","file":"/crow-attr-text/src/main/kotlin/com/crow/attr/text/AttrTextLayout.kt","tags":{"FILE_LINE_OF_CODE":"1889"}}
{"ts":1710151958026,"action":"FILE_CLOSED","file":"/crow-attr-text/src/main/kotlin/com/crow/attr/text/AttrTextLayout.kt","tags":{"FILE_LINE_OF_CODE":"1889"}}
{"ts":1710151958026,"action":"FILE_OPENED","file":"/app/src/main/kotlin/com/crow/attrtextlayout/MainActivity.kt","tags":{"FILE_LINE_OF_CODE":"118"}}
{"ts":1710151963791,"action":"FILE_CLOSED","file":"/app/src/main/kotlin/com/crow/attrtextlayout/MainActivity.kt","tags":{"FILE_LINE_OF_CODE":"118"}}
{"ts":1710151963791,"action":"FILE_OPENED","file":"/crow-attr-text/src/main/res/values/attrs_text.xml","tags":{"FILE_LINE_OF_CODE":"92"}}
{"ts":1710152026365,"action":"IDE_DEACTIVATED"}
{"ts":1710152110773,"action":"IDE_ACTIVATED"}
{"ts":1710152123324,"action":"FILE_CLOSED","file":"/crow-attr-text/src/main/res/values/attrs_text.xml","tags":{"FILE_LINE_OF_CODE":"96"}}
{"ts":1710152123324,"action":"FILE_OPENED","file":"/crow-attr-text/src/main/kotlin/com/crow/attr/text/AttrTextLayout.kt","tags":{"FILE_LINE_OF_CODE":"1889"}}
{"ts":1710152151249,"action":"IDE_DEACTIVATED"}
{"ts":1710152153269,"action":"IDE_ACTIVATED"}
{"ts":1710152170431,"action":"IDE_DEACTIVATED"}
{"ts":1710152172353,"action":"IDE_ACTIVATED"}
{"ts":1710152263173,"action":"FILE_CLOSED","file":"/crow-attr-text/src/main/kotlin/com/crow/attr/text/AttrTextLayout.kt","tags":{"FILE_LINE_OF_CODE":"1894"}}
{"ts":1710152263173,"action":"FILE_OPENED","file":"/app/src/main/assets/content/Content.txt","tags":{"FILE_LINE_OF_CODE":"17"}}
{"ts":1710152334438,"action":"FILE_CLOSED","file":"/app/src/main/assets/content/Content.txt","tags":{"FILE_LINE_OF_CODE":"17"}}
{"ts":1710152334438,"action":"FILE_OPENED","file":"/crow-attr-text/src/main/kotlin/com/crow/attr/text/AttrTextLayout.kt","tags":{"FILE_LINE_OF_CODE":"1894"}}
{"ts":1710152334799,"action":"FILE_CLOSED","file":"/crow-attr-text/src/main/kotlin/com/crow/attr/text/AttrTextLayout.kt","tags":{"FILE_LINE_OF_CODE":"1894"}}
{"ts":1710152334799,"action":"FILE_OPENED","file":"/app/src/main/kotlin/com/crow/attrtextlayout/Main.kt","tags":{"FILE_LINE_OF_CODE":"30"}}
{"ts":1710152335484,"action":"FILE_CLOSED","file":"/app/src/main/kotlin/com/crow/attrtextlayout/Main.kt","tags":{"FILE_LINE_OF_CODE":"30"}}
{"ts":1710152335484,"action":"FILE_OPENED","file":"/crow-attr-text/src/main/kotlin/com/crow/attr/text/AttrTextFrameConfig.kt","tags":{"FILE_LINE_OF_CODE":"32"}}
{"ts":1710152336235,"action":"FILE_CLOSED","file":"/crow-attr-text/src/main/kotlin/com/crow/attr/text/AttrTextFrameConfig.kt","tags":{"FILE_LINE_OF_CODE":"32"}}
{"ts":1710152336235,"action":"FILE_OPENED","file":"/crow-attr-text/src/main/kotlin/com/crow/attr/text/AttrTextLayout.kt","tags":{"FILE_LINE_OF_CODE":"1894"}}
{"ts":1710152502688,"action":"FILE_CLOSED","file":"/crow-attr-text/src/main/kotlin/com/crow/attr/text/AttrTextLayout.kt","tags":{"FILE_LINE_OF_CODE":"1894"}}
{"ts":1710152502693,"action":"FILE_OPENED","file":"/app/src/main/kotlin/com/crow/attrtextlayout/Main.kt","tags":{"FILE_LINE_OF_CODE":"30"}}
{"ts":1710152507675,"action":"FILE_CLOSED","file":"/app/src/main/kotlin/com/crow/attrtextlayout/Main.kt","tags":{"FILE_LINE_OF_CODE":"30"}}
{"ts":1710152507675,"action":"FILE_OPENED","file":"/crow-attr-text/src/main/kotlin/com/crow/attr/text/AttrTextLayout.kt","tags":{"FILE_LINE_OF_CODE":"1894"}}
{"ts":1710152545140,"action":"IDE_DEACTIVATED"}
{"ts":1710152594145,"action":"IDE_ACTIVATED"}
{"ts":1710152857453,"action":"FILE_CLOSED","file":"/crow-attr-text/src/main/kotlin/com/crow/attr/text/AttrTextLayout.kt","tags":{"FILE_LINE_OF_CODE":"1894"}}
{"ts":1710152857453,"action":"FILE_OPENED","file":"/crow-attr-text/src/main/kotlin/com/crow/attr/text/AttrTextView.kt","tags":{"FILE_LINE_OF_CODE":"781"}}
{"ts":1710152909271,"action":"FILE_CLOSED","file":"/crow-attr-text/src/main/kotlin/com/crow/attr/text/AttrTextView.kt","tags":{"FILE_LINE_OF_CODE":"781"}}
{"ts":1710152909271,"action":"FILE_OPENED","file":"/crow-attr-text/src/main/kotlin/com/crow/attr/text/AttrTextLayout.kt","tags":{"FILE_LINE_OF_CODE":"1894"}}
{"ts":1710153001301,"action":"FILE_CLOSED","file":"/crow-attr-text/src/main/kotlin/com/crow/attr/text/AttrTextLayout.kt","tags":{"FILE_LINE_OF_CODE":"1894"}}
{"ts":1710153001301,"action":"FILE_OPENED","file":"/crow-attr-text/src/main/kotlin/com/crow/attr/text/AttrTextView.kt","tags":{"FILE_LINE_OF_CODE":"781"}}
{"ts":1710153009592,"action":"FILE_CLOSED","file":"/crow-attr-text/src/main/kotlin/com/crow/attr/text/AttrTextView.kt","tags":{"FILE_LINE_OF_CODE":"781"}}
{"ts":1710153009592,"action":"FILE_OPENED","file":"/crow-attr-text/src/main/kotlin/com/crow/attr/text/AttrTextLayout.kt","tags":{"FILE_LINE_OF_CODE":"1894"}}
{"ts":1710153018560,"action":"FILE_CLOSED","file":"/crow-attr-text/src/main/kotlin/com/crow/attr/text/AttrTextLayout.kt","tags":{"FILE_LINE_OF_CODE":"1901"}}
{"ts":1710153018560,"action":"FILE_OPENED","file":"/crow-attr-text/src/main/kotlin/com/crow/attr/text/AttrTextView.kt","tags":{"FILE_LINE_OF_CODE":"781"}}
{"ts":1710153019857,"action":"FILE_CLOSED","file":"/crow-attr-text/src/main/kotlin/com/crow/attr/text/AttrTextView.kt","tags":{"FILE_LINE_OF_CODE":"781"}}
{"ts":1710153019857,"action":"FILE_OPENED","file":"/crow-attr-text/src/main/kotlin/com/crow/attr/text/IAttrText.kt","tags":{"FILE_LINE_OF_CODE":"276"}}
{"ts":1710153026311,"action":"FILE_CLOSED","file":"/crow-attr-text/src/main/kotlin/com/crow/attr/text/IAttrText.kt","tags":{"FILE_LINE_OF_CODE":"276"}}
{"ts":1710153026311,"action":"FILE_OPENED","file":"/crow-attr-text/src/main/kotlin/com/crow/attr/text/AttrTextView.kt","tags":{"FILE_LINE_OF_CODE":"781"}}
{"ts":1710153034951,"action":"FILE_CLOSED","file":"/crow-attr-text/src/main/kotlin/com/crow/attr/text/AttrTextView.kt","tags":{"FILE_LINE_OF_CODE":"781"}}
{"ts":1710153034951,"action":"FILE_OPENED","file":"/crow-attr-text/src/main/kotlin/com/crow/attr/text/IAttrText.kt","tags":{"FILE_LINE_OF_CODE":"276"}}
{"ts":1710153046062,"action":"FILE_CLOSED","file":"/crow-attr-text/src/main/kotlin/com/crow/attr/text/IAttrText.kt","tags":{"FILE_LINE_OF_CODE":"276"}}
{"ts":1710153046062,"action":"FILE_OPENED","file":"/crow-attr-text/src/main/kotlin/com/crow/attr/text/AttrTextView.kt","tags":{"FILE_LINE_OF_CODE":"781"}}
{"ts":1710153102922,"action":"FILE_CLOSED","file":"/crow-attr-text/src/main/kotlin/com/crow/attr/text/AttrTextView.kt","tags":{"FILE_LINE_OF_CODE":"781"}}
{"ts":1710153102922,"action":"FILE_OPENED","file":"/crow-attr-text/src/main/kotlin/com/crow/attr/text/IAttrText.kt","tags":{"FILE_LINE_OF_CODE":"276"}}
{"ts":1710153109340,"action":"FILE_CLOSED","file":"/crow-attr-text/src/main/kotlin/com/crow/attr/text/IAttrText.kt","tags":{"FILE_LINE_OF_CODE":"276"}}
{"ts":1710153109340,"action":"FILE_OPENED","file":"/crow-attr-text/src/main/kotlin/com/crow/attr/text/AttrTextView.kt","tags":{"FILE_LINE_OF_CODE":"781"}}
{"ts":1710153121534,"action":"FILE_CLOSED","file":"/crow-attr-text/src/main/kotlin/com/crow/attr/text/AttrTextView.kt","tags":{"FILE_LINE_OF_CODE":"781"}}
{"ts":1710153121534,"action":"FILE_OPENED","file":"/crow-attr-text/src/main/kotlin/com/crow/attr/text/AttrTextLayout.kt","tags":{"FILE_LINE_OF_CODE":"1901"}}
{"ts":1710153123755,"action":"FILE_CLOSED","file":"/crow-attr-text/src/main/kotlin/com/crow/attr/text/AttrTextLayout.kt","tags":{"FILE_LINE_OF_CODE":"1901"}}
{"ts":1710153123755,"action":"FILE_OPENED","file":"/crow-attr-text/src/main/kotlin/com/crow/attr/text/AttrTextView.kt","tags":{"FILE_LINE_OF_CODE":"781"}}
{"ts":1710153124521,"action":"FILE_CLOSED","file":"/crow-attr-text/src/main/kotlin/com/crow/attr/text/AttrTextView.kt","tags":{"FILE_LINE_OF_CODE":"781"}}
{"ts":1710153124521,"action":"FILE_OPENED","file":"/crow-attr-text/src/main/kotlin/com/crow/attr/text/IAttrText.kt","tags":{"FILE_LINE_OF_CODE":"276"}}
{"ts":1710153125716,"action":"FILE_CLOSED","file":"/crow-attr-text/src/main/kotlin/com/crow/attr/text/IAttrText.kt","tags":{"FILE_LINE_OF_CODE":"276"}}
{"ts":1710153125716,"action":"FILE_OPENED","file":"/crow-attr-text/src/main/kotlin/com/crow/attr/text/AttrTextView.kt","tags":{"FILE_LINE_OF_CODE":"781"}}
{"ts":1710153126261,"action":"FILE_CLOSED","file":"/crow-attr-text/src/main/kotlin/com/crow/attr/text/AttrTextView.kt","tags":{"FILE_LINE_OF_CODE":"781"}}
{"ts":1710153126261,"action":"FILE_OPENED","file":"/crow-attr-text/src/main/kotlin/com/crow/attr/text/AttrTextLayout.kt","tags":{"FILE_LINE_OF_CODE":"1901"}}
{"ts":1710153127404,"action":"FILE_CLOSED","file":"/crow-attr-text/src/main/kotlin/com/crow/attr/text/AttrTextLayout.kt","tags":{"FILE_LINE_OF_CODE":"1901"}}
{"ts":1710153127404,"action":"FILE_OPENED","file":"/crow-attr-text/src/main/kotlin/com/crow/attr/text/AttrTextView.kt","tags":{"FILE_LINE_OF_CODE":"781"}}
{"ts":1710153128606,"action":"FILE_CLOSED","file":"/crow-attr-text/src/main/kotlin/com/crow/attr/text/AttrTextView.kt","tags":{"FILE_LINE_OF_CODE":"781"}}
{"ts":1710153128606,"action":"FILE_OPENED","file":"/crow-attr-text/src/main/kotlin/com/crow/attr/text/AttrTextLayout.kt","tags":{"FILE_LINE_OF_CODE":"1901"}}
{"ts":1710153132261,"action":"FILE_CLOSED","file":"/crow-attr-text/src/main/kotlin/com/crow/attr/text/AttrTextLayout.kt","tags":{"FILE_LINE_OF_CODE":"1901"}}
{"ts":1710153132261,"action":"FILE_OPENED","file":"/crow-attr-text/src/main/kotlin/com/crow/attr/text/AttrTextView.kt","tags":{"FILE_LINE_OF_CODE":"781"}}
{"ts":1710153181416,"action":"FILE_CLOSED","file":"/crow-attr-text/src/main/kotlin/com/crow/attr/text/AttrTextView.kt","tags":{"FILE_LINE_OF_CODE":"781"}}
{"ts":1710153181416,"action":"FILE_OPENED","file":"/crow-attr-text/src/main/kotlin/com/crow/attr/text/AttrTextLayout.kt","tags":{"FILE_LINE_OF_CODE":"1901"}}
{"ts":1710153210057,"action":"FILE_CLOSED","file":"/crow-attr-text/src/main/kotlin/com/crow/attr/text/AttrTextLayout.kt","tags":{"FILE_LINE_OF_CODE":"1901"}}
{"ts":1710153210057,"action":"FILE_OPENED","file":"/crow-attr-text/src/main/kotlin/com/crow/attr/text/AttrTextView.kt","tags":{"FILE_LINE_OF_CODE":"781"}}
{"ts":1710153216242,"action":"FILE_CLOSED","file":"/crow-attr-text/src/main/kotlin/com/crow/attr/text/AttrTextView.kt","tags":{"FILE_LINE_OF_CODE":"781"}}
{"ts":1710153216242,"action":"FILE_OPENED","file":"/crow-attr-text/src/main/kotlin/com/crow/attr/text/AttrTextLayout.kt","tags":{"FILE_LINE_OF_CODE":"1901"}}
{"ts":1710153274706,"action":"FILE_CLOSED","file":"/crow-attr-text/src/main/kotlin/com/crow/attr/text/AttrTextLayout.kt","tags":{"FILE_LINE_OF_CODE":"1901"}}
{"ts":1710153274706,"action":"FILE_OPENED","file":"/crow-attr-text/src/main/kotlin/com/crow/attr/text/IAttrText.kt","tags":{"FILE_LINE_OF_CODE":"276"}}
{"ts":1710153286050,"action":"FILE_CLOSED","file":"/crow-attr-text/src/main/kotlin/com/crow/attr/text/IAttrText.kt","tags":{"FILE_LINE_OF_CODE":"276"}}
{"ts":1710153286050,"action":"FILE_OPENED","file":"/crow-attr-text/src/main/kotlin/com/crow/attr/text/AttrTextView.kt","tags":{"FILE_LINE_OF_CODE":"781"}}
{"ts":1710153296877,"action":"FILE_CLOSED","file":"/crow-attr-text/src/main/kotlin/com/crow/attr/text/AttrTextView.kt","tags":{"FILE_LINE_OF_CODE":"781"}}
{"ts":1710153296877,"action":"FILE_OPENED","file":"/crow-attr-text/src/main/kotlin/com/crow/attr/text/IAttrText.kt","tags":{"FILE_LINE_OF_CODE":"276"}}
{"ts":1710153377396,"action":"FILE_CLOSED","file":"/crow-attr-text/src/main/kotlin/com/crow/attr/text/IAttrText.kt","tags":{"FILE_LINE_OF_CODE":"276"}}
{"ts":1710153377396,"action":"FILE_OPENED","file":"/crow-attr-text/src/main/kotlin/com/crow/attr/text/AttrTextView.kt","tags":{"FILE_LINE_OF_CODE":"781"}}
{"ts":1710153379009,"action":"FILE_CLOSED","file":"/crow-attr-text/src/main/kotlin/com/crow/attr/text/AttrTextView.kt","tags":{"FILE_LINE_OF_CODE":"781"}}
{"ts":1710153379009,"action":"FILE_OPENED","file":"/crow-attr-text/src/main/kotlin/com/crow/attr/text/AttrTextLayout.kt","tags":{"FILE_LINE_OF_CODE":"1901"}}
{"ts":1710153381563,"action":"FILE_CLOSED","file":"/crow-attr-text/src/main/kotlin/com/crow/attr/text/AttrTextLayout.kt","tags":{"FILE_LINE_OF_CODE":"1901"}}
{"ts":1710153381563,"action":"FILE_OPENED","file":"/crow-attr-text/src/main/kotlin/com/crow/attr/text/AttrTextView.kt","tags":{"FILE_LINE_OF_CODE":"781"}}
{"ts":1710153389377,"action":"FILE_CLOSED","file":"/crow-attr-text/src/main/kotlin/com/crow/attr/text/AttrTextView.kt","tags":{"FILE_LINE_OF_CODE":"781"}}
{"ts":1710153389377,"action":"FILE_OPENED","file":"/crow-attr-text/src/main/kotlin/com/crow/attr/text/AttrTextLayout.kt","tags":{"FILE_LINE_OF_CODE":"1901"}}
{"ts":1710153394396,"action":"FILE_CLOSED","file":"/crow-attr-text/src/main/kotlin/com/crow/attr/text/AttrTextLayout.kt","tags":{"FILE_LINE_OF_CODE":"1901"}}
{"ts":1710153394396,"action":"FILE_OPENED","file":"/crow-attr-text/src/main/kotlin/com/crow/attr/text/AttrTextView.kt","tags":{"FILE_LINE_OF_CODE":"781"}}
{"ts":1710153395832,"action":"FILE_CLOSED","file":"/crow-attr-text/src/main/kotlin/com/crow/attr/text/AttrTextView.kt","tags":{"FILE_LINE_OF_CODE":"781"}}
{"ts":1710153395832,"action":"FILE_OPENED","file":"/crow-attr-text/src/main/kotlin/com/crow/attr/text/IAttrText.kt","tags":{"FILE_LINE_OF_CODE":"276"}}
{"ts":1710153398997,"action":"FILE_CLOSED","file":"/crow-attr-text/src/main/kotlin/com/crow/attr/text/IAttrText.kt","tags":{"FILE_LINE_OF_CODE":"276"}}
{"ts":1710153398997,"action":"FILE_OPENED","file":"/crow-attr-text/src/main/kotlin/com/crow/attr/text/AttrTextView.kt","tags":{"FILE_LINE_OF_CODE":"781"}}
{"ts":1710153402498,"action":"FILE_CLOSED","file":"/crow-attr-text/src/main/kotlin/com/crow/attr/text/AttrTextView.kt","tags":{"FILE_LINE_OF_CODE":"781"}}
{"ts":1710153402498,"action":"FILE_OPENED","file":"/crow-attr-text/src/main/kotlin/com/crow/attr/text/AttrTextLayout.kt","tags":{"FILE_LINE_OF_CODE":"1901"}}
{"ts":1710153489106,"action":"FILE_CLOSED","file":"/crow-attr-text/src/main/kotlin/com/crow/attr/text/AttrTextLayout.kt","tags":{"FILE_LINE_OF_CODE":"1901"}}
{"ts":1710153489106,"action":"FILE_OPENED","file":"/crow-attr-text/src/main/kotlin/com/crow/attr/text/AttrTextView.kt","tags":{"FILE_LINE_OF_CODE":"781"}}
{"ts":1710153492650,"action":"FILE_CLOSED","file":"/crow-attr-text/src/main/kotlin/com/crow/attr/text/AttrTextView.kt","tags":{"FILE_LINE_OF_CODE":"781"}}
{"ts":1710153492650,"action":"FILE_OPENED","file":"/crow-attr-text/src/main/kotlin/com/crow/attr/text/IAttrText.kt","tags":{"FILE_LINE_OF_CODE":"276"}}
{"ts":1710153494872,"action":"FILE_CLOSED","file":"/crow-attr-text/src/main/kotlin/com/crow/attr/text/IAttrText.kt","tags":{"FILE_LINE_OF_CODE":"276"}}
{"ts":1710153494872,"action":"FILE_OPENED","file":"/crow-attr-text/src/main/kotlin/com/crow/attr/text/AttrTextLayout.kt","tags":{"FILE_LINE_OF_CODE":"1901"}}
{"ts":1710153495932,"action":"FILE_CLOSED","file":"/crow-attr-text/src/main/kotlin/com/crow/attr/text/AttrTextLayout.kt","tags":{"FILE_LINE_OF_CODE":"1901"}}
{"ts":1710153495932,"action":"FILE_OPENED","file":"/crow-attr-text/src/main/kotlin/com/crow/attr/text/IAttrText.kt","tags":{"FILE_LINE_OF_CODE":"276"}}
{"ts":1710153519309,"action":"FILE_CLOSED","file":"/crow-attr-text/src/main/kotlin/com/crow/attr/text/IAttrText.kt","tags":{"FILE_LINE_OF_CODE":"276"}}
{"ts":1710153519309,"action":"FILE_OPENED","file":"/crow-attr-text/src/main/kotlin/com/crow/attr/text/AttrTextView.kt","tags":{"FILE_LINE_OF_CODE":"781"}}
{"ts":1710153526946,"action":"FILE_CLOSED","file":"/crow-attr-text/src/main/kotlin/com/crow/attr/text/AttrTextView.kt","tags":{"FILE_LINE_OF_CODE":"781"}}
{"ts":1710153526946,"action":"FILE_OPENED","file":"/crow-attr-text/src/main/kotlin/com/crow/attr/text/AttrTextLayout.kt","tags":{"FILE_LINE_OF_CODE":"1901"}}
{"ts":1710153537720,"action":"FILE_CLOSED","file":"/crow-attr-text/src/main/kotlin/com/crow/attr/text/AttrTextLayout.kt","tags":{"FILE_LINE_OF_CODE":"1901"}}
{"ts":1710153537720,"action":"FILE_OPENED","file":"/app/src/main/kotlin/com/crow/attrtextlayout/MainActivity.kt","tags":{"FILE_LINE_OF_CODE":"118"}}
{"ts":1710153541514,"action":"FILE_CLOSED","file":"/app/src/main/kotlin/com/crow/attrtextlayout/MainActivity.kt","tags":{"FILE_LINE_OF_CODE":"118"}}
{"ts":1710153541514,"action":"FILE_OPENED","file":"/crow-attr-text/src/main/kotlin/com/crow/attr/text/AttrTextLayout.kt","tags":{"FILE_LINE_OF_CODE":"1901"}}
{"ts":1710153855583,"action":"FILE_CLOSED","file":"/crow-attr-text/src/main/kotlin/com/crow/attr/text/AttrTextLayout.kt","tags":{"FILE_LINE_OF_CODE":"1903"}}
{"ts":1710153855583,"action":"FILE_OPENED","file":"/app/src/main/kotlin/com/crow/attrtextlayout/MainActivity.kt","tags":{"FILE_LINE_OF_CODE":"118"}}
{"ts":1710153864392,"action":"FILE_CLOSED","file":"/app/src/main/kotlin/com/crow/attrtextlayout/MainActivity.kt","tags":{"FILE_LINE_OF_CODE":"119"}}
{"ts":1710153864392,"action":"FILE_OPENED","file":"/crow-attr-text/src/main/kotlin/com/crow/attr/text/AttrTextView.kt","tags":{"FILE_LINE_OF_CODE":"781"}}
{"ts":1710153866174,"action":"FILE_CLOSED","file":"/crow-attr-text/src/main/kotlin/com/crow/attr/text/AttrTextView.kt","tags":{"FILE_LINE_OF_CODE":"781"}}
{"ts":1710153866174,"action":"FILE_OPENED","file":"/app/src/main/kotlin/com/crow/attrtextlayout/MainActivity.kt","tags":{"FILE_LINE_OF_CODE":"119"}}
{"ts":1710153867125,"action":"FILE_CLOSED","file":"/app/src/main/kotlin/com/crow/attrtextlayout/MainActivity.kt","tags":{"FILE_LINE_OF_CODE":"119"}}
{"ts":1710153867125,"action":"FILE_OPENED","file":"/crow-attr-text/src/main/kotlin/com/crow/attr/text/AttrTextLayout.kt","tags":{"FILE_LINE_OF_CODE":"1903"}}
{"ts":1710154014798,"action":"FILE_CLOSED","file":"/crow-attr-text/src/main/kotlin/com/crow/attr/text/AttrTextLayout.kt","tags":{"FILE_LINE_OF_CODE":"1904"}}
{"ts":1710154014798,"action":"FILE_OPENED","file":"/crow-attr-text/src/main/kotlin/com/crow/attr/text/IAttrText.kt","tags":{"FILE_LINE_OF_CODE":"276"}}
{"ts":1710154024199,"action":"FILE_CLOSED","file":"/crow-attr-text/src/main/kotlin/com/crow/attr/text/IAttrText.kt","tags":{"FILE_LINE_OF_CODE":"276"}}
{"ts":1710154024199,"action":"FILE_OPENED","file":"/crow-attr-text/src/main/kotlin/com/crow/attr/text/AttrTextView.kt","tags":{"FILE_LINE_OF_CODE":"781"}}
{"ts":1710154024808,"action":"FILE_CLOSED","file":"/crow-attr-text/src/main/kotlin/com/crow/attr/text/AttrTextView.kt","tags":{"FILE_LINE_OF_CODE":"781"}}
{"ts":1710154024808,"action":"FILE_OPENED","file":"/app/src/main/kotlin/com/crow/attrtextlayout/MainActivity.kt","tags":{"FILE_LINE_OF_CODE":"119"}}
{"ts":1710154025382,"action":"FILE_CLOSED","file":"/app/src/main/kotlin/com/crow/attrtextlayout/MainActivity.kt","tags":{"FILE_LINE_OF_CODE":"119"}}
{"ts":1710154025382,"action":"FILE_OPENED","file":"/crow-attr-text/src/main/kotlin/com/crow/attr/text/AttrTextLayout.kt","tags":{"FILE_LINE_OF_CODE":"1904"}}
{"ts":1710154031237,"action":"FILE_CLOSED","file":"/crow-attr-text/src/main/kotlin/com/crow/attr/text/AttrTextLayout.kt","tags":{"FILE_LINE_OF_CODE":"1904"}}
{"ts":1710154031237,"action":"FILE_OPENED","file":"/crow-attr-text/src/main/kotlin/com/crow/attr/text/AttrTextView.kt","tags":{"FILE_LINE_OF_CODE":"781"}}
{"ts":1710154089815,"action":"FILE_CLOSED","file":"/crow-attr-text/src/main/kotlin/com/crow/attr/text/AttrTextView.kt","tags":{"FILE_LINE_OF_CODE":"781"}}
{"ts":1710154089815,"action":"FILE_OPENED","file":"/app/src/main/kotlin/com/crow/attrtextlayout/MainActivity.kt","tags":{"FILE_LINE_OF_CODE":"119"}}
{"ts":1710154091625,"action":"FILE_CLOSED","file":"/app/src/main/kotlin/com/crow/attrtextlayout/MainActivity.kt","tags":{"FILE_LINE_OF_CODE":"119"}}
{"ts":1710154091626,"action":"FILE_OPENED","file":"/crow-attr-text/src/main/kotlin/com/crow/attr/text/AttrTextLayout.kt","tags":{"FILE_LINE_OF_CODE":"1904"}}
{"ts":1710154240735,"action":"IDE_DEACTIVATED"}
{"ts":1710154240882,"action":"IDE_ACTIVATED"}
{"ts":1710154380856,"action":"FILE_CLOSED","file":"/crow-attr-text/src/main/kotlin/com/crow/attr/text/AttrTextLayout.kt","tags":{"FILE_LINE_OF_CODE":"1896"}}
{"ts":1710154380856,"action":"FILE_OPENED","file":"/app/src/main/kotlin/com/crow/attrtextlayout/MainActivity.kt","tags":{"FILE_LINE_OF_CODE":"119"}}
{"ts":1710154417700,"action":"FILE_CLOSED","file":"/app/src/main/kotlin/com/crow/attrtextlayout/MainActivity.kt","tags":{"FILE_LINE_OF_CODE":"119"}}
{"ts":1710154417700,"action":"FILE_OPENED","file":"/crow-attr-text/src/main/kotlin/com/crow/attr/text/AttrTextLayout.kt","tags":{"FILE_LINE_OF_CODE":"1896"}}
{"ts":1710154541940,"action":"IDE_DEACTIVATED"}
{"ts":1710154549211,"action":"IDE_ACTIVATED"}
{"ts":1710154552845,"action":"IDE_DEACTIVATED"}
{"ts":1710154564796,"action":"IDE_ACTIVATED"}
{"ts":1710154648122,"action":"FILE_CLOSED","file":"/crow-attr-text/src/main/kotlin/com/crow/attr/text/AttrTextLayout.kt","tags":{"FILE_LINE_OF_CODE":"1896"}}
{"ts":1710154648122,"action":"FILE_OPENED","file":"/crow-attr-text/src/main/kotlin/com/crow/attr/text/IAttrText.kt","tags":{"FILE_LINE_OF_CODE":"278"}}
{"ts":1710154653766,"action":"FILE_CLOSED","file":"/crow-attr-text/src/main/kotlin/com/crow/attr/text/IAttrText.kt","tags":{"FILE_LINE_OF_CODE":"276"}}
{"ts":1710154653766,"action":"FILE_OPENED","file":"/crow-attr-text/src/main/kotlin/com/crow/attr/text/AttrTextLayout.kt","tags":{"FILE_LINE_OF_CODE":"1896"}}
{"ts":1710154878945,"action":"FILE_CLOSED","file":"/crow-attr-text/src/main/kotlin/com/crow/attr/text/AttrTextLayout.kt","tags":{"FILE_LINE_OF_CODE":"1897"}}
{"ts":1710154878945,"action":"FILE_OPENED","file":"/crow-attr-text/src/main/kotlin/com/crow/attr/text/AttrTextView.kt","tags":{"FILE_LINE_OF_CODE":"781"}}
{"ts":1710154883887,"action":"FILE_CLOSED","file":"/crow-attr-text/src/main/kotlin/com/crow/attr/text/AttrTextView.kt","tags":{"FILE_LINE_OF_CODE":"781"}}
{"ts":1710154883887,"action":"FILE_OPENED","file":"/crow-attr-text/src/main/kotlin/com/crow/attr/text/AttrTextLayout.kt","tags":{"FILE_LINE_OF_CODE":"1897"}}
{"ts":1710154886688,"action":"FILE_CLOSED","file":"/crow-attr-text/src/main/kotlin/com/crow/attr/text/AttrTextLayout.kt","tags":{"FILE_LINE_OF_CODE":"1897"}}
{"ts":1710154886688,"action":"FILE_OPENED","file":"/crow-attr-text/src/main/kotlin/com/crow/attr/text/AttrTextView.kt","tags":{"FILE_LINE_OF_CODE":"781"}}
{"ts":1710154912136,"action":"FILE_CLOSED","file":"/crow-attr-text/src/main/kotlin/com/crow/attr/text/AttrTextView.kt","tags":{"FILE_LINE_OF_CODE":"781"}}
{"ts":1710154912136,"action":"FILE_OPENED","file":"/app/src/main/kotlin/com/crow/attrtextlayout/MainActivity.kt","tags":{"FILE_LINE_OF_CODE":"119"}}
{"ts":1710154913087,"action":"FILE_CLOSED","file":"/app/src/main/kotlin/com/crow/attrtextlayout/MainActivity.kt","tags":{"FILE_LINE_OF_CODE":"119"}}
{"ts":1710154913087,"action":"FILE_OPENED","file":"/crow-attr-text/src/main/kotlin/com/crow/attr/text/AttrTextLayout.kt","tags":{"FILE_LINE_OF_CODE":"1897"}}
{"ts":1710154924188,"action":"FILE_CLOSED","file":"/crow-attr-text/src/main/kotlin/com/crow/attr/text/AttrTextLayout.kt","tags":{"FILE_LINE_OF_CODE":"1897"}}
{"ts":1710154928462,"action":"FILE_OPENED","file":"/crow-attr-text/src/main/kotlin/com/crow/attr/text/AttrTextLayout.kt","tags":{"FILE_LINE_OF_CODE":"1897"}}
{"ts":1710155023134,"action":"IDE_DEACTIVATED"}
{"ts":1710155027239,"action":"PROJECT_CLOSED","tags":{"PROJECT_NAME":"AttrTextLayout"}}
{"ts":1710206493091,"action":"IDE_DEACTIVATED"}
{"ts":1710206496710,"action":"FILE_OPENED","file":"/crow-attr-text/src/main/kotlin/com/crow/attr/text/AttrTextLayout.kt","tags":{"FILE_LINE_OF_CODE":"1886"}}
{"ts":1710206497274,"action":"PROJECT_OPENED","tags":{"PROJECT_NAME":"AttrTextLayout"}}
{"ts":1710207259089,"action":"IDE_ACTIVATED"}
{"ts":1710207260688,"action":"IDE_DEACTIVATED"}
{"ts":1710207265570,"action":"IDE_ACTIVATED"}
{"ts":1710207309948,"action":"IDE_DEACTIVATED"}
{"ts":1710207323998,"action":"IDE_ACTIVATED"}
{"ts":1710207412762,"action":"IDE_DEACTIVATED"}
{"ts":1710208288515,"action":"IDE_ACTIVATED"}
{"ts":1710208304005,"action":"IDE_DEACTIVATED"}
{"ts":1710208304051,"action":"IDE_ACTIVATED"}
{"ts":1710208304705,"action":"IDE_DEACTIVATED"}
{"ts":1710208304806,"action":"IDE_ACTIVATED"}
{"ts":1710208305255,"action":"IDE_DEACTIVATED"}
{"ts":1710208305345,"action":"IDE_ACTIVATED"}
{"ts":1710208311925,"action":"IDE_DEACTIVATED"}
{"ts":1710208378802,"action":"IDE_ACTIVATED"}
{"ts":1710208392468,"action":"IDE_DEACTIVATED"}
{"ts":1710208393390,"action":"IDE_ACTIVATED"}
{"ts":1710208820691,"action":"FILE_CLOSED","file":"/crow-attr-text/src/main/kotlin/com/crow/attr/text/AttrTextLayout.kt","tags":{"FILE_LINE_OF_CODE":"1887"}}
{"ts":1710208820691,"action":"FILE_OPENED","file":"/crow-attr-text/src/main/kotlin/com/crow/attr/text/AttrTextView.kt","tags":{"FILE_LINE_OF_CODE":"781"}}
{"ts":1710208836872,"action":"FILE_CLOSED","file":"/crow-attr-text/src/main/kotlin/com/crow/attr/text/AttrTextView.kt","tags":{"FILE_LINE_OF_CODE":"781"}}
{"ts":1710208836876,"action":"FILE_OPENED","file":"/app/src/main/kotlin/com/crow/attrtextlayout/MainActivity.kt","tags":{"FILE_LINE_OF_CODE":"119"}}
{"ts":1710208837024,"action":"FILE_CLOSED","file":"/app/src/main/kotlin/com/crow/attrtextlayout/MainActivity.kt","tags":{"FILE_LINE_OF_CODE":"119"}}
{"ts":1710208837028,"action":"FILE_OPENED","file":"/crow-attr-text/src/main/kotlin/com/crow/attr/text/AttrTextLayout.kt","tags":{"FILE_LINE_OF_CODE":"1887"}}
{"ts":1710209007839,"action":"FILE_CLOSED","file":"/crow-attr-text/src/main/kotlin/com/crow/attr/text/AttrTextLayout.kt","tags":{"FILE_LINE_OF_CODE":"1887"}}
{"ts":1710209007839,"action":"FILE_OPENED","file":"/gradle/app.versions.toml","tags":{"FILE_LINE_OF_CODE":"262"}}
{"ts":1710209008998,"action":"FILE_CLOSED","file":"/gradle/app.versions.toml","tags":{"FILE_LINE_OF_CODE":"262"}}
{"ts":1710209009002,"action":"FILE_OPENED","file":"/crow-attr-text/src/main/kotlin/com/crow/attr/text/AttrTextLayout.kt","tags":{"FILE_LINE_OF_CODE":"1887"}}
{"ts":1710209061708,"action":"FILE_CLOSED","file":"/crow-attr-text/src/main/kotlin/com/crow/attr/text/AttrTextLayout.kt","tags":{"FILE_LINE_OF_CODE":"1887"}}
{"ts":1710209061708,"action":"FILE_OPENED","file":"/crow-attr-text/src/main/kotlin/com/crow/attr/text/AttrTextView.kt","tags":{"FILE_LINE_OF_CODE":"781"}}
{"ts":1710209067058,"action":"FILE_CLOSED","file":"/crow-attr-text/src/main/kotlin/com/crow/attr/text/AttrTextView.kt","tags":{"FILE_LINE_OF_CODE":"781"}}
{"ts":1710209067058,"action":"FILE_OPENED","file":"/crow-attr-text/src/main/kotlin/com/crow/attr/text/AttrTextLayout.kt","tags":{"FILE_LINE_OF_CODE":"1887"}}
{"ts":1710209068623,"action":"FILE_CLOSED","file":"/crow-attr-text/src/main/kotlin/com/crow/attr/text/AttrTextLayout.kt","tags":{"FILE_LINE_OF_CODE":"1887"}}
{"ts":1710209068623,"action":"FILE_OPENED","file":"/crow-attr-text/src/main/kotlin/com/crow/attr/text/AttrTextView.kt","tags":{"FILE_LINE_OF_CODE":"781"}}
{"ts":1710209091315,"action":"FILE_CLOSED","file":"/crow-attr-text/src/main/kotlin/com/crow/attr/text/AttrTextView.kt","tags":{"FILE_LINE_OF_CODE":"781"}}
{"ts":1710209091315,"action":"FILE_OPENED","file":"/crow-attr-text/src/main/kotlin/com/crow/attr/text/AttrTextLayout.kt","tags":{"FILE_LINE_OF_CODE":"1887"}}
{"ts":1710209165423,"action":"IDE_DEACTIVATED"}
{"ts":1710209221595,"action":"IDE_ACTIVATED"}
{"ts":1710209339856,"action":"IDE_DEACTIVATED"}
{"ts":1710209345827,"action":"IDE_ACTIVATED"}
{"ts":1710209558440,"action":"FILE_CLOSED","file":"/crow-attr-text/src/main/kotlin/com/crow/attr/text/AttrTextLayout.kt","tags":{"FILE_LINE_OF_CODE":"1886"}}
{"ts":1710209558440,"action":"FILE_OPENED","file":"/app/src/main/res/layout/activity_main.xml","tags":{"FILE_LINE_OF_CODE":"175"}}
{"ts":1710209564508,"action":"FILE_CLOSED","file":"/app/src/main/res/layout/activity_main.xml","tags":{"FILE_LINE_OF_CODE":"175"}}
{"ts":1710209564513,"action":"FILE_OPENED","file":"/crow-attr-text/src/main/kotlin/com/crow/attr/text/AttrTextLayout.kt","tags":{"FILE_LINE_OF_CODE":"1886"}}
{"ts":1710209567272,"action":"FILE_CLOSED","file":"/crow-attr-text/src/main/kotlin/com/crow/attr/text/AttrTextLayout.kt","tags":{"FILE_LINE_OF_CODE":"1886"}}
{"ts":1710209567272,"action":"FILE_OPENED","file":"/app/src/main/kotlin/com/crow/attrtextlayout/MainActivity.kt","tags":{"FILE_LINE_OF_CODE":"119"}}
{"ts":1710209578538,"action":"FILE_CLOSED","file":"/app/src/main/kotlin/com/crow/attrtextlayout/MainActivity.kt","tags":{"FILE_LINE_OF_CODE":"119"}}
{"ts":1710209578538,"action":"FILE_OPENED","file":"/crow-attr-text/src/main/kotlin/com/crow/attr/text/AttrTextLayout.kt","tags":{"FILE_LINE_OF_CODE":"1886"}}
{"ts":1710209606355,"action":"FILE_CLOSED","file":"/crow-attr-text/src/main/kotlin/com/crow/attr/text/AttrTextLayout.kt","tags":{"FILE_LINE_OF_CODE":"1886"}}
{"ts":1710209606355,"action":"FILE_OPENED","file":"/app/src/main/res/layout/activity_main.xml","tags":{"FILE_LINE_OF_CODE":"175"}}
{"ts":1710209615688,"action":"FILE_CLOSED","file":"/app/src/main/res/layout/activity_main.xml","tags":{"FILE_LINE_OF_CODE":"175"}}
{"ts":1710209615688,"action":"FILE_OPENED","file":"/crow-attr-text/src/main/kotlin/com/crow/attr/text/AttrTextLayout.kt","tags":{"FILE_LINE_OF_CODE":"1886"}}
{"ts":1710209615907,"action":"FILE_CLOSED","file":"/crow-attr-text/src/main/kotlin/com/crow/attr/text/AttrTextLayout.kt","tags":{"FILE_LINE_OF_CODE":"1886"}}
{"ts":1710209615907,"action":"FILE_OPENED","file":"/app/src/main/res/layout/activity_main.xml","tags":{"FILE_LINE_OF_CODE":"175"}}
{"ts":1710209616716,"action":"FILE_CLOSED","file":"/app/src/main/res/layout/activity_main.xml","tags":{"FILE_LINE_OF_CODE":"175"}}
{"ts":1710209616716,"action":"FILE_OPENED","file":"/crow-attr-text/src/main/kotlin/com/crow/attr/text/AttrTextLayout.kt","tags":{"FILE_LINE_OF_CODE":"1886"}}
{"ts":1710209737486,"action":"FILE_CLOSED","file":"/crow-attr-text/src/main/kotlin/com/crow/attr/text/AttrTextLayout.kt","tags":{"FILE_LINE_OF_CODE":"1886"}}
{"ts":1710209737486,"action":"FILE_OPENED","file":"/app/src/main/kotlin/com/crow/attrtextlayout/MainActivity.kt","tags":{"FILE_LINE_OF_CODE":"119"}}
{"ts":1710209741793,"action":"FILE_CLOSED","file":"/app/src/main/kotlin/com/crow/attrtextlayout/MainActivity.kt","tags":{"FILE_LINE_OF_CODE":"119"}}
{"ts":1710209741793,"action":"FILE_OPENED","file":"/app/src/main/assets/content/Content.txt","tags":{"FILE_LINE_OF_CODE":"17"}}
{"ts":1710209816662,"action":"FILE_CLOSED","file":"/app/src/main/assets/content/Content.txt","tags":{"FILE_LINE_OF_CODE":"17"}}
{"ts":1710209816662,"action":"FILE_OPENED","file":"/app/src/main/assets/content/Content_backup.txt","tags":{"FILE_LINE_OF_CODE":"17"}}
{"ts":1710209820197,"action":"FILE_CLOSED","file":"/app/src/main/assets/content/Content_backup.txt","tags":{"FILE_LINE_OF_CODE":"17"}}
{"ts":1710209820197,"action":"FILE_OPENED","file":"/app/src/main/assets/content/Content.txt","tags":{"FILE_LINE_OF_CODE":"17"}}
{"ts":1710209844143,"action":"FILE_CLOSED","file":"/app/src/main/assets/content/Content.txt","tags":{"FILE_LINE_OF_CODE":"1"}}
{"ts":1710209844143,"action":"FILE_OPENED","file":"/app/src/main/kotlin/com/crow/attrtextlayout/MainActivity.kt","tags":{"FILE_LINE_OF_CODE":"119"}}
{"ts":1710210098993,"action":"IDE_DEACTIVATED"}
{"ts":1710210475578,"action":"IDE_ACTIVATED"}
{"ts":1710210758414,"action":"IDE_DEACTIVATED"}
{"ts":1710211093990,"action":"IDE_ACTIVATED"}
{"ts":1710211094312,"action":"IDE_DEACTIVATED"}
{"ts":1710211103815,"action":"IDE_ACTIVATED"}
{"ts":1710211104468,"action":"IDE_DEACTIVATED"}
{"ts":1710213986886,"action":"IDE_ACTIVATED"}
{"ts":1710213987473,"action":"IDE_DEACTIVATED"}
{"ts":1710226443258,"action":"IDE_ACTIVATED"}
{"ts":1710226454357,"action":"IDE_DEACTIVATED"}
{"ts":1710226466017,"action":"IDE_ACTIVATED"}
{"ts":1710226469634,"action":"IDE_DEACTIVATED"}
{"ts":1710226470801,"action":"IDE_ACTIVATED"}
{"ts":1710226473168,"action":"IDE_DEACTIVATED"}
{"ts":1710226530584,"action":"IDE_ACTIVATED"}
{"ts":1710226531260,"action":"FILE_CLOSED","file":"/app/src/main/kotlin/com/crow/attrtextlayout/MainActivity.kt","tags":{"FILE_LINE_OF_CODE":"119"}}
{"ts":1710226531260,"action":"FILE_OPENED","file":"/app/src/main/assets/content/Content_backup.txt","tags":{"FILE_LINE_OF_CODE":"17"}}
{"ts":1710226533034,"action":"FILE_CLOSED","file":"/app/src/main/assets/content/Content_backup.txt","tags":{"FILE_LINE_OF_CODE":"17"}}
{"ts":1710226533034,"action":"FILE_OPENED","file":"/app/src/main/assets/content/Content.txt","tags":{"FILE_LINE_OF_CODE":"1"}}
{"ts":1710226589336,"action":"IDE_DEACTIVATED"}
{"ts":1710226662205,"action":"IDE_ACTIVATED"}
{"ts":1710226666217,"action":"IDE_DEACTIVATED"}
{"ts":1710226694372,"action":"IDE_ACTIVATED"}
{"ts":1710226697892,"action":"IDE_DEACTIVATED"}
{"ts":1710227072309,"action":"IDE_ACTIVATED"}
{"ts":1710227073427,"action":"IDE_DEACTIVATED"}
{"ts":1710227073513,"action":"IDE_ACTIVATED"}
{"ts":1710227074430,"action":"IDE_DEACTIVATED"}
{"ts":1710227195580,"action":"IDE_ACTIVATED"}
{"ts":1710227197883,"action":"FILE_CLOSED","file":"/app/src/main/assets/content/Content.txt","tags":{"FILE_LINE_OF_CODE":"17"}}
{"ts":1710227197883,"action":"FILE_OPENED","file":"/app/src/main/kotlin/com/crow/attrtextlayout/MainActivity.kt","tags":{"FILE_LINE_OF_CODE":"119"}}
{"ts":1710227204113,"action":"IDE_DEACTIVATED"}
{"ts":1710227487194,"action":"IDE_ACTIVATED"}
{"ts":1710227488510,"action":"IDE_DEACTIVATED"}
{"ts":1710229127096,"action":"IDE_ACTIVATED"}
{"ts":1710229127701,"action":"IDE_DEACTIVATED"}
{"ts":1710229208363,"action":"IDE_ACTIVATED"}
{"ts":1710229212188,"action":"FILE_CLOSED","file":"/app/src/main/kotlin/com/crow/attrtextlayout/MainActivity.kt","tags":{"FILE_LINE_OF_CODE":"119"}}
{"ts":1710229212188,"action":"FILE_OPENED","file":"/app/src/main/assets/content/Content_backup.txt","tags":{"FILE_LINE_OF_CODE":"17"}}
{"ts":1710229217613,"action":"FILE_CLOSED","file":"/app/src/main/assets/content/Content_backup.txt","tags":{"FILE_LINE_OF_CODE":"17"}}
{"ts":1710229217613,"action":"FILE_OPENED","file":"/app/src/main/assets/content/Content.txt","tags":{"FILE_LINE_OF_CODE":"17"}}
{"ts":1710229273822,"action":"IDE_DEACTIVATED"}
{"ts":1710229381697,"action":"IDE_ACTIVATED"}
{"ts":1710229382696,"action":"IDE_DEACTIVATED"}
{"ts":1710229382804,"action":"IDE_ACTIVATED"}
{"ts":1710229383611,"action":"IDE_DEACTIVATED"}
{"ts":1710229388844,"action":"IDE_ACTIVATED"}
{"ts":1710229389163,"action":"IDE_DEACTIVATED"}
{"ts":1710229390031,"action":"IDE_ACTIVATED"}
{"ts":1710229414702,"action":"FILE_CLOSED","file":"/app/src/main/assets/content/Content.txt","tags":{"FILE_LINE_OF_CODE":"1"}}
{"ts":1710229414702,"action":"FILE_OPENED","file":"/app/src/main/kotlin/com/crow/attrtextlayout/MainActivity.kt","tags":{"FILE_LINE_OF_CODE":"119"}}
{"ts":1710229448763,"action":"IDE_DEACTIVATED"}
{"ts":1710229531252,"action":"IDE_ACTIVATED"}
{"ts":1710229532633,"action":"IDE_DEACTIVATED"}
{"ts":1710229533746,"action":"IDE_ACTIVATED"}
{"ts":1710229565901,"action":"FILE_CLOSED","file":"/app/src/main/kotlin/com/crow/attrtextlayout/MainActivity.kt","tags":{"FILE_LINE_OF_CODE":"119"}}
{"ts":1710229565901,"action":"FILE_OPENED","file":"/crow-attr-text/src/main/kotlin/com/crow/attr/text/AttrTextLayout.kt","tags":{"FILE_LINE_OF_CODE":"1886"}}
{"ts":1710229614685,"action":"IDE_DEACTIVATED"}
{"ts":1710229658338,"action":"IDE_ACTIVATED"}
{"ts":1710229665813,"action":"FILE_CLOSED","file":"/crow-attr-text/src/main/kotlin/com/crow/attr/text/AttrTextLayout.kt","tags":{"FILE_LINE_OF_CODE":"1887"}}
{"ts":1710229665813,"action":"FILE_OPENED","file":"/app/src/main/kotlin/com/crow/attrtextlayout/MainActivity.kt","tags":{"FILE_LINE_OF_CODE":"119"}}
{"ts":1710229666401,"action":"FILE_CLOSED","file":"/app/src/main/kotlin/com/crow/attrtextlayout/MainActivity.kt","tags":{"FILE_LINE_OF_CODE":"119"}}
{"ts":1710229666401,"action":"FILE_OPENED","file":"/app/src/main/assets/content/Content.txt","tags":{"FILE_LINE_OF_CODE":"1"}}
{"ts":1710229666825,"action":"FILE_CLOSED","file":"/app/src/main/assets/content/Content.txt","tags":{"FILE_LINE_OF_CODE":"1"}}
{"ts":1710229666825,"action":"FILE_OPENED","file":"/app/src/main/assets/content/Content_backup.txt","tags":{"FILE_LINE_OF_CODE":"17"}}
{"ts":1710229667362,"action":"FILE_CLOSED","file":"/app/src/main/assets/content/Content_backup.txt","tags":{"FILE_LINE_OF_CODE":"17"}}
{"ts":1710229667362,"action":"FILE_OPENED","file":"/crow-attr-text/src/main/kotlin/com/crow/attr/text/AttrTextView.kt","tags":{"FILE_LINE_OF_CODE":"781"}}
{"ts":1710229668093,"action":"FILE_CLOSED","file":"/crow-attr-text/src/main/kotlin/com/crow/attr/text/AttrTextView.kt","tags":{"FILE_LINE_OF_CODE":"781"}}
{"ts":1710229668093,"action":"FILE_OPENED","file":"/app/src/main/kotlin/com/crow/attrtextlayout/MainActivity.kt","tags":{"FILE_LINE_OF_CODE":"119"}}
{"ts":1710229691595,"action":"FILE_CLOSED","file":"/app/src/main/kotlin/com/crow/attrtextlayout/MainActivity.kt","tags":{"FILE_LINE_OF_CODE":"119"}}
{"ts":1710229691595,"action":"FILE_OPENED","file":"/crow-attr-text/src/main/kotlin/com/crow/attr/text/AttrTextLayout.kt","tags":{"FILE_LINE_OF_CODE":"1887"}}
{"ts":1710229734629,"action":"FILE_CLOSED","file":"/crow-attr-text/src/main/kotlin/com/crow/attr/text/AttrTextLayout.kt","tags":{"FILE_LINE_OF_CODE":"1886"}}
{"ts":1710229734629,"action":"FILE_OPENED","file":"/app/src/main/res/layout/activity_main.xml","tags":{"FILE_LINE_OF_CODE":"175"}}
{"ts":1710229735300,"action":"FILE_CLOSED","file":"/app/src/main/res/layout/activity_main.xml","tags":{"FILE_LINE_OF_CODE":"175"}}
{"ts":1710229735300,"action":"FILE_OPENED","file":"/app/src/main/kotlin/com/crow/attrtextlayout/MainActivity.kt","tags":{"FILE_LINE_OF_CODE":"119"}}
{"ts":1710229740423,"action":"IDE_DEACTIVATED"}
{"ts":1710229786797,"action":"IDE_ACTIVATED"}
{"ts":1710229791538,"action":"FILE_CLOSED","file":"/app/src/main/kotlin/com/crow/attrtextlayout/MainActivity.kt","tags":{"FILE_LINE_OF_CODE":"119"}}
{"ts":1710229791538,"action":"FILE_OPENED","file":"/crow-attr-text/src/main/kotlin/com/crow/attr/text/AttrTextLayout.kt","tags":{"FILE_LINE_OF_CODE":"1886"}}
{"ts":1710229861827,"action":"FILE_CLOSED","file":"/crow-attr-text/src/main/kotlin/com/crow/attr/text/AttrTextLayout.kt","tags":{"FILE_LINE_OF_CODE":"1890"}}
{"ts":1710229861827,"action":"FILE_OPENED","file":"/crow-attr-text/src/main/kotlin/com/crow/attr/text/AttrTextFrameConfig.kt","tags":{"FILE_LINE_OF_CODE":"32"}}
{"ts":1710229862938,"action":"FILE_CLOSED","file":"/crow-attr-text/src/main/kotlin/com/crow/attr/text/AttrTextFrameConfig.kt","tags":{"FILE_LINE_OF_CODE":"32"}}
{"ts":1710229862938,"action":"FILE_OPENED","file":"/crow-attr-text/src/main/kotlin/com/crow/attr/text/AttrTextLayout.kt","tags":{"FILE_LINE_OF_CODE":"1890"}}
{"ts":1710229863708,"action":"FILE_CLOSED","file":"/crow-attr-text/src/main/kotlin/com/crow/attr/text/AttrTextLayout.kt","tags":{"FILE_LINE_OF_CODE":"1890"}}
{"ts":1710229863708,"action":"FILE_OPENED","file":"/crow-attr-text/src/main/kotlin/com/crow/attr/text/AttrTextFrameConfig.kt","tags":{"FILE_LINE_OF_CODE":"32"}}
{"ts":1710229864856,"action":"FILE_CLOSED","file":"/crow-attr-text/src/main/kotlin/com/crow/attr/text/AttrTextFrameConfig.kt","tags":{"FILE_LINE_OF_CODE":"32"}}
{"ts":1710229864856,"action":"FILE_OPENED","file":"/crow-attr-text/src/main/kotlin/com/crow/attr/text/AttrTextLayout.kt","tags":{"FILE_LINE_OF_CODE":"1890"}}
{"ts":1710229868979,"action":"FILE_CLOSED","file":"/crow-attr-text/src/main/kotlin/com/crow/attr/text/AttrTextLayout.kt","tags":{"FILE_LINE_OF_CODE":"1890"}}
{"ts":1710229868979,"action":"FILE_OPENED","file":"/crow-attr-text/src/main/kotlin/com/crow/attr/text/AttrTextFrameConfig.kt","tags":{"FILE_LINE_OF_CODE":"32"}}
{"ts":1710229890037,"action":"FILE_CLOSED","file":"/crow-attr-text/src/main/kotlin/com/crow/attr/text/AttrTextFrameConfig.kt","tags":{"FILE_LINE_OF_CODE":"33"}}
{"ts":1710229890037,"action":"FILE_OPENED","file":"/crow-attr-text/src/main/kotlin/com/crow/attr/text/AttrTextLayout.kt","tags":{"FILE_LINE_OF_CODE":"1890"}}
{"ts":1710229908345,"action":"FILE_CLOSED","file":"/crow-attr-text/src/main/kotlin/com/crow/attr/text/AttrTextLayout.kt","tags":{"FILE_LINE_OF_CODE":"1882"}}
{"ts":1710229908345,"action":"FILE_OPENED","file":"/crow-attr-text/src/main/kotlin/com/crow/attr/text/AttrTextFrameConfig.kt","tags":{"FILE_LINE_OF_CODE":"33"}}
{"ts":1710229981207,"action":"IDE_DEACTIVATED"}
{"ts":1710229983070,"action":"IDE_ACTIVATED"}
{"ts":1710229992811,"action":"FILE_CLOSED","file":"/crow-attr-text/src/main/kotlin/com/crow/attr/text/AttrTextFrameConfig.kt","tags":{"FILE_LINE_OF_CODE":"32"}}
{"ts":1710229992811,"action":"FILE_OPENED","file":"/crow-attr-text/src/main/kotlin/com/crow/attr/text/AttrTextLayout.kt","tags":{"FILE_LINE_OF_CODE":"1882"}}
{"ts":1710230002605,"action":"FILE_CLOSED","file":"/crow-attr-text/src/main/kotlin/com/crow/attr/text/AttrTextLayout.kt","tags":{"FILE_LINE_OF_CODE":"1882"}}
{"ts":1710230005128,"action":"FILE_OPENED","file":"/crow-attr-text/src/main/kotlin/com/crow/attr/text/AttrTextLayout.kt","tags":{"FILE_LINE_OF_CODE":"1882"}}
{"ts":1710230124939,"action":"IDE_DEACTIVATED"}
{"ts":1710230126948,"action":"IDE_ACTIVATED"}
{"ts":1710230127446,"action":"IDE_DEACTIVATED"}
{"ts":1710230143474,"action":"IDE_ACTIVATED"}
{"ts":1710230589222,"action":"IDE_DEACTIVATED"}
{"ts":1710230599020,"action":"IDE_ACTIVATED"}
{"ts":1710230631804,"action":"FILE_CLOSED","file":"/crow-attr-text/src/main/kotlin/com/crow/attr/text/AttrTextLayout.kt","tags":{"FILE_LINE_OF_CODE":"1906"}}
{"ts":1710230631804,"action":"FILE_OPENED","file":"/app/src/main/kotlin/com/crow/attrtextlayout/MainActivity.kt","tags":{"FILE_LINE_OF_CODE":"119"}}
{"ts":1710230636216,"action":"FILE_CLOSED","file":"/app/src/main/kotlin/com/crow/attrtextlayout/MainActivity.kt","tags":{"FILE_LINE_OF_CODE":"119"}}
{"ts":1710230636216,"action":"FILE_OPENED","file":"/crow-attr-text/src/main/kotlin/com/crow/attr/text/AttrTextLayout.kt","tags":{"FILE_LINE_OF_CODE":"1906"}}
{"ts":1710230778236,"action":"IDE_DEACTIVATED"}
{"ts":1710230782703,"action":"IDE_ACTIVATED"}
{"ts":1710230783417,"action":"IDE_DEACTIVATED"}
{"ts":1710230830127,"action":"IDE_ACTIVATED"}
{"ts":1710230831442,"action":"FILE_CLOSED","file":"/crow-attr-text/src/main/kotlin/com/crow/attr/text/AttrTextLayout.kt","tags":{"FILE_LINE_OF_CODE":"1901"}}
{"ts":1710230831442,"action":"FILE_OPENED","file":"/crow-attr-text/src/main/kotlin/com/crow/attr/text/AttrTextFrameConfig.kt","tags":{"FILE_LINE_OF_CODE":"32"}}
{"ts":1710230832632,"action":"FILE_CLOSED","file":"/crow-attr-text/src/main/kotlin/com/crow/attr/text/AttrTextFrameConfig.kt","tags":{"FILE_LINE_OF_CODE":"32"}}
{"ts":1710230832632,"action":"FILE_OPENED","file":"/crow-attr-text/src/main/kotlin/com/crow/attr/text/AttrTextLayout.kt","tags":{"FILE_LINE_OF_CODE":"1901"}}
{"ts":1710230834918,"action":"FILE_CLOSED","file":"/crow-attr-text/src/main/kotlin/com/crow/attr/text/AttrTextLayout.kt","tags":{"FILE_LINE_OF_CODE":"1901"}}
{"ts":1710230834918,"action":"FILE_OPENED","file":"/app/src/main/kotlin/com/crow/attrtextlayout/MainActivity.kt","tags":{"FILE_LINE_OF_CODE":"119"}}
{"ts":1710230852413,"action":"FILE_CLOSED","file":"/app/src/main/kotlin/com/crow/attrtextlayout/MainActivity.kt","tags":{"FILE_LINE_OF_CODE":"121"}}
{"ts":1710230855715,"action":"FILE_OPENED","file":"/app/src/main/kotlin/com/crow/attrtextlayout/MainActivity.kt","tags":{"FILE_LINE_OF_CODE":"121"}}
{"ts":1710230859886,"action":"FILE_CLOSED","file":"/app/src/main/kotlin/com/crow/attrtextlayout/MainActivity.kt","tags":{"FILE_LINE_OF_CODE":"121"}}
{"ts":1710230869397,"action":"FILE_OPENED","file":"/app/src/main/kotlin/com/crow/attrtextlayout/MainActivity.kt","tags":{"FILE_LINE_OF_CODE":"121"}}
{"ts":1710230870795,"action":"IDE_DEACTIVATED"}
{"ts":1710230946711,"action":"IDE_ACTIVATED"}
{"ts":1710230965104,"action":"FILE_CLOSED","file":"/app/src/main/kotlin/com/crow/attrtextlayout/MainActivity.kt","tags":{"FILE_LINE_OF_CODE":"120"}}
{"ts":1710230965104,"action":"FILE_OPENED","file":"/crow-attr-text/src/main/kotlin/com/crow/attr/text/AttrTextLayout.kt","tags":{"FILE_LINE_OF_CODE":"1901"}}
{"ts":1710230981251,"action":"IDE_DEACTIVATED"}
{"ts":1710230999182,"action":"IDE_ACTIVATED"}
{"ts":1710231055391,"action":"FILE_CLOSED","file":"/crow-attr-text/src/main/kotlin/com/crow/attr/text/AttrTextLayout.kt","tags":{"FILE_LINE_OF_CODE":"1901"}}
{"ts":1710231055391,"action":"FILE_OPENED","file":"/app/src/main/kotlin/com/crow/attrtextlayout/MainActivity.kt","tags":{"FILE_LINE_OF_CODE":"120"}}
{"ts":1710231060739,"action":"IDE_DEACTIVATED"}
{"ts":1710231061358,"action":"IDE_ACTIVATED"}
{"ts":1710231078495,"action":"IDE_DEACTIVATED"}
{"ts":1710231090893,"action":"IDE_ACTIVATED"}
{"ts":1710231093343,"action":"FILE_CLOSED","file":"/app/src/main/kotlin/com/crow/attrtextlayout/MainActivity.kt","tags":{"FILE_LINE_OF_CODE":"120"}}
{"ts":1710231093343,"action":"FILE_OPENED","file":"/crow-attr-text/src/main/kotlin/com/crow/attr/text/AttrTextFrameConfig.kt","tags":{"FILE_LINE_OF_CODE":"32"}}
{"ts":1710231093989,"action":"FILE_CLOSED","file":"/crow-attr-text/src/main/kotlin/com/crow/attr/text/AttrTextFrameConfig.kt","tags":{"FILE_LINE_OF_CODE":"32"}}
{"ts":1710231093989,"action":"FILE_OPENED","file":"/crow-attr-text/src/main/kotlin/com/crow/attr/text/AttrTextLayout.kt","tags":{"FILE_LINE_OF_CODE":"1901"}}
{"ts":1710231101600,"action":"FILE_CLOSED","file":"/crow-attr-text/src/main/kotlin/com/crow/attr/text/AttrTextLayout.kt","tags":{"FILE_LINE_OF_CODE":"1901"}}
{"ts":1710231101600,"action":"FILE_OPENED","file":"/crow-attr-text/src/main/kotlin/com/crow/attr/text/AttrTextFrameConfig.kt","tags":{"FILE_LINE_OF_CODE":"32"}}
{"ts":1710231102854,"action":"FILE_CLOSED","file":"/crow-attr-text/src/main/kotlin/com/crow/attr/text/AttrTextFrameConfig.kt","tags":{"FILE_LINE_OF_CODE":"32"}}
{"ts":1710231102854,"action":"FILE_OPENED","file":"/app/src/main/res/layout/activity_main.xml","tags":{"FILE_LINE_OF_CODE":"175"}}
{"ts":1710231103211,"action":"FILE_CLOSED","file":"/app/src/main/res/layout/activity_main.xml","tags":{"FILE_LINE_OF_CODE":"175"}}
{"ts":1710231103211,"action":"FILE_OPENED","file":"/app/src/main/kotlin/com/crow/attrtextlayout/MainActivity.kt","tags":{"FILE_LINE_OF_CODE":"120"}}
{"ts":1710231105344,"action":"IDE_DEACTIVATED"}
{"ts":1710231106570,"action":"IDE_ACTIVATED"}
{"ts":1710231154284,"action":"FILE_CLOSED","file":"/app/src/main/kotlin/com/crow/attrtextlayout/MainActivity.kt","tags":{"FILE_LINE_OF_CODE":"120"}}
{"ts":1710231154284,"action":"FILE_OPENED","file":"/crow-attr-text/src/main/kotlin/com/crow/attr/text/AttrTextLayout.kt","tags":{"FILE_LINE_OF_CODE":"1901"}}
{"ts":1710231227439,"action":"FILE_CLOSED","file":"/crow-attr-text/src/main/kotlin/com/crow/attr/text/AttrTextLayout.kt","tags":{"FILE_LINE_OF_CODE":"1900"}}
{"ts":1710231227439,"action":"FILE_OPENED","file":"/crow-attr-text/src/main/kotlin/com/crow/attr/text/AttrTextFrameConfig.kt","tags":{"FILE_LINE_OF_CODE":"32"}}
{"ts":1710231230229,"action":"FILE_CLOSED","file":"/crow-attr-text/src/main/kotlin/com/crow/attr/text/AttrTextFrameConfig.kt","tags":{"FILE_LINE_OF_CODE":"32"}}
{"ts":1710231230229,"action":"FILE_OPENED","file":"/app/src/main/kotlin/com/crow/attrtextlayout/MainActivity.kt","tags":{"FILE_LINE_OF_CODE":"120"}}
{"ts":1710231242632,"action":"FILE_CLOSED","file":"/app/src/main/kotlin/com/crow/attrtextlayout/MainActivity.kt","tags":{"FILE_LINE_OF_CODE":"120"}}
{"ts":1710231242632,"action":"FILE_OPENED","file":"/crow-attr-text/src/main/kotlin/com/crow/attr/text/AttrTextLayout.kt","tags":{"FILE_LINE_OF_CODE":"1900"}}
{"ts":1710231244386,"action":"FILE_CLOSED","file":"/crow-attr-text/src/main/kotlin/com/crow/attr/text/AttrTextLayout.kt","tags":{"FILE_LINE_OF_CODE":"1900"}}
{"ts":1710231244386,"action":"FILE_OPENED","file":"/crow-attr-text/src/main/kotlin/com/crow/attr/text/AttrTextFrameConfig.kt","tags":{"FILE_LINE_OF_CODE":"32"}}
{"ts":1710231245376,"action":"FILE_CLOSED","file":"/crow-attr-text/src/main/kotlin/com/crow/attr/text/AttrTextFrameConfig.kt","tags":{"FILE_LINE_OF_CODE":"32"}}
{"ts":1710231245376,"action":"FILE_OPENED","file":"/crow-attr-text/src/main/kotlin/com/crow/attr/text/AttrTextLayout.kt","tags":{"FILE_LINE_OF_CODE":"1900"}}
{"ts":1710231246485,"action":"FILE_CLOSED","file":"/crow-attr-text/src/main/kotlin/com/crow/attr/text/AttrTextLayout.kt","tags":{"FILE_LINE_OF_CODE":"1900"}}
{"ts":1710231246485,"action":"FILE_OPENED","file":"/app/src/main/res/layout/activity_main.xml","tags":{"FILE_LINE_OF_CODE":"175"}}
{"ts":1710231246943,"action":"FILE_CLOSED","file":"/app/src/main/res/layout/activity_main.xml","tags":{"FILE_LINE_OF_CODE":"175"}}
{"ts":1710231246943,"action":"FILE_OPENED","file":"/app/src/main/kotlin/com/crow/attrtextlayout/MainActivity.kt","tags":{"FILE_LINE_OF_CODE":"120"}}
{"ts":1710231279797,"action":"FILE_CLOSED","file":"/app/src/main/kotlin/com/crow/attrtextlayout/MainActivity.kt","tags":{"FILE_LINE_OF_CODE":"125"}}
{"ts":1710231279797,"action":"FILE_OPENED","file":"/crow-attr-text/src/main/kotlin/com/crow/attr/text/AttrTextLayout.kt","tags":{"FILE_LINE_OF_CODE":"1900"}}
{"ts":1710231341406,"action":"IDE_DEACTIVATED"}
{"ts":1710231370940,"action":"IDE_ACTIVATED"}
{"ts":1710231372911,"action":"IDE_DEACTIVATED"}
{"ts":1710231385578,"action":"IDE_ACTIVATED"}
{"ts":1710231473287,"action":"FILE_CLOSED","file":"/crow-attr-text/src/main/kotlin/com/crow/attr/text/AttrTextLayout.kt","tags":{"FILE_LINE_OF_CODE":"1907"}}
{"ts":1710231473287,"action":"FILE_OPENED","file":"/crow-attr-text/src/main/kotlin/com/crow/attr/text/AttrTextView.kt","tags":{"FILE_LINE_OF_CODE":"781"}}
{"ts":1710231476653,"action":"FILE_CLOSED","file":"/crow-attr-text/src/main/kotlin/com/crow/attr/text/AttrTextView.kt","tags":{"FILE_LINE_OF_CODE":"781"}}
{"ts":1710231476653,"action":"FILE_OPENED","file":"/crow-attr-text/src/main/kotlin/com/crow/attr/text/AttrTextLayout.kt","tags":{"FILE_LINE_OF_CODE":"1907"}}
{"ts":1710231514853,"action":"FILE_CLOSED","file":"/crow-attr-text/src/main/kotlin/com/crow/attr/text/AttrTextLayout.kt","tags":{"FILE_LINE_OF_CODE":"1907"}}
{"ts":1710231514853,"action":"FILE_OPENED","file":"/crow-attr-text/src/main/kotlin/com/crow/attr/text/AttrTextView.kt","tags":{"FILE_LINE_OF_CODE":"781"}}
{"ts":1710231523564,"action":"FILE_CLOSED","file":"/crow-attr-text/src/main/kotlin/com/crow/attr/text/AttrTextView.kt","tags":{"FILE_LINE_OF_CODE":"781"}}
{"ts":1710231523568,"action":"FILE_OPENED","file":"/app/src/main/assets/content/Content_backup.txt","tags":{"FILE_LINE_OF_CODE":"17"}}
{"ts":1710231524979,"action":"FILE_CLOSED","file":"/app/src/main/assets/content/Content_backup.txt","tags":{"FILE_LINE_OF_CODE":"17"}}
{"ts":1710231524983,"action":"FILE_OPENED","file":"/app/src/main/assets/content/Content.txt","tags":{"FILE_LINE_OF_CODE":"1"}}
{"ts":1710231527105,"action":"FILE_CLOSED","file":"/app/src/main/assets/content/Content.txt","tags":{"FILE_LINE_OF_CODE":"1"}}
{"ts":1710231527105,"action":"FILE_OPENED","file":"/app/src/main/kotlin/com/crow/attrtextlayout/MainActivity.kt","tags":{"FILE_LINE_OF_CODE":"125"}}
{"ts":1710231529463,"action":"FILE_CLOSED","file":"/app/src/main/kotlin/com/crow/attrtextlayout/MainActivity.kt","tags":{"FILE_LINE_OF_CODE":"125"}}
{"ts":1710231529463,"action":"FILE_OPENED","file":"/app/src/main/res/layout/activity_main.xml","tags":{"FILE_LINE_OF_CODE":"175"}}
{"ts":1710231530168,"action":"FILE_CLOSED","file":"/app/src/main/res/layout/activity_main.xml","tags":{"FILE_LINE_OF_CODE":"175"}}
{"ts":1710231530168,"action":"FILE_OPENED","file":"/crow-attr-text/src/main/kotlin/com/crow/attr/text/AttrTextFrameConfig.kt","tags":{"FILE_LINE_OF_CODE":"32"}}
{"ts":1710231530646,"action":"FILE_CLOSED","file":"/crow-attr-text/src/main/kotlin/com/crow/attr/text/AttrTextFrameConfig.kt","tags":{"FILE_LINE_OF_CODE":"32"}}
{"ts":1710231530646,"action":"FILE_OPENED","file":"/crow-attr-text/src/main/kotlin/com/crow/attr/text/AttrTextLayout.kt","tags":{"FILE_LINE_OF_CODE":"1907"}}
{"ts":1710231651579,"action":"FILE_CLOSED","file":"/crow-attr-text/src/main/kotlin/com/crow/attr/text/AttrTextLayout.kt","tags":{"FILE_LINE_OF_CODE":"1907"}}
{"ts":1710231651579,"action":"FILE_OPENED","file":"/app/src/main/res/layout/activity_main.xml","tags":{"FILE_LINE_OF_CODE":"175"}}
{"ts":1710231652245,"action":"FILE_CLOSED","file":"/app/src/main/res/layout/activity_main.xml","tags":{"FILE_LINE_OF_CODE":"175"}}
{"ts":1710231652245,"action":"FILE_OPENED","file":"/app/src/main/kotlin/com/crow/attrtextlayout/MainActivity.kt","tags":{"FILE_LINE_OF_CODE":"125"}}
{"ts":1710231702308,"action":"FILE_CLOSED","file":"/app/src/main/kotlin/com/crow/attrtextlayout/MainActivity.kt","tags":{"FILE_LINE_OF_CODE":"125"}}
{"ts":1710231702308,"action":"FILE_OPENED","file":"/crow-attr-text/src/main/kotlin/com/crow/attr/text/AttrTextLayout.kt","tags":{"FILE_LINE_OF_CODE":"1907"}}
{"ts":1710231789910,"action":"FILE_CLOSED","file":"/crow-attr-text/src/main/kotlin/com/crow/attr/text/AttrTextLayout.kt","tags":{"FILE_LINE_OF_CODE":"1904"}}
{"ts":1710231789910,"action":"FILE_OPENED","file":"/crow-attr-text/src/main/kotlin/com/crow/attr/text/AttrTextFrameConfig.kt","tags":{"FILE_LINE_OF_CODE":"32"}}
{"ts":1710231790563,"action":"FILE_CLOSED","file":"/crow-attr-text/src/main/kotlin/com/crow/attr/text/AttrTextFrameConfig.kt","tags":{"FILE_LINE_OF_CODE":"32"}}
{"ts":1710231790563,"action":"FILE_OPENED","file":"/crow-attr-text/src/main/kotlin/com/crow/attr/text/AttrTextLayout.kt","tags":{"FILE_LINE_OF_CODE":"1904"}}
{"ts":1710231796450,"action":"FILE_CLOSED","file":"/crow-attr-text/src/main/kotlin/com/crow/attr/text/AttrTextLayout.kt","tags":{"FILE_LINE_OF_CODE":"1904"}}
{"ts":1710231796450,"action":"FILE_OPENED","file":"/app/src/main/kotlin/com/crow/attrtextlayout/MainActivity.kt","tags":{"FILE_LINE_OF_CODE":"125"}}
{"ts":1710231801555,"action":"FILE_CLOSED","file":"/app/src/main/kotlin/com/crow/attrtextlayout/MainActivity.kt","tags":{"FILE_LINE_OF_CODE":"125"}}
{"ts":1710231801555,"action":"FILE_OPENED","file":"/app/src/main/res/layout/activity_main.xml","tags":{"FILE_LINE_OF_CODE":"175"}}
{"ts":1710231802334,"action":"FILE_CLOSED","file":"/app/src/main/res/layout/activity_main.xml","tags":{"FILE_LINE_OF_CODE":"175"}}
{"ts":1710231802334,"action":"FILE_OPENED","file":"/crow-attr-text/src/main/kotlin/com/crow/attr/text/AttrTextFrameConfig.kt","tags":{"FILE_LINE_OF_CODE":"32"}}
{"ts":1710231803103,"action":"FILE_CLOSED","file":"/crow-attr-text/src/main/kotlin/com/crow/attr/text/AttrTextFrameConfig.kt","tags":{"FILE_LINE_OF_CODE":"32"}}
{"ts":1710231803103,"action":"FILE_OPENED","file":"/crow-attr-text/src/main/kotlin/com/crow/attr/text/AttrTextLayout.kt","tags":{"FILE_LINE_OF_CODE":"1904"}}
{"ts":1710231804579,"action":"FILE_CLOSED","file":"/crow-attr-text/src/main/kotlin/com/crow/attr/text/AttrTextLayout.kt","tags":{"FILE_LINE_OF_CODE":"1904"}}
{"ts":1710231804579,"action":"FILE_OPENED","file":"/app/src/main/res/layout/activity_main.xml","tags":{"FILE_LINE_OF_CODE":"175"}}
{"ts":1710231805625,"action":"FILE_CLOSED","file":"/app/src/main/res/layout/activity_main.xml","tags":{"FILE_LINE_OF_CODE":"175"}}
{"ts":1710231805625,"action":"FILE_OPENED","file":"/app/src/main/kotlin/com/crow/attrtextlayout/MainActivity.kt","tags":{"FILE_LINE_OF_CODE":"125"}}
{"ts":1710231806915,"action":"FILE_CLOSED","file":"/app/src/main/kotlin/com/crow/attrtextlayout/MainActivity.kt","tags":{"FILE_LINE_OF_CODE":"125"}}
{"ts":1710231806915,"action":"FILE_OPENED","file":"/app/src/main/res/layout/activity_main.xml","tags":{"FILE_LINE_OF_CODE":"175"}}
{"ts":1710231807858,"action":"FILE_CLOSED","file":"/app/src/main/res/layout/activity_main.xml","tags":{"FILE_LINE_OF_CODE":"175"}}
{"ts":1710231807858,"action":"FILE_OPENED","file":"/crow-attr-text/src/main/kotlin/com/crow/attr/text/AttrTextFrameConfig.kt","tags":{"FILE_LINE_OF_CODE":"32"}}
{"ts":1710231813968,"action":"FILE_CLOSED","file":"/crow-attr-text/src/main/kotlin/com/crow/attr/text/AttrTextFrameConfig.kt","tags":{"FILE_LINE_OF_CODE":"32"}}
{"ts":1710231813968,"action":"FILE_OPENED","file":"/crow-attr-text/src/main/kotlin/com/crow/attr/text/AttrTextView.kt","tags":{"FILE_LINE_OF_CODE":"781"}}
{"ts":1710231827440,"action":"FILE_CLOSED","file":"/crow-attr-text/src/main/kotlin/com/crow/attr/text/AttrTextView.kt","tags":{"FILE_LINE_OF_CODE":"781"}}
{"ts":1710231827440,"action":"FILE_OPENED","file":"/crow-attr-text/src/main/kotlin/com/crow/attr/text/AttrTextFrameConfig.kt","tags":{"FILE_LINE_OF_CODE":"32"}}
{"ts":1710231828583,"action":"FILE_CLOSED","file":"/crow-attr-text/src/main/kotlin/com/crow/attr/text/AttrTextFrameConfig.kt","tags":{"FILE_LINE_OF_CODE":"32"}}
{"ts":1710231828583,"action":"FILE_OPENED","file":"/crow-attr-text/src/main/kotlin/com/crow/attr/text/AttrTextLayout.kt","tags":{"FILE_LINE_OF_CODE":"1904"}}
{"ts":1710231964664,"action":"FILE_CLOSED","file":"/crow-attr-text/src/main/kotlin/com/crow/attr/text/AttrTextLayout.kt","tags":{"FILE_LINE_OF_CODE":"1904"}}
{"ts":1710231964664,"action":"FILE_OPENED","file":"/crow-attr-text/src/main/kotlin/com/crow/attr/text/AttrTextView.kt","tags":{"FILE_LINE_OF_CODE":"781"}}
{"ts":1710231981190,"action":"FILE_CLOSED","file":"/crow-attr-text/src/main/kotlin/com/crow/attr/text/AttrTextView.kt","tags":{"FILE_LINE_OF_CODE":"781"}}
{"ts":1710231981190,"action":"FILE_OPENED","file":"/crow-attr-text/src/main/kotlin/com/crow/attr/text/AttrTextFrameConfig.kt","tags":{"FILE_LINE_OF_CODE":"32"}}
{"ts":1710231981991,"action":"FILE_CLOSED","file":"/crow-attr-text/src/main/kotlin/com/crow/attr/text/AttrTextFrameConfig.kt","tags":{"FILE_LINE_OF_CODE":"32"}}
{"ts":1710231981991,"action":"FILE_OPENED","file":"/crow-attr-text/src/main/kotlin/com/crow/attr/text/AttrTextLayout.kt","tags":{"FILE_LINE_OF_CODE":"1904"}}
{"ts":1710232071420,"action":"IDE_DEACTIVATED"}
{"ts":1710232088378,"action":"IDE_ACTIVATED"}
{"ts":1710232179187,"action":"FILE_CLOSED","file":"/crow-attr-text/src/main/kotlin/com/crow/attr/text/AttrTextLayout.kt","tags":{"FILE_LINE_OF_CODE":"1893"}}
{"ts":1710232179187,"action":"FILE_OPENED","file":"/crow-attr-text/src/main/kotlin/com/crow/attr/text/AttrTextFrameConfig.kt","tags":{"FILE_LINE_OF_CODE":"32"}}
{"ts":1710232180527,"action":"FILE_CLOSED","file":"/crow-attr-text/src/main/kotlin/com/crow/attr/text/AttrTextFrameConfig.kt","tags":{"FILE_LINE_OF_CODE":"32"}}
{"ts":1710232180527,"action":"FILE_OPENED","file":"/crow-attr-text/src/main/kotlin/com/crow/attr/text/AttrTextView.kt","tags":{"FILE_LINE_OF_CODE":"781"}}
{"ts":1710232181469,"action":"FILE_CLOSED","file":"/crow-attr-text/src/main/kotlin/com/crow/attr/text/AttrTextView.kt","tags":{"FILE_LINE_OF_CODE":"781"}}
{"ts":1710232181469,"action":"FILE_OPENED","file":"/app/src/main/kotlin/com/crow/attrtextlayout/MainActivity.kt","tags":{"FILE_LINE_OF_CODE":"125"}}
{"ts":1710232228511,"action":"FILE_CLOSED","file":"/app/src/main/kotlin/com/crow/attrtextlayout/MainActivity.kt","tags":{"FILE_LINE_OF_CODE":"125"}}
{"ts":1710232228511,"action":"FILE_OPENED","file":"/crow-attr-text/src/main/kotlin/com/crow/attr/text/AttrTextView.kt","tags":{"FILE_LINE_OF_CODE":"781"}}
{"ts":1710232229330,"action":"FILE_CLOSED","file":"/crow-attr-text/src/main/kotlin/com/crow/attr/text/AttrTextView.kt","tags":{"FILE_LINE_OF_CODE":"781"}}
{"ts":1710232229330,"action":"FILE_OPENED","file":"/app/src/main/res/layout/activity_main.xml","tags":{"FILE_LINE_OF_CODE":"175"}}
{"ts":1710232229948,"action":"FILE_CLOSED","file":"/app/src/main/res/layout/activity_main.xml","tags":{"FILE_LINE_OF_CODE":"175"}}
{"ts":1710232229948,"action":"FILE_OPENED","file":"/crow-attr-text/src/main/kotlin/com/crow/attr/text/AttrTextFrameConfig.kt","tags":{"FILE_LINE_OF_CODE":"32"}}
{"ts":1710232230560,"action":"FILE_CLOSED","file":"/crow-attr-text/src/main/kotlin/com/crow/attr/text/AttrTextFrameConfig.kt","tags":{"FILE_LINE_OF_CODE":"32"}}
{"ts":1710232230560,"action":"FILE_OPENED","file":"/crow-attr-text/src/main/kotlin/com/crow/attr/text/AttrTextLayout.kt","tags":{"FILE_LINE_OF_CODE":"1893"}}
{"ts":1710232287840,"action":"IDE_DEACTIVATED"}
{"ts":1710232902746,"action":"IDE_ACTIVATED"}
{"ts":1710232903271,"action":"IDE_DEACTIVATED"}
{"ts":1710232903366,"action":"IDE_ACTIVATED"}
{"ts":1710232938563,"action":"FILE_CLOSED","file":"/crow-attr-text/src/main/kotlin/com/crow/attr/text/AttrTextLayout.kt","tags":{"FILE_LINE_OF_CODE":"1893"}}
{"ts":1710232938563,"action":"FILE_OPENED","file":"/crow-attr-text/src/main/kotlin/com/crow/attr/text/AttrTextFrameConfig.kt","tags":{"FILE_LINE_OF_CODE":"32"}}
{"ts":1710232941213,"action":"FILE_CLOSED","file":"/crow-attr-text/src/main/kotlin/com/crow/attr/text/AttrTextFrameConfig.kt","tags":{"FILE_LINE_OF_CODE":"32"}}
{"ts":1710232941213,"action":"FILE_OPENED","file":"/crow-attr-text/src/main/kotlin/com/crow/attr/text/AttrTextLayout.kt","tags":{"FILE_LINE_OF_CODE":"1893"}}
{"ts":1710232980981,"action":"FILE_CLOSED","file":"/crow-attr-text/src/main/kotlin/com/crow/attr/text/AttrTextLayout.kt","tags":{"FILE_LINE_OF_CODE":"1893"}}
{"ts":1710232980981,"action":"FILE_OPENED","file":"/app/src/main/kotlin/com/crow/attrtextlayout/MainActivity.kt","tags":{"FILE_LINE_OF_CODE":"125"}}
{"ts":1710233150229,"action":"FILE_CLOSED","file":"/app/src/main/kotlin/com/crow/attrtextlayout/MainActivity.kt","tags":{"FILE_LINE_OF_CODE":"125"}}
{"ts":1710233150229,"action":"FILE_OPENED","file":"/crow-attr-text/src/main/kotlin/com/crow/attr/text/AttrTextLayout.kt","tags":{"FILE_LINE_OF_CODE":"1893"}}
{"ts":1710233165392,"action":"FILE_CLOSED","file":"/crow-attr-text/src/main/kotlin/com/crow/attr/text/AttrTextLayout.kt","tags":{"FILE_LINE_OF_CODE":"1893"}}
{"ts":1710233165392,"action":"FILE_OPENED","file":"/crow-attr-text/src/main/kotlin/com/crow/attr/text/AttrTextFrameConfig.kt","tags":{"FILE_LINE_OF_CODE":"32"}}
{"ts":1710233165887,"action":"FILE_CLOSED","file":"/crow-attr-text/src/main/kotlin/com/crow/attr/text/AttrTextFrameConfig.kt","tags":{"FILE_LINE_OF_CODE":"32"}}
{"ts":1710233165887,"action":"FILE_OPENED","file":"/crow-attr-text/src/main/kotlin/com/crow/attr/text/AttrTextView.kt","tags":{"FILE_LINE_OF_CODE":"781"}}
{"ts":1710233167266,"action":"FILE_CLOSED","file":"/crow-attr-text/src/main/kotlin/com/crow/attr/text/AttrTextView.kt","tags":{"FILE_LINE_OF_CODE":"781"}}
{"ts":1710233167266,"action":"FILE_OPENED","file":"/app/src/main/res/layout/activity_main.xml","tags":{"FILE_LINE_OF_CODE":"175"}}
{"ts":1710233167762,"action":"FILE_CLOSED","file":"/app/src/main/res/layout/activity_main.xml","tags":{"FILE_LINE_OF_CODE":"175"}}
{"ts":1710233167762,"action":"FILE_OPENED","file":"/app/src/main/kotlin/com/crow/attrtextlayout/MainActivity.kt","tags":{"FILE_LINE_OF_CODE":"125"}}
{"ts":1710233197343,"action":"FILE_CLOSED","file":"/app/src/main/kotlin/com/crow/attrtextlayout/MainActivity.kt","tags":{"FILE_LINE_OF_CODE":"125"}}
{"ts":1710233197343,"action":"FILE_OPENED","file":"/crow-attr-text/src/main/kotlin/com/crow/attr/text/AttrTextLayout.kt","tags":{"FILE_LINE_OF_CODE":"1893"}}
{"ts":1710233259911,"action":"FILE_CLOSED","file":"/crow-attr-text/src/main/kotlin/com/crow/attr/text/AttrTextLayout.kt","tags":{"FILE_LINE_OF_CODE":"1893"}}
{"ts":1710233259911,"action":"FILE_OPENED","file":"/app/src/main/kotlin/com/crow/attrtextlayout/MainActivity.kt","tags":{"FILE_LINE_OF_CODE":"125"}}
{"ts":1710233266380,"action":"FILE_CLOSED","file":"/app/src/main/kotlin/com/crow/attrtextlayout/MainActivity.kt","tags":{"FILE_LINE_OF_CODE":"125"}}
{"ts":1710233266380,"action":"FILE_OPENED","file":"/crow-attr-text/src/main/kotlin/com/crow/attr/text/AttrTextFrameConfig.kt","tags":{"FILE_LINE_OF_CODE":"32"}}
{"ts":1710233267492,"action":"FILE_CLOSED","file":"/crow-attr-text/src/main/kotlin/com/crow/attr/text/AttrTextFrameConfig.kt","tags":{"FILE_LINE_OF_CODE":"32"}}
{"ts":1710233267492,"action":"FILE_OPENED","file":"/crow-attr-text/src/main/kotlin/com/crow/attr/text/AttrTextLayout.kt","tags":{"FILE_LINE_OF_CODE":"1893"}}
{"ts":1710233762390,"action":"FILE_CLOSED","file":"/crow-attr-text/src/main/kotlin/com/crow/attr/text/AttrTextLayout.kt","tags":{"FILE_LINE_OF_CODE":"1892"}}
{"ts":1710233762390,"action":"FILE_OPENED","file":"/app/src/main/kotlin/com/crow/attrtextlayout/MainActivity.kt","tags":{"FILE_LINE_OF_CODE":"125"}}
{"ts":1710233870231,"action":"FILE_CLOSED","file":"/app/src/main/kotlin/com/crow/attrtextlayout/MainActivity.kt","tags":{"FILE_LINE_OF_CODE":"125"}}
{"ts":1710233870231,"action":"FILE_OPENED","file":"/crow-attr-text/src/main/kotlin/com/crow/attr/text/AttrTextView.kt","tags":{"FILE_LINE_OF_CODE":"781"}}
{"ts":1710233978595,"action":"FILE_CLOSED","file":"/crow-attr-text/src/main/kotlin/com/crow/attr/text/AttrTextView.kt","tags":{"FILE_LINE_OF_CODE":"781"}}
{"ts":1710233978599,"action":"FILE_OPENED","file":"/crow-attr-text/src/main/kotlin/com/crow/attr/text/AttrTextFrameConfig.kt","tags":{"FILE_LINE_OF_CODE":"32"}}
{"ts":1710233989344,"action":"FILE_CLOSED","file":"/crow-attr-text/src/main/kotlin/com/crow/attr/text/AttrTextFrameConfig.kt","tags":{"FILE_LINE_OF_CODE":"32"}}
{"ts":1710233989344,"action":"FILE_OPENED","file":"/crow-attr-text/src/main/kotlin/com/crow/attr/text/AttrTextLayout.kt","tags":{"FILE_LINE_OF_CODE":"1892"}}
{"ts":1710234115493,"action":"FILE_CLOSED","file":"/crow-attr-text/src/main/kotlin/com/crow/attr/text/AttrTextLayout.kt","tags":{"FILE_LINE_OF_CODE":"1891"}}
{"ts":1710234115493,"action":"FILE_OPENED","file":"/crow-attr-text/src/main/kotlin/com/crow/attr/text/AttrTextFrameConfig.kt","tags":{"FILE_LINE_OF_CODE":"32"}}
{"ts":1710234117422,"action":"FILE_CLOSED","file":"/crow-attr-text/src/main/kotlin/com/crow/attr/text/AttrTextFrameConfig.kt","tags":{"FILE_LINE_OF_CODE":"32"}}
{"ts":1710234117422,"action":"FILE_OPENED","file":"/app/src/main/kotlin/com/crow/attrtextlayout/MainActivity.kt","tags":{"FILE_LINE_OF_CODE":"125"}}
{"ts":1710234123571,"action":"FILE_CLOSED","file":"/app/src/main/kotlin/com/crow/attrtextlayout/MainActivity.kt","tags":{"FILE_LINE_OF_CODE":"125"}}
{"ts":1710234123571,"action":"FILE_OPENED","file":"/crow-attr-text/src/main/kotlin/com/crow/attr/text/AttrTextLayout.kt","tags":{"FILE_LINE_OF_CODE":"1891"}}
{"ts":1710234135342,"action":"FILE_CLOSED","file":"/crow-attr-text/src/main/kotlin/com/crow/attr/text/AttrTextLayout.kt","tags":{"FILE_LINE_OF_CODE":"1892"}}
{"ts":1710234142752,"action":"FILE_OPENED","file":"/crow-attr-text/src/main/kotlin/com/crow/attr/text/AttrTextLayout.kt","tags":{"FILE_LINE_OF_CODE":"1892"}}
{"ts":1710234156971,"action":"FILE_CLOSED","file":"/crow-attr-text/src/main/kotlin/com/crow/attr/text/AttrTextLayout.kt","tags":{"FILE_LINE_OF_CODE":"1892"}}
{"ts":1710234167955,"action":"FILE_OPENED","file":"/crow-attr-text/src/main/kotlin/com/crow/attr/text/AttrTextLayout.kt","tags":{"FILE_LINE_OF_CODE":"1892"}}
{"ts":1710234192051,"action":"FILE_CLOSED","file":"/crow-attr-text/src/main/kotlin/com/crow/attr/text/AttrTextLayout.kt","tags":{"FILE_LINE_OF_CODE":"1892"}}
{"ts":1710234200622,"action":"FILE_OPENED","file":"/crow-attr-text/src/main/kotlin/com/crow/attr/text/AttrTextLayout.kt","tags":{"FILE_LINE_OF_CODE":"1892"}}
{"ts":1710234256845,"action":"FILE_CLOSED","file":"/crow-attr-text/src/main/kotlin/com/crow/attr/text/AttrTextLayout.kt","tags":{"FILE_LINE_OF_CODE":"1893"}}
{"ts":1710234265973,"action":"FILE_OPENED","file":"/crow-attr-text/src/main/kotlin/com/crow/attr/text/AttrTextLayout.kt","tags":{"FILE_LINE_OF_CODE":"1893"}}
{"ts":1710234272195,"action":"FILE_CLOSED","file":"/crow-attr-text/src/main/kotlin/com/crow/attr/text/AttrTextLayout.kt","tags":{"FILE_LINE_OF_CODE":"1893"}}
{"ts":1710234272195,"action":"FILE_OPENED","file":"/crow-attr-text/src/main/kotlin/com/crow/attr/text/AttrTextFrameConfig.kt","tags":{"FILE_LINE_OF_CODE":"32"}}
{"ts":1710234272946,"action":"FILE_CLOSED","file":"/crow-attr-text/src/main/kotlin/com/crow/attr/text/AttrTextFrameConfig.kt","tags":{"FILE_LINE_OF_CODE":"32"}}
{"ts":1710234273410,"action":"FILE_OPENED","file":"/crow-attr-text/src/main/kotlin/com/crow/attr/text/AttrTextLayout.kt","tags":{"FILE_LINE_OF_CODE":"1893"}}
{"ts":1710234274743,"action":"FILE_CLOSED","file":"/crow-attr-text/src/main/kotlin/com/crow/attr/text/AttrTextLayout.kt","tags":{"FILE_LINE_OF_CODE":"1893"}}
{"ts":1710234274743,"action":"FILE_OPENED","file":"/app/src/main/kotlin/com/crow/attrtextlayout/MainActivity.kt","tags":{"FILE_LINE_OF_CODE":"125"}}
{"ts":1710234298640,"action":"FILE_CLOSED","file":"/app/src/main/kotlin/com/crow/attrtextlayout/MainActivity.kt","tags":{"FILE_LINE_OF_CODE":"125"}}
{"ts":1710234298640,"action":"FILE_OPENED","file":"/crow-attr-text/src/main/kotlin/com/crow/attr/text/AttrTextLayout.kt","tags":{"FILE_LINE_OF_CODE":"1893"}}
{"ts":1710234373678,"action":"IDE_DEACTIVATED"}
{"ts":1710234383532,"action":"IDE_ACTIVATED"}
{"ts":1710234389864,"action":"IDE_DEACTIVATED"}
{"ts":1710234455223,"action":"IDE_ACTIVATED"}
{"ts":1710234456732,"action":"IDE_DEACTIVATED"}
{"ts":1710234463273,"action":"IDE_ACTIVATED"}
{"ts":1710234635220,"action":"IDE_DEACTIVATED"}
{"ts":1710234797130,"action":"IDE_ACTIVATED"}
{"ts":1710234800996,"action":"IDE_DEACTIVATED"}
{"ts":1710234901489,"action":"IDE_ACTIVATED"}
{"ts":1710234904786,"action":"IDE_DEACTIVATED"}
{"ts":1710234957915,"action":"IDE_ACTIVATED"}
{"ts":1710234958280,"action":"IDE_DEACTIVATED"}
{"ts":1710234958940,"action":"IDE_ACTIVATED"}
{"ts":1710234959241,"action":"IDE_DEACTIVATED"}
{"ts":1710234959812,"action":"IDE_ACTIVATED"}
{"ts":1710234969936,"action":"FILE_CLOSED","file":"/crow-attr-text/src/main/kotlin/com/crow/attr/text/AttrTextLayout.kt","tags":{"FILE_LINE_OF_CODE":"1892"}}
{"ts":1710234969936,"action":"FILE_OPENED","file":"/README.md","tags":{"FILE_LINE_OF_CODE":"255"}}
{"ts":1710235046373,"action":"PROJECT_CLOSED","tags":{"PROJECT_NAME":"AttrTextLayout"}}
{"ts":1710496996480,"action":"IDE_DEACTIVATED"}
{"ts":1710496997174,"action":"FILE_OPENED","file":"/README.md","tags":{"FILE_LINE_OF_CODE":"256"}}
{"ts":1710496997223,"action":"PROJECT_OPENED","tags":{"PROJECT_NAME":"AttrTextLayout"}}
{"ts":1710497009174,"action":"IDE_ACTIVATED"}
{"ts":1710497019301,"action":"IDE_DEACTIVATED"}
{"ts":1710497020876,"action":"IDE_ACTIVATED"}
{"ts":1710497026513,"action":"IDE_DEACTIVATED"}
{"ts":1710497035270,"action":"IDE_ACTIVATED"}
{"ts":1710497045224,"action":"IDE_DEACTIVATED"}
{"ts":1710497046716,"action":"IDE_ACTIVATED"}
{"ts":1710497090824,"action":"IDE_DEACTIVATED"}
{"ts":1710497109563,"action":"IDE_ACTIVATED"}
{"ts":1710497110993,"action":"IDE_DEACTIVATED"}
{"ts":1710497113862,"action":"IDE_ACTIVATED"}
{"ts":1710497116662,"action":"IDE_DEACTIVATED"}
{"ts":1710497423485,"action":"IDE_ACTIVATED"}
{"ts":1710497424941,"action":"IDE_DEACTIVATED"}
{"ts":1710497425046,"action":"IDE_ACTIVATED"}
{"ts":1710497426451,"action":"IDE_DEACTIVATED"}
{"ts":1710497426534,"action":"IDE_ACTIVATED"}
{"ts":1710497432973,"action":"IDE_DEACTIVATED"}
{"ts":1710497433094,"action":"IDE_ACTIVATED"}
{"ts":1710497491400,"action":"IDE_DEACTIVATED"}
{"ts":1710497493552,"action":"IDE_ACTIVATED"}
{"ts":1710497496507,"action":"IDE_DEACTIVATED"}
{"ts":1710497496582,"action":"IDE_ACTIVATED"}
{"ts":1710497498559,"action":"FILE_CLOSED","file":"/README.md","tags":{"FILE_LINE_OF_CODE":"256"}}
{"ts":1710497498559,"action":"FILE_OPENED","file":"/crow-attr-text/src/main/kotlin/com/crow/attr/text/AttrTextLayout.kt","tags":{"FILE_LINE_OF_CODE":"1892"}}
{"ts":1710497500008,"action":"FILE_CLOSED","file":"/crow-attr-text/src/main/kotlin/com/crow/attr/text/AttrTextLayout.kt","tags":{"FILE_LINE_OF_CODE":"1892"}}
{"ts":1710497500009,"action":"FILE_OPENED","file":"/crow-attr-text/src/main/kotlin/com/crow/attr/text/AttrTextFrameConfig.kt","tags":{"FILE_LINE_OF_CODE":"32"}}
{"ts":1710497501850,"action":"FILE_CLOSED","file":"/crow-attr-text/src/main/kotlin/com/crow/attr/text/AttrTextFrameConfig.kt","tags":{"FILE_LINE_OF_CODE":"32"}}
{"ts":1710497501850,"action":"FILE_OPENED","file":"/crow-attr-text/src/main/kotlin/com/crow/attr/text/AttrTextLayout.kt","tags":{"FILE_LINE_OF_CODE":"1892"}}
{"ts":1710497505821,"action":"FILE_CLOSED","file":"/crow-attr-text/src/main/kotlin/com/crow/attr/text/AttrTextLayout.kt","tags":{"FILE_LINE_OF_CODE":"1892"}}
{"ts":1710497505821,"action":"FILE_OPENED","file":"/crow-attr-text/src/main/kotlin/com/crow/attr/text/AttrTextView.kt","tags":{"FILE_LINE_OF_CODE":"781"}}
{"ts":1710497507641,"action":"FILE_CLOSED","file":"/crow-attr-text/src/main/kotlin/com/crow/attr/text/AttrTextView.kt","tags":{"FILE_LINE_OF_CODE":"781"}}
{"ts":1710497507641,"action":"FILE_OPENED","file":"/crow-attr-text/src/main/kotlin/com/crow/attr/text/IAttrText.kt","tags":{"FILE_LINE_OF_CODE":"276"}}
{"ts":1710497510215,"action":"FILE_CLOSED","file":"/crow-attr-text/src/main/kotlin/com/crow/attr/text/IAttrText.kt","tags":{"FILE_LINE_OF_CODE":"276"}}
{"ts":1710497510215,"action":"FILE_OPENED","file":"/crow-attr-text/src/main/kotlin/com/crow/attr/text/AttrTextExt.kt","tags":{"FILE_LINE_OF_CODE":"101"}}
{"ts":1710497518026,"action":"IDE_DEACTIVATED"}
{"ts":1710497518104,"action":"IDE_ACTIVATED"}
{"ts":1710497528294,"action":"IDE_DEACTIVATED"}
{"ts":1710497529657,"action":"IDE_ACTIVATED"}
{"ts":1710497530743,"action":"IDE_DEACTIVATED"}
{"ts":1710497531665,"action":"IDE_ACTIVATED"}
{"ts":1710497665954,"action":"IDE_DEACTIVATED"}
{"ts":1710497666038,"action":"IDE_ACTIVATED"}
{"ts":1710497667563,"action":"IDE_DEACTIVATED"}
{"ts":1710497668948,"action":"IDE_ACTIVATED"}
{"ts":1710497670372,"action":"IDE_DEACTIVATED"}
{"ts":1710497675655,"action":"IDE_ACTIVATED"}
{"ts":1710497676227,"action":"IDE_DEACTIVATED"}
{"ts":1710497682017,"action":"IDE_ACTIVATED"}
{"ts":1710497682075,"action":"FILE_CLOSED","file":"/crow-attr-text/src/main/kotlin/com/crow/attr/text/AttrTextExt.kt","tags":{"FILE_LINE_OF_CODE":"101"}}
{"ts":1710497682075,"action":"FILE_OPENED","file":"/crow-attr-text/src/main/kotlin/com/crow/attr/text/AttrTextFrameConfig.kt","tags":{"FILE_LINE_OF_CODE":"32"}}
{"ts":1710497682838,"action":"FILE_CLOSED","file":"/crow-attr-text/src/main/kotlin/com/crow/attr/text/AttrTextFrameConfig.kt","tags":{"FILE_LINE_OF_CODE":"32"}}
{"ts":1710497682838,"action":"FILE_OPENED","file":"/app/src/main/kotlin/com/crow/attrtextlayout/MainActivity.kt","tags":{"FILE_LINE_OF_CODE":"125"}}
{"ts":1710497688982,"action":"PROJECT_CLOSED","tags":{"PROJECT_NAME":"AttrTextLayout"}}
{"ts":1710552786929,"action":"FILE_OPENED","file":"/app/src/main/kotlin/com/crow/attrtextlayout/MainActivity.kt","tags":{"FILE_LINE_OF_CODE":"125"}}
{"ts":1710552786554,"action":"PROJECT_OPENED","tags":{"PROJECT_NAME":"AttrTextLayout"}}
{"ts":1710552795403,"action":"FILE_CLOSED","file":"/app/src/main/kotlin/com/crow/attrtextlayout/MainActivity.kt","tags":{"FILE_LINE_OF_CODE":"125"}}
{"ts":1710552795403,"action":"FILE_OPENED","file":"/crow-attr-text/src/main/kotlin/com/crow/attr/text/AttrTextLayout.kt","tags":{"FILE_LINE_OF_CODE":"1892"}}
{"ts":1710552818441,"action":"IDE_DEACTIVATED"}
{"ts":1710552818511,"action":"IDE_ACTIVATED"}
{"ts":1710552819033,"action":"IDE_DEACTIVATED"}
{"ts":1710552845142,"action":"IDE_ACTIVATED"}
{"ts":1710552850774,"action":"IDE_DEACTIVATED"}
{"ts":1710552851397,"action":"IDE_ACTIVATED"}
{"ts":1710553020734,"action":"IDE_DEACTIVATED"}
{"ts":1710553020962,"action":"IDE_ACTIVATED"}
{"ts":1710553116220,"action":"FILE_CLOSED","file":"/crow-attr-text/src/main/kotlin/com/crow/attr/text/AttrTextLayout.kt","tags":{"FILE_LINE_OF_CODE":"1902"}}
{"ts":1710553125716,"action":"FILE_OPENED","file":"/README.md","tags":{"FILE_LINE_OF_CODE":"267"}}
{"ts":1710553978385,"action":"IDE_DEACTIVATED"}
{"ts":1710553979868,"action":"IDE_ACTIVATED"}
{"ts":1710553980319,"action":"IDE_DEACTIVATED"}
{"ts":1710553981224,"action":"IDE_ACTIVATED"}
{"ts":1710554185928,"action":"IDE_DEACTIVATED"}
{"ts":1710554186573,"action":"IDE_ACTIVATED"}
{"ts":1710554187214,"action":"IDE_DEACTIVATED"}
{"ts":1710556975067,"action":"IDE_ACTIVATED"}
{"ts":1710556976251,"action":"IDE_DEACTIVATED"}
{"ts":1710556976388,"action":"IDE_ACTIVATED"}
{"ts":1710556981098,"action":"IDE_DEACTIVATED"}
{"ts":1710557021388,"action":"IDE_ACTIVATED"}
{"ts":1710557022196,"action":"IDE_DEACTIVATED"}
{"ts":1710557088906,"action":"IDE_ACTIVATED"}
{"ts":1710557090003,"action":"PROJECT_CLOSED","tags":{"PROJECT_NAME":"AttrTextLayout"}}
{"ts":1710825946924,"action":"FILE_OPENED","file":"/README.md","tags":{"FILE_LINE_OF_CODE":"264"}}
{"ts":1710825946327,"action":"PROJECT_OPENED","tags":{"PROJECT_NAME":"AttrTextLayout"}}
{"ts":1710825954062,"action":"FILE_CLOSED","file":"/README.md","tags":{"FILE_LINE_OF_CODE":"264"}}
{"ts":1710825954062,"action":"FILE_OPENED","file":"/crow-attr-text/src/main/kotlin/com/crow/attr/text/AttrTextLayout.kt","tags":{"FILE_LINE_OF_CODE":"1902"}}
{"ts":1710825966855,"action":"FILE_CLOSED","file":"/crow-attr-text/src/main/kotlin/com/crow/attr/text/AttrTextLayout.kt","tags":{"FILE_LINE_OF_CODE":"1902"}}
{"ts":1710825966855,"action":"FILE_OPENED","file":"/README.md","tags":{"FILE_LINE_OF_CODE":"264"}}
{"ts":1710825967316,"action":"FILE_CLOSED","file":"/README.md","tags":{"FILE_LINE_OF_CODE":"264"}}
{"ts":1710825967316,"action":"FILE_OPENED","file":"/crow-attr-text/src/main/kotlin/com/crow/attr/text/AttrTextLayout.kt","tags":{"FILE_LINE_OF_CODE":"1902"}}
{"ts":1710825974038,"action":"IDE_DEACTIVATED"}
{"ts":1710825992330,"action":"IDE_ACTIVATED"}
{"ts":1710826007571,"action":"IDE_DEACTIVATED"}
{"ts":1710826012137,"action":"IDE_ACTIVATED"}
{"ts":1710826013292,"action":"IDE_DEACTIVATED"}
{"ts":1710826015374,"action":"IDE_ACTIVATED"}
{"ts":1710826065534,"action":"FILE_CLOSED","file":"/crow-attr-text/src/main/kotlin/com/crow/attr/text/AttrTextLayout.kt","tags":{"FILE_LINE_OF_CODE":"1862"}}
{"ts":1710826065534,"action":"FILE_OPENED","file":"/crow-attr-text/src/main/kotlin/com/crow/attr/text/IAttrText.kt","tags":{"FILE_LINE_OF_CODE":"276"}}
{"ts":1710826066383,"action":"FILE_CLOSED","file":"/crow-attr-text/src/main/kotlin/com/crow/attr/text/IAttrText.kt","tags":{"FILE_LINE_OF_CODE":"276"}}
{"ts":1710826066383,"action":"FILE_OPENED","file":"/crow-attr-text/src/main/kotlin/com/crow/attr/text/AttrTextExt.kt","tags":{"FILE_LINE_OF_CODE":"101"}}
{"ts":1710826067657,"action":"FILE_CLOSED","file":"/crow-attr-text/src/main/kotlin/com/crow/attr/text/AttrTextExt.kt","tags":{"FILE_LINE_OF_CODE":"101"}}
{"ts":1710826067657,"action":"FILE_OPENED","file":"/crow-attr-text/src/main/kotlin/com/crow/attr/text/AttrTextLayout.kt","tags":{"FILE_LINE_OF_CODE":"1862"}}
{"ts":1710826075236,"action":"FILE_CLOSED","file":"/crow-attr-text/src/main/kotlin/com/crow/attr/text/AttrTextLayout.kt","tags":{"FILE_LINE_OF_CODE":"1862"}}
{"ts":1710826075236,"action":"FILE_OPENED","file":"/crow-attr-text/src/main/kotlin/com/crow/attr/text/AttrTextView.kt","tags":{"FILE_LINE_OF_CODE":"765"}}
{"ts":1710826104267,"action":"FILE_CLOSED","file":"/crow-attr-text/src/main/kotlin/com/crow/attr/text/AttrTextView.kt","tags":{"FILE_LINE_OF_CODE":"765"}}
{"ts":1710826104267,"action":"FILE_OPENED","file":"/crow-attr-text/src/main/kotlin/com/crow/attr/text/AttrTextLayout.kt","tags":{"FILE_LINE_OF_CODE":"1862"}}
{"ts":1710826112793,"action":"FILE_CLOSED","file":"/crow-attr-text/src/main/kotlin/com/crow/attr/text/AttrTextLayout.kt","tags":{"FILE_LINE_OF_CODE":"1862"}}
{"ts":1710826112793,"action":"FILE_OPENED","file":"/crow-attr-text/src/main/kotlin/com/crow/attr/text/AttrTextView.kt","tags":{"FILE_LINE_OF_CODE":"765"}}
{"ts":1710826117932,"action":"IDE_DEACTIVATED"}
{"ts":1710826118750,"action":"IDE_ACTIVATED"}
{"ts":1710826118860,"action":"IDE_DEACTIVATED"}
{"ts":1710826157449,"action":"IDE_ACTIVATED"}
{"ts":1710826185103,"action":"FILE_CLOSED","file":"/crow-attr-text/src/main/kotlin/com/crow/attr/text/AttrTextView.kt","tags":{"FILE_LINE_OF_CODE":"784"}}
{"ts":1710826185103,"action":"FILE_OPENED","file":"/crow-attr-text/src/main/kotlin/com/crow/attr/text/AttrTextLayout.kt","tags":{"FILE_LINE_OF_CODE":"1862"}}
{"ts":1710826194303,"action":"FILE_CLOSED","file":"/crow-attr-text/src/main/kotlin/com/crow/attr/text/AttrTextLayout.kt","tags":{"FILE_LINE_OF_CODE":"1862"}}
{"ts":1710826194303,"action":"FILE_OPENED","file":"/crow-attr-text/src/main/kotlin/com/crow/attr/text/AttrTextView.kt","tags":{"FILE_LINE_OF_CODE":"784"}}
{"ts":1710826196571,"action":"FILE_CLOSED","file":"/crow-attr-text/src/main/kotlin/com/crow/attr/text/AttrTextView.kt","tags":{"FILE_LINE_OF_CODE":"784"}}
{"ts":1710826196571,"action":"FILE_OPENED","file":"/crow-attr-text/src/main/kotlin/com/crow/attr/text/AttrTextLayout.kt","tags":{"FILE_LINE_OF_CODE":"1862"}}
{"ts":1710826204643,"action":"IDE_DEACTIVATED"}
{"ts":1710826255604,"action":"IDE_ACTIVATED"}
{"ts":1710826269038,"action":"IDE_DEACTIVATED"}
{"ts":1710826333124,"action":"IDE_ACTIVATED"}
{"ts":1710826338719,"action":"IDE_DEACTIVATED"}
{"ts":1710826901823,"action":"IDE_ACTIVATED"}
{"ts":1710826929534,"action":"PROJECT_CLOSED","tags":{"PROJECT_NAME":"AttrTextLayout"}}
{"ts":1710898951832,"action":"FILE_OPENED","file":"/crow-attr-text/src/main/kotlin/com/crow/attr/text/AttrTextLayout.kt","tags":{"FILE_LINE_OF_CODE":"1862"}}
{"ts":1710898951928,"action":"PROJECT_OPENED","tags":{"PROJECT_NAME":"AttrTextLayout"}}
{"ts":1710898954317,"action":"IDE_ACTIVATED"}
{"ts":1710898956844,"action":"IDE_DEACTIVATED"}
{"ts":1710898964829,"action":"IDE_ACTIVATED"}
{"ts":1710899009253,"action":"IDE_DEACTIVATED"}
{"ts":1710899027799,"action":"IDE_ACTIVATED"}
{"ts":1710899029129,"action":"IDE_DEACTIVATED"}
{"ts":1710899118284,"action":"IDE_ACTIVATED"}
{"ts":1710899120226,"action":"FILE_CLOSED","file":"/crow-attr-text/src/main/kotlin/com/crow/attr/text/AttrTextLayout.kt","tags":{"FILE_LINE_OF_CODE":"1862"}}
{"ts":1710899120226,"action":"FILE_OPENED","file":"/crow-attr-text/src/main/kotlin/com/crow/attr/text/AttrTextView.kt","tags":{"FILE_LINE_OF_CODE":"784"}}
{"ts":1710899121639,"action":"FILE_CLOSED","file":"/crow-attr-text/src/main/kotlin/com/crow/attr/text/AttrTextView.kt","tags":{"FILE_LINE_OF_CODE":"784"}}
{"ts":1710899121639,"action":"FILE_OPENED","file":"/crow-attr-text/src/main/kotlin/com/crow/attr/text/AttrTextLayout.kt","tags":{"FILE_LINE_OF_CODE":"1862"}}
{"ts":1710899147323,"action":"FILE_CLOSED","file":"/crow-attr-text/src/main/kotlin/com/crow/attr/text/AttrTextLayout.kt","tags":{"FILE_LINE_OF_CODE":"1863"}}
{"ts":1710899148755,"action":"FILE_OPENED","file":"/crow-attr-text/src/main/kotlin/com/crow/attr/text/AttrTextLayout.kt","tags":{"FILE_LINE_OF_CODE":"1863"}}
{"ts":1710899217596,"action":"IDE_DEACTIVATED"}
{"ts":1710899231832,"action":"IDE_ACTIVATED"}
{"ts":1710899267291,"action":"FILE_CLOSED","file":"/crow-attr-text/src/main/kotlin/com/crow/attr/text/AttrTextLayout.kt","tags":{"FILE_LINE_OF_CODE":"1862"}}
{"ts":1710899267291,"action":"FILE_OPENED","file":"/crow-attr-text/build.gradle.kts","tags":{"FILE_LINE_OF_CODE":"95"}}
{"ts":1710899274370,"action":"FILE_CLOSED","file":"/crow-attr-text/build.gradle.kts","tags":{"FILE_LINE_OF_CODE":"95"}}
{"ts":1710899274370,"action":"FILE_OPENED","file":"/build.gradle.kts","tags":{"FILE_LINE_OF_CODE":"9"}}
{"ts":1710899276493,"action":"FILE_CLOSED","file":"/build.gradle.kts","tags":{"FILE_LINE_OF_CODE":"9"}}
{"ts":1710899276493,"action":"FILE_OPENED","file":"/gradle/app.versions.toml","tags":{"FILE_LINE_OF_CODE":"262"}}
{"ts":1710899369515,"action":"FILE_CLOSED","file":"/gradle/app.versions.toml","tags":{"FILE_LINE_OF_CODE":"262"}}
{"ts":1710899369515,"action":"FILE_OPENED","file":"/crow-attr-text/src/main/kotlin/com/crow/attr/text/AttrTextLayout.kt","tags":{"FILE_LINE_OF_CODE":"1862"}}
{"ts":1710899381667,"action":"FILE_CLOSED","file":"/crow-attr-text/src/main/kotlin/com/crow/attr/text/AttrTextLayout.kt","tags":{"FILE_LINE_OF_CODE":"1862"}}
{"ts":1710899381667,"action":"FILE_OPENED","file":"/crow-attr-text/src/main/kotlin/com/crow/attr/text/AttrTextView.kt","tags":{"FILE_LINE_OF_CODE":"784"}}
{"ts":1710899404329,"action":"IDE_DEACTIVATED"}
{"ts":1710899405057,"action":"IDE_ACTIVATED"}
{"ts":1710899405265,"action":"IDE_DEACTIVATED"}
{"ts":1710899423250,"action":"IDE_ACTIVATED"}
{"ts":1710899424192,"action":"IDE_DEACTIVATED"}
{"ts":1710899436704,"action":"IDE_ACTIVATED"}
{"ts":1710899437632,"action":"IDE_DEACTIVATED"}
{"ts":1710899438843,"action":"IDE_ACTIVATED"}
{"ts":1710899443193,"action":"IDE_DEACTIVATED"}
{"ts":1710899548832,"action":"IDE_ACTIVATED"}
{"ts":1710899555813,"action":"FILE_CLOSED","file":"/crow-attr-text/src/main/kotlin/com/crow/attr/text/AttrTextView.kt","tags":{"FILE_LINE_OF_CODE":"784"}}
{"ts":1710899555813,"action":"FILE_OPENED","file":"/crow-attr-text/src/main/kotlin/com/crow/attr/text/AttrTextLayout.kt","tags":{"FILE_LINE_OF_CODE":"1862"}}
{"ts":1710899579982,"action":"IDE_DEACTIVATED"}
{"ts":1710899598666,"action":"IDE_ACTIVATED"}
{"ts":1710899636101,"action":"IDE_DEACTIVATED"}
{"ts":1710899713968,"action":"IDE_ACTIVATED"}
{"ts":1710899721718,"action":"FILE_CLOSED","file":"/crow-attr-text/src/main/kotlin/com/crow/attr/text/AttrTextLayout.kt","tags":{"FILE_LINE_OF_CODE":"1862"}}
{"ts":1710899721718,"action":"FILE_OPENED","file":"/app/src/main/res/layout/activity_main.xml","tags":{"FILE_LINE_OF_CODE":"175"}}
{"ts":1710899893420,"action":"FILE_CLOSED","file":"/app/src/main/res/layout/activity_main.xml","tags":{"FILE_LINE_OF_CODE":"175"}}
{"ts":1710899893420,"action":"FILE_OPENED","file":"/crow-attr-text/src/main/res/values/attrs_text.xml","tags":{"FILE_LINE_OF_CODE":"96"}}
{"ts":1710899900188,"action":"FILE_CLOSED","file":"/crow-attr-text/src/main/res/values/attrs_text.xml","tags":{"FILE_LINE_OF_CODE":"96"}}
{"ts":1710899900188,"action":"FILE_OPENED","file":"/app/src/main/res/layout/activity_main.xml","tags":{"FILE_LINE_OF_CODE":"175"}}
{"ts":1710899903378,"action":"FILE_CLOSED","file":"/app/src/main/res/layout/activity_main.xml","tags":{"FILE_LINE_OF_CODE":"175"}}
{"ts":1710899903378,"action":"FILE_OPENED","file":"/crow-attr-text/src/main/res/values/attrs_text.xml","tags":{"FILE_LINE_OF_CODE":"96"}}
{"ts":1710899905500,"action":"FILE_CLOSED","file":"/crow-attr-text/src/main/res/values/attrs_text.xml","tags":{"FILE_LINE_OF_CODE":"96"}}
{"ts":1710899905500,"action":"FILE_OPENED","file":"/app/src/main/res/layout/activity_main.xml","tags":{"FILE_LINE_OF_CODE":"175"}}
{"ts":1710899927662,"action":"FILE_CLOSED","file":"/app/src/main/res/layout/activity_main.xml","tags":{"FILE_LINE_OF_CODE":"175"}}
{"ts":1710899927662,"action":"FILE_OPENED","file":"/app/src/main/kotlin/com/crow/attrtextlayout/MainActivity.kt","tags":{"FILE_LINE_OF_CODE":"122"}}
{"ts":1710900022976,"action":"FILE_CLOSED","file":"/app/src/main/kotlin/com/crow/attrtextlayout/MainActivity.kt","tags":{"FILE_LINE_OF_CODE":"123"}}
{"ts":1710900022976,"action":"FILE_OPENED","file":"/crow-attr-text/src/main/kotlin/com/crow/attr/text/AttrTextFrameConfig.kt","tags":{"FILE_LINE_OF_CODE":"32"}}
{"ts":1710900023690,"action":"FILE_CLOSED","file":"/crow-attr-text/src/main/kotlin/com/crow/attr/text/AttrTextFrameConfig.kt","tags":{"FILE_LINE_OF_CODE":"32"}}
{"ts":1710900023690,"action":"FILE_OPENED","file":"/app/src/main/res/layout/activity_main.xml","tags":{"FILE_LINE_OF_CODE":"175"}}
{"ts":1710900028529,"action":"IDE_DEACTIVATED"}
{"ts":1710900045654,"action":"IDE_ACTIVATED"}
{"ts":1710900090470,"action":"IDE_DEACTIVATED"}
{"ts":1710900093353,"action":"IDE_ACTIVATED"}
{"ts":1710900112377,"action":"FILE_CLOSED","file":"/app/src/main/res/layout/activity_main.xml","tags":{"FILE_LINE_OF_CODE":"206"}}
{"ts":1710900112377,"action":"FILE_OPENED","file":"/app/src/main/kotlin/com/crow/attrtextlayout/MainActivity.kt","tags":{"FILE_LINE_OF_CODE":"123"}}
{"ts":1710900160709,"action":"FILE_CLOSED","file":"/app/src/main/kotlin/com/crow/attrtextlayout/MainActivity.kt","tags":{"FILE_LINE_OF_CODE":"123"}}
{"ts":1710900160709,"action":"FILE_OPENED","file":"/app/src/main/res/layout/activity_main.xml","tags":{"FILE_LINE_OF_CODE":"206"}}
{"ts":1710900176810,"action":"FILE_CLOSED","file":"/app/src/main/res/layout/activity_main.xml","tags":{"FILE_LINE_OF_CODE":"206"}}
{"ts":1710900176810,"action":"FILE_OPENED","file":"/crow-attr-text/src/main/kotlin/com/crow/attr/text/AttrTextView.kt","tags":{"FILE_LINE_OF_CODE":"784"}}
{"ts":1710900210920,"action":"FILE_CLOSED","file":"/crow-attr-text/src/main/kotlin/com/crow/attr/text/AttrTextView.kt","tags":{"FILE_LINE_OF_CODE":"784"}}
{"ts":1710900210920,"action":"FILE_OPENED","file":"/crow-attr-text/src/main/kotlin/com/crow/attr/text/AttrTextFrameConfig.kt","tags":{"FILE_LINE_OF_CODE":"32"}}
{"ts":1710900211427,"action":"FILE_CLOSED","file":"/crow-attr-text/src/main/kotlin/com/crow/attr/text/AttrTextFrameConfig.kt","tags":{"FILE_LINE_OF_CODE":"32"}}
{"ts":1710900211428,"action":"FILE_OPENED","file":"/crow-attr-text/src/main/kotlin/com/crow/attr/text/AttrTextView.kt","tags":{"FILE_LINE_OF_CODE":"784"}}
{"ts":1710900211933,"action":"FILE_CLOSED","file":"/crow-attr-text/src/main/kotlin/com/crow/attr/text/AttrTextView.kt","tags":{"FILE_LINE_OF_CODE":"784"}}
{"ts":1710900211933,"action":"FILE_OPENED","file":"/gradle/app.versions.toml","tags":{"FILE_LINE_OF_CODE":"262"}}
{"ts":1710900212676,"action":"FILE_CLOSED","file":"/gradle/app.versions.toml","tags":{"FILE_LINE_OF_CODE":"262"}}
{"ts":1710900212676,"action":"FILE_OPENED","file":"/crow-attr-text/src/main/kotlin/com/crow/attr/text/AttrTextView.kt","tags":{"FILE_LINE_OF_CODE":"784"}}
{"ts":1710900216470,"action":"FILE_CLOSED","file":"/crow-attr-text/src/main/kotlin/com/crow/attr/text/AttrTextView.kt","tags":{"FILE_LINE_OF_CODE":"784"}}
{"ts":1710900216470,"action":"FILE_OPENED","file":"/build.gradle.kts","tags":{"FILE_LINE_OF_CODE":"9"}}
{"ts":1710900224206,"action":"FILE_CLOSED","file":"/build.gradle.kts","tags":{"FILE_LINE_OF_CODE":"9"}}
{"ts":1710900224206,"action":"FILE_OPENED","file":"/crow-attr-text/src/main/kotlin/com/crow/attr/text/AttrTextLayout.kt","tags":{"FILE_LINE_OF_CODE":"1862"}}
{"ts":1710900657919,"action":"FILE_CLOSED","file":"/crow-attr-text/src/main/kotlin/com/crow/attr/text/AttrTextLayout.kt","tags":{"FILE_LINE_OF_CODE":"1877"}}
{"ts":1710900657919,"action":"FILE_OPENED","file":"/crow-attr-text/src/main/kotlin/com/crow/attr/text/AttrTextExt.kt","tags":{"FILE_LINE_OF_CODE":"101"}}
{"ts":1710900659063,"action":"FILE_CLOSED","file":"/crow-attr-text/src/main/kotlin/com/crow/attr/text/AttrTextExt.kt","tags":{"FILE_LINE_OF_CODE":"101"}}
{"ts":1710900659063,"action":"FILE_OPENED","file":"/crow-attr-text/src/main/kotlin/com/crow/attr/text/IAttrText.kt","tags":{"FILE_LINE_OF_CODE":"276"}}
{"ts":1710900663628,"action":"FILE_CLOSED","file":"/crow-attr-text/src/main/kotlin/com/crow/attr/text/IAttrText.kt","tags":{"FILE_LINE_OF_CODE":"276"}}
{"ts":1710900663628,"action":"FILE_OPENED","file":"/crow-attr-text/src/main/kotlin/com/crow/attr/text/AttrTextExt.kt","tags":{"FILE_LINE_OF_CODE":"101"}}
{"ts":1710900664134,"action":"FILE_CLOSED","file":"/crow-attr-text/src/main/kotlin/com/crow/attr/text/AttrTextExt.kt","tags":{"FILE_LINE_OF_CODE":"101"}}
{"ts":1710900664134,"action":"FILE_OPENED","file":"/crow-attr-text/src/main/kotlin/com/crow/attr/text/AttrTextLayout.kt","tags":{"FILE_LINE_OF_CODE":"1877"}}
{"ts":1710900870051,"action":"IDE_DEACTIVATED"}
{"ts":1710901006623,"action":"IDE_ACTIVATED"}
{"ts":1710901022113,"action":"FILE_CLOSED","file":"/crow-attr-text/src/main/kotlin/com/crow/attr/text/AttrTextLayout.kt","tags":{"FILE_LINE_OF_CODE":"1893"}}
{"ts":1710901028090,"action":"IDE_DEACTIVATED"}
{"ts":1710901032253,"action":"IDE_ACTIVATED"}
{"ts":1710901053726,"action":"FILE_OPENED","file":"/TEST.txt","tags":{"FILE_LINE_OF_CODE":"0"}}
{"ts":1710901062113,"action":"FILE_CLOSED","file":"/TEST.txt","tags":{"FILE_LINE_OF_CODE":"1"}}
{"ts":1710901071994,"action":"FILE_OPENED","file":"/crow-attr-text/src/main/kotlin/com/crow/attr/text/AttrTextLayout.kt","tags":{"FILE_LINE_OF_CODE":"1893"}}
{"ts":1710901073695,"action":"FILE_CLOSED","file":"/crow-attr-text/src/main/kotlin/com/crow/attr/text/AttrTextLayout.kt","tags":{"FILE_LINE_OF_CODE":"1893"}}
{"ts":1710901073695,"action":"FILE_OPENED","file":"/TEST.txt","tags":{"FILE_LINE_OF_CODE":"1"}}
{"ts":1710901089525,"action":"IDE_DEACTIVATED"}
{"ts":1710901095986,"action":"IDE_ACTIVATED"}
{"ts":1710901098004,"action":"IDE_DEACTIVATED"}
{"ts":1710901099444,"action":"IDE_ACTIVATED"}
{"ts":1710901102246,"action":"IDE_DEACTIVATED"}
{"ts":1710901104919,"action":"IDE_ACTIVATED"}
{"ts":1710901114311,"action":"IDE_DEACTIVATED"}
{"ts":1710901121755,"action":"IDE_ACTIVATED"}
{"ts":1710901123536,"action":"IDE_DEACTIVATED"}
{"ts":1710901160141,"action":"IDE_ACTIVATED"}
{"ts":1710901162095,"action":"FILE_CLOSED","file":"/TEST.txt","tags":{"FILE_LINE_OF_CODE":"3"}}
{"ts":1710901162095,"action":"FILE_OPENED","file":"/crow-attr-text/src/main/kotlin/com/crow/attr/text/AttrTextLayout.kt","tags":{"FILE_LINE_OF_CODE":"1893"}}
{"ts":1710901221907,"action":"FILE_CLOSED","file":"/crow-attr-text/src/main/kotlin/com/crow/attr/text/AttrTextLayout.kt","tags":{"FILE_LINE_OF_CODE":"1893"}}
{"ts":1710901234232,"action":"FILE_OPENED","file":"/crow-attr-text/src/main/kotlin/com/crow/attr/text/AttrTextLayout.kt","tags":{"FILE_LINE_OF_CODE":"1893"}}
{"ts":1710901240807,"action":"IDE_DEACTIVATED"}
{"ts":1710901270822,"action":"IDE_ACTIVATED"}
{"ts":1710901327716,"action":"IDE_DEACTIVATED"}
{"ts":1710901349595,"action":"IDE_ACTIVATED"}
{"ts":1710901358425,"action":"IDE_DEACTIVATED"}
{"ts":1710901359207,"action":"IDE_ACTIVATED"}
{"ts":1710901446174,"action":"IDE_DEACTIVATED"}
{"ts":1710901464161,"action":"IDE_ACTIVATED"}
{"ts":1710901500684,"action":"IDE_DEACTIVATED"}
{"ts":1710901996551,"action":"IDE_ACTIVATED"}
{"ts":1710901999021,"action":"IDE_DEACTIVATED"}
{"ts":1710901999169,"action":"IDE_ACTIVATED"}
{"ts":1710902037102,"action":"IDE_DEACTIVATED"}
{"ts":1710902037939,"action":"IDE_ACTIVATED"}
{"ts":1710902038092,"action":"IDE_DEACTIVATED"}
{"ts":1710902377703,"action":"IDE_ACTIVATED"}
{"ts":1710902387770,"action":"IDE_DEACTIVATED"}
{"ts":1710902387847,"action":"IDE_ACTIVATED"}
{"ts":1710902388507,"action":"IDE_DEACTIVATED"}
{"ts":1710902388630,"action":"IDE_ACTIVATED"}
{"ts":1710902393759,"action":"IDE_DEACTIVATED"}
{"ts":1710902393780,"action":"IDE_ACTIVATED"}
{"ts":1710902394324,"action":"IDE_DEACTIVATED"}
{"ts":1710902394452,"action":"IDE_ACTIVATED"}
{"ts":1710902394907,"action":"IDE_DEACTIVATED"}
{"ts":1710902395056,"action":"IDE_ACTIVATED"}
{"ts":1710902453165,"action":"IDE_DEACTIVATED"}
{"ts":1710902454590,"action":"IDE_ACTIVATED"}
{"ts":1710902454934,"action":"IDE_DEACTIVATED"}
{"ts":1710902457356,"action":"IDE_ACTIVATED"}
{"ts":1710902479982,"action":"IDE_DEACTIVATED"}
{"ts":1710902540997,"action":"IDE_ACTIVATED"}
{"ts":1710902559285,"action":"IDE_DEACTIVATED"}
{"ts":1710902565210,"action":"IDE_ACTIVATED"}
{"ts":1710902628539,"action":"IDE_DEACTIVATED"}
{"ts":1710902642264,"action":"IDE_ACTIVATED"}
{"ts":1710902651908,"action":"IDE_DEACTIVATED"}
{"ts":1710902658326,"action":"IDE_ACTIVATED"}
{"ts":1710902659956,"action":"IDE_DEACTIVATED"}
{"ts":1710902661241,"action":"IDE_ACTIVATED"}
{"ts":1710902662453,"action":"IDE_DEACTIVATED"}
{"ts":1710902669396,"action":"IDE_ACTIVATED"}
{"ts":1710902713074,"action":"IDE_DEACTIVATED"}
{"ts":1710902716015,"action":"IDE_ACTIVATED"}
{"ts":1710902837033,"action":"FILE_CLOSED","file":"/crow-attr-text/src/main/kotlin/com/crow/attr/text/AttrTextLayout.kt","tags":{"FILE_LINE_OF_CODE":"1896"}}
{"ts":1710902837033,"action":"FILE_OPENED","file":"/app/src/main/res/layout/activity_main.xml","tags":{"FILE_LINE_OF_CODE":"206"}}
{"ts":1710902855429,"action":"FILE_CLOSED","file":"/app/src/main/res/layout/activity_main.xml","tags":{"FILE_LINE_OF_CODE":"206"}}
{"ts":1710902855429,"action":"FILE_OPENED","file":"/crow-attr-text/src/main/kotlin/com/crow/attr/text/AttrTextView.kt","tags":{"FILE_LINE_OF_CODE":"784"}}
{"ts":1710902859305,"action":"FILE_CLOSED","file":"/crow-attr-text/src/main/kotlin/com/crow/attr/text/AttrTextView.kt","tags":{"FILE_LINE_OF_CODE":"784"}}
{"ts":1710902859305,"action":"FILE_OPENED","file":"/crow-attr-text/src/main/kotlin/com/crow/attr/text/AttrTextLayout.kt","tags":{"FILE_LINE_OF_CODE":"1896"}}
{"ts":1710902963352,"action":"IDE_DEACTIVATED"}
{"ts":1710902967582,"action":"IDE_ACTIVATED"}
{"ts":1710903009546,"action":"FILE_CLOSED","file":"/crow-attr-text/src/main/kotlin/com/crow/attr/text/AttrTextLayout.kt","tags":{"FILE_LINE_OF_CODE":"1908"}}
{"ts":1710903009546,"action":"FILE_OPENED","file":"/crow-attr-text/src/main/kotlin/com/crow/attr/text/AttrTextView.kt","tags":{"FILE_LINE_OF_CODE":"784"}}
{"ts":1710903010280,"action":"FILE_CLOSED","file":"/crow-attr-text/src/main/kotlin/com/crow/attr/text/AttrTextView.kt","tags":{"FILE_LINE_OF_CODE":"784"}}
{"ts":1710903010280,"action":"FILE_OPENED","file":"/crow-attr-text/src/main/kotlin/com/crow/attr/text/AttrTextLayout.kt","tags":{"FILE_LINE_OF_CODE":"1908"}}
{"ts":1710903071274,"action":"IDE_DEACTIVATED"}
{"ts":1710903603435,"action":"IDE_ACTIVATED"}
{"ts":1710903619191,"action":"IDE_DEACTIVATED"}
{"ts":1710904193979,"action":"IDE_ACTIVATED"}
{"ts":1710904194476,"action":"IDE_DEACTIVATED"}
{"ts":1710904670295,"action":"IDE_ACTIVATED"}
{"ts":1710904672561,"action":"IDE_DEACTIVATED"}
{"ts":1710904706054,"action":"IDE_ACTIVATED"}
{"ts":1710904707193,"action":"IDE_DEACTIVATED"}
{"ts":1710904836444,"action":"IDE_ACTIVATED"}
{"ts":1710904848329,"action":"IDE_DEACTIVATED"}
{"ts":1710905205215,"action":"IDE_ACTIVATED"}
{"ts":1710905212617,"action":"IDE_DEACTIVATED"}
{"ts":1710905213614,"action":"IDE_ACTIVATED"}
{"ts":1710905248739,"action":"IDE_DEACTIVATED"}
{"ts":1710905282159,"action":"IDE_ACTIVATED"}
{"ts":1710905300943,"action":"IDE_DEACTIVATED"}
{"ts":1710905303334,"action":"IDE_ACTIVATED"}
{"ts":1710905326105,"action":"IDE_DEACTIVATED"}
{"ts":1710905329168,"action":"IDE_ACTIVATED"}
{"ts":1710905331373,"action":"IDE_DEACTIVATED"}
{"ts":1710905361224,"action":"IDE_ACTIVATED"}
{"ts":1710905365502,"action":"IDE_DEACTIVATED"}
{"ts":1710913229018,"action":"IDE_ACTIVATED"}
{"ts":1710913230873,"action":"IDE_DEACTIVATED"}
{"ts":1710913746877,"action":"IDE_ACTIVATED"}
{"ts":1710913750703,"action":"IDE_DEACTIVATED"}
{"ts":1710913836149,"action":"IDE_ACTIVATED"}
{"ts":1710913840900,"action":"IDE_DEACTIVATED"}
{"ts":1710914054369,"action":"IDE_ACTIVATED"}
{"ts":1710914082877,"action":"IDE_DEACTIVATED"}
{"ts":1710914119588,"action":"IDE_ACTIVATED"}
{"ts":1710914120118,"action":"IDE_DEACTIVATED"}
{"ts":1710914120882,"action":"IDE_ACTIVATED"}
{"ts":1710914125471,"action":"IDE_DEACTIVATED"}
{"ts":1710914168029,"action":"IDE_ACTIVATED"}
{"ts":1710914169636,"action":"IDE_DEACTIVATED"}
{"ts":1710914189004,"action":"IDE_ACTIVATED"}
{"ts":1710914189395,"action":"IDE_DEACTIVATED"}
{"ts":1710914189945,"action":"IDE_ACTIVATED"}
{"ts":1710914190177,"action":"IDE_DEACTIVATED"}
{"ts":1710914190688,"action":"IDE_ACTIVATED"}
{"ts":1710914190950,"action":"IDE_DEACTIVATED"}
{"ts":1710914191409,"action":"IDE_ACTIVATED"}
{"ts":1710914192674,"action":"IDE_DEACTIVATED"}
{"ts":1710914199493,"action":"IDE_ACTIVATED"}
{"ts":1710914202625,"action":"IDE_DEACTIVATED"}
{"ts":1710914221982,"action":"IDE_ACTIVATED"}
{"ts":1710914223315,"action":"IDE_DEACTIVATED"}
{"ts":1710914224460,"action":"IDE_ACTIVATED"}
{"ts":1710914228351,"action":"IDE_DEACTIVATED"}
{"ts":1710914246354,"action":"IDE_ACTIVATED"}
{"ts":1710914266336,"action":"IDE_DEACTIVATED"}
{"ts":1710914308492,"action":"IDE_ACTIVATED"}
{"ts":1710914313316,"action":"IDE_DEACTIVATED"}
{"ts":1710914314102,"action":"IDE_ACTIVATED"}
{"ts":1710914314342,"action":"IDE_DEACTIVATED"}
{"ts":1710914317865,"action":"IDE_ACTIVATED"}
{"ts":1710914333648,"action":"IDE_DEACTIVATED"}
{"ts":1710914354941,"action":"IDE_ACTIVATED"}
{"ts":1710914364763,"action":"IDE_DEACTIVATED"}
{"ts":1710914376409,"action":"IDE_ACTIVATED"}
{"ts":1710914389037,"action":"IDE_DEACTIVATED"}
{"ts":1710914390207,"action":"IDE_ACTIVATED"}
{"ts":1710914392745,"action":"IDE_DEACTIVATED"}
{"ts":1710914409971,"action":"IDE_ACTIVATED"}
{"ts":1710914414960,"action":"IDE_DEACTIVATED"}
{"ts":1710914440349,"action":"IDE_ACTIVATED"}
{"ts":1710914447422,"action":"IDE_DEACTIVATED"}
{"ts":1710914473743,"action":"IDE_ACTIVATED"}
{"ts":1710914661770,"action":"FILE_CLOSED","file":"/crow-attr-text/src/main/kotlin/com/crow/attr/text/AttrTextLayout.kt","tags":{"FILE_LINE_OF_CODE":"1894"}}
{"ts":1710914661770,"action":"FILE_OPENED","file":"/app/src/main/res/layout/activity_main.xml","tags":{"FILE_LINE_OF_CODE":"206"}}
{"ts":1710914675886,"action":"FILE_CLOSED","file":"/app/src/main/res/layout/activity_main.xml","tags":{"FILE_LINE_OF_CODE":"206"}}
{"ts":1710914675886,"action":"FILE_OPENED","file":"/crow-attr-text/src/main/kotlin/com/crow/attr/text/AttrTextView.kt","tags":{"FILE_LINE_OF_CODE":"784"}}
{"ts":1710914691565,"action":"FILE_CLOSED","file":"/crow-attr-text/src/main/kotlin/com/crow/attr/text/AttrTextView.kt","tags":{"FILE_LINE_OF_CODE":"784"}}
{"ts":1710914691565,"action":"FILE_OPENED","file":"/app/src/main/res/layout/activity_main.xml","tags":{"FILE_LINE_OF_CODE":"206"}}
{"ts":1710914703669,"action":"FILE_CLOSED","file":"/app/src/main/res/layout/activity_main.xml","tags":{"FILE_LINE_OF_CODE":"206"}}
{"ts":1710914703669,"action":"FILE_OPENED","file":"/crow-attr-text/src/main/kotlin/com/crow/attr/text/AttrTextView.kt","tags":{"FILE_LINE_OF_CODE":"784"}}
{"ts":1710914704735,"action":"FILE_CLOSED","file":"/crow-attr-text/src/main/kotlin/com/crow/attr/text/AttrTextView.kt","tags":{"FILE_LINE_OF_CODE":"784"}}
{"ts":1710914704735,"action":"FILE_OPENED","file":"/crow-attr-text/src/main/kotlin/com/crow/attr/text/AttrTextLayout.kt","tags":{"FILE_LINE_OF_CODE":"1894"}}
{"ts":1710914706126,"action":"IDE_DEACTIVATED"}
{"ts":1710914707084,"action":"IDE_ACTIVATED"}
{"ts":1710914851572,"action":"IDE_DEACTIVATED"}
{"ts":1710914924248,"action":"IDE_ACTIVATED"}
{"ts":1710914924956,"action":"IDE_DEACTIVATED"}
{"ts":1710914926215,"action":"IDE_ACTIVATED"}
{"ts":1710914926698,"action":"IDE_DEACTIVATED"}
{"ts":1710914938153,"action":"IDE_ACTIVATED"}
{"ts":1710914954107,"action":"IDE_DEACTIVATED"}
{"ts":1710915025910,"action":"IDE_ACTIVATED"}
{"ts":1710915028282,"action":"IDE_DEACTIVATED"}
{"ts":1710915043002,"action":"IDE_ACTIVATED"}
{"ts":1710915044164,"action":"IDE_DEACTIVATED"}
{"ts":1710915044865,"action":"IDE_ACTIVATED"}
{"ts":1710915045268,"action":"IDE_DEACTIVATED"}
{"ts":1710915065407,"action":"IDE_ACTIVATED"}
{"ts":1710915065743,"action":"IDE_DEACTIVATED"}
{"ts":1710915097171,"action":"IDE_ACTIVATED"}
{"ts":1710915102016,"action":"IDE_DEACTIVATED"}
{"ts":1710916321916,"action":"IDE_ACTIVATED"}
{"ts":1710916327109,"action":"IDE_DEACTIVATED"}
{"ts":1710916349711,"action":"IDE_ACTIVATED"}
{"ts":1710916351597,"action":"FILE_CLOSED","file":"/crow-attr-text/src/main/kotlin/com/crow/attr/text/AttrTextLayout.kt","tags":{"FILE_LINE_OF_CODE":"1897"}}
{"ts":1710916351597,"action":"FILE_OPENED","file":"/crow-attr-text/src/main/kotlin/com/crow/attr/text/AttrTextView.kt","tags":{"FILE_LINE_OF_CODE":"784"}}
{"ts":1710916380169,"action":"FILE_CLOSED","file":"/crow-attr-text/src/main/kotlin/com/crow/attr/text/AttrTextView.kt","tags":{"FILE_LINE_OF_CODE":"785"}}
{"ts":1710916399724,"action":"IDE_DEACTIVATED"}
{"ts":1710916419152,"action":"IDE_ACTIVATED"}
{"ts":1710916439922,"action":"IDE_DEACTIVATED"}
{"ts":1710916468554,"action":"IDE_ACTIVATED"}
{"ts":1710916469410,"action":"FILE_OPENED","file":"/crow-attr-text/src/main/kotlin/com/crow/attr/text/AttrTextView.kt","tags":{"FILE_LINE_OF_CODE":"785"}}
{"ts":1710916472599,"action":"FILE_CLOSED","file":"/crow-attr-text/src/main/kotlin/com/crow/attr/text/AttrTextView.kt","tags":{"FILE_LINE_OF_CODE":"784"}}
{"ts":1710916472599,"action":"FILE_OPENED","file":"/crow-attr-text/src/main/kotlin/com/crow/attr/text/AttrTextLayout.kt","tags":{"FILE_LINE_OF_CODE":"1897"}}
{"ts":1710916491112,"action":"IDE_DEACTIVATED"}
{"ts":1710916505789,"action":"IDE_ACTIVATED"}
{"ts":1710916564153,"action":"IDE_DEACTIVATED"}
{"ts":1710916581533,"action":"IDE_ACTIVATED"}
{"ts":1710916595178,"action":"IDE_DEACTIVATED"}
{"ts":1710916597798,"action":"IDE_ACTIVATED"}
{"ts":1710916600252,"action":"IDE_DEACTIVATED"}
{"ts":1710916614994,"action":"IDE_ACTIVATED"}
{"ts":1710916615400,"action":"IDE_DEACTIVATED"}
{"ts":1710916616866,"action":"IDE_ACTIVATED"}
{"ts":1710916627026,"action":"IDE_DEACTIVATED"}
{"ts":1710916684114,"action":"IDE_ACTIVATED"}
{"ts":1710916687463,"action":"IDE_DEACTIVATED"}
{"ts":1710916706273,"action":"IDE_ACTIVATED"}
{"ts":1710916731976,"action":"FILE_CLOSED","file":"/crow-attr-text/src/main/kotlin/com/crow/attr/text/AttrTextLayout.kt","tags":{"FILE_LINE_OF_CODE":"1910"}}
{"ts":1710916736241,"action":"FILE_OPENED","file":"/crow-attr-text/src/main/kotlin/com/crow/attr/text/AttrTextLayout.kt","tags":{"FILE_LINE_OF_CODE":"1910"}}
{"ts":1710916821287,"action":"IDE_DEACTIVATED"}
{"ts":1710916828402,"action":"IDE_ACTIVATED"}
{"ts":1710916851735,"action":"IDE_DEACTIVATED"}
{"ts":1710916862890,"action":"IDE_ACTIVATED"}
{"ts":1710916863667,"action":"IDE_DEACTIVATED"}
{"ts":1710916868394,"action":"IDE_ACTIVATED"}
{"ts":1710917184570,"action":"IDE_DEACTIVATED"}
{"ts":1710917186468,"action":"IDE_ACTIVATED"}
{"ts":1710917245394,"action":"IDE_DEACTIVATED"}
{"ts":1710917266573,"action":"IDE_ACTIVATED"}
{"ts":1710917589911,"action":"IDE_DEACTIVATED"}
{"ts":1710917606034,"action":"IDE_ACTIVATED"}
{"ts":1710917653003,"action":"IDE_DEACTIVATED"}
{"ts":1710917653501,"action":"IDE_ACTIVATED"}
{"ts":1710917653805,"action":"IDE_DEACTIVATED"}
{"ts":1710917674666,"action":"IDE_ACTIVATED"}
{"ts":1710917740717,"action":"FILE_CLOSED","file":"/crow-attr-text/src/main/kotlin/com/crow/attr/text/AttrTextLayout.kt","tags":{"FILE_LINE_OF_CODE":"1901"}}
{"ts":1710917740717,"action":"FILE_OPENED","file":"/app/src/main/res/layout/activity_main.xml","tags":{"FILE_LINE_OF_CODE":"206"}}
{"ts":1710917752687,"action":"FILE_CLOSED","file":"/app/src/main/res/layout/activity_main.xml","tags":{"FILE_LINE_OF_CODE":"206"}}
{"ts":1710917752687,"action":"FILE_OPENED","file":"/crow-attr-text/src/main/kotlin/com/crow/attr/text/AttrTextView.kt","tags":{"FILE_LINE_OF_CODE":"784"}}
{"ts":1710917791413,"action":"IDE_DEACTIVATED"}
{"ts":1710917837427,"action":"IDE_ACTIVATED"}
{"ts":1710917838398,"action":"IDE_DEACTIVATED"}
{"ts":1710917923734,"action":"IDE_ACTIVATED"}
{"ts":1710917925819,"action":"IDE_DEACTIVATED"}
{"ts":1710918308827,"action":"IDE_ACTIVATED"}
{"ts":1710918312953,"action":"FILE_CLOSED","file":"/crow-attr-text/src/main/kotlin/com/crow/attr/text/AttrTextView.kt","tags":{"FILE_LINE_OF_CODE":"784"}}
{"ts":1710918312953,"action":"FILE_OPENED","file":"/crow-attr-text/src/main/kotlin/com/crow/attr/text/AttrTextLayout.kt","tags":{"FILE_LINE_OF_CODE":"1901"}}
{"ts":1710918389710,"action":"IDE_DEACTIVATED"}
{"ts":1710918390424,"action":"IDE_ACTIVATED"}
{"ts":1710918412586,"action":"FILE_CLOSED","file":"/crow-attr-text/src/main/kotlin/com/crow/attr/text/AttrTextLayout.kt","tags":{"FILE_LINE_OF_CODE":"1901"}}
{"ts":1710918414039,"action":"FILE_OPENED","file":"/crow-attr-text/src/main/kotlin/com/crow/attr/text/AttrTextLayout.kt","tags":{"FILE_LINE_OF_CODE":"1901"}}
{"ts":1710918506614,"action":"IDE_DEACTIVATED"}
{"ts":1710918509176,"action":"IDE_ACTIVATED"}
{"ts":1710918528688,"action":"IDE_DEACTIVATED"}
{"ts":1710918569284,"action":"IDE_ACTIVATED"}
{"ts":1710918700295,"action":"IDE_DEACTIVATED"}
{"ts":1710918703724,"action":"IDE_ACTIVATED"}
{"ts":1710918782362,"action":"IDE_DEACTIVATED"}
{"ts":1710918790773,"action":"IDE_ACTIVATED"}
{"ts":1710918876552,"action":"FILE_CLOSED","file":"/crow-attr-text/src/main/kotlin/com/crow/attr/text/AttrTextLayout.kt","tags":{"FILE_LINE_OF_CODE":"1900"}}
{"ts":1710918878681,"action":"FILE_OPENED","file":"/crow-attr-text/src/main/kotlin/com/crow/attr/text/AttrTextLayout.kt","tags":{"FILE_LINE_OF_CODE":"1900"}}
{"ts":1710918908128,"action":"IDE_DEACTIVATED"}
{"ts":1710918909493,"action":"IDE_ACTIVATED"}
{"ts":1710918938501,"action":"IDE_DEACTIVATED"}
{"ts":1710919040434,"action":"IDE_ACTIVATED"}
{"ts":1710919058831,"action":"IDE_DEACTIVATED"}
{"ts":1710919189755,"action":"IDE_ACTIVATED"}
{"ts":1710919190894,"action":"IDE_DEACTIVATED"}
{"ts":1710919192553,"action":"IDE_ACTIVATED"}
{"ts":1710919196181,"action":"IDE_DEACTIVATED"}
{"ts":1710919459003,"action":"IDE_ACTIVATED"}
{"ts":1710919460401,"action":"IDE_DEACTIVATED"}
{"ts":1710919953712,"action":"IDE_ACTIVATED"}
{"ts":1710919955017,"action":"IDE_DEACTIVATED"}
{"ts":1710920349892,"action":"IDE_ACTIVATED"}
{"ts":1710920418006,"action":"IDE_DEACTIVATED"}
{"ts":1710920437457,"action":"IDE_ACTIVATED"}
{"ts":1710920443155,"action":"FILE_CLOSED","file":"/crow-attr-text/src/main/kotlin/com/crow/attr/text/AttrTextLayout.kt","tags":{"FILE_LINE_OF_CODE":"1877"}}
{"ts":1710920443155,"action":"FILE_OPENED","file":"/TEST.txt","tags":{"FILE_LINE_OF_CODE":"3"}}
{"ts":1710920462394,"action":"IDE_DEACTIVATED"}
{"ts":1710920482219,"action":"IDE_ACTIVATED"}
{"ts":1710920483865,"action":"IDE_DEACTIVATED"}
{"ts":1710920695385,"action":"IDE_ACTIVATED"}
{"ts":1710920706642,"action":"FILE_OPENED","file":"/crow-attr-text/src/main/kotlin/com/crow/attr/text/AttrTextLayout.kt","tags":{"FILE_LINE_OF_CODE":"1877"}}
{"ts":1710920708744,"action":"FILE_CLOSED","file":"/crow-attr-text/src/main/kotlin/com/crow/attr/text/AttrTextLayout.kt","tags":{"FILE_LINE_OF_CODE":"1877"}}
{"ts":1710920708744,"action":"FILE_OPENED","file":"/crow-attr-text/src/main/kotlin/com/crow/attr/text/AttrTextView.kt","tags":{"FILE_LINE_OF_CODE":"784"}}
{"ts":1710920709722,"action":"FILE_CLOSED","file":"/crow-attr-text/src/main/kotlin/com/crow/attr/text/AttrTextView.kt","tags":{"FILE_LINE_OF_CODE":"784"}}
{"ts":1710920709722,"action":"FILE_OPENED","file":"/app/src/main/kotlin/com/crow/attrtextlayout/MainActivity.kt","tags":{"FILE_LINE_OF_CODE":"123"}}
{"ts":1710920712761,"action":"IDE_DEACTIVATED"}
{"ts":1710920725602,"action":"IDE_ACTIVATED"}
{"ts":1710920728632,"action":"IDE_DEACTIVATED"}
{"ts":1710920729898,"action":"IDE_ACTIVATED"}
{"ts":1710920736202,"action":"IDE_DEACTIVATED"}
{"ts":1710920764464,"action":"IDE_ACTIVATED"}
{"ts":1710920765421,"action":"IDE_DEACTIVATED"}
{"ts":1710920800471,"action":"IDE_ACTIVATED"}
{"ts":1710920800977,"action":"IDE_DEACTIVATED"}
{"ts":1710920802322,"action":"IDE_ACTIVATED"}
{"ts":1710920807030,"action":"FILE_CLOSED","file":"/app/src/main/kotlin/com/crow/attrtextlayout/MainActivity.kt","tags":{"FILE_LINE_OF_CODE":"123"}}
{"ts":1710920807030,"action":"FILE_OPENED","file":"/crow-attr-text/src/main/kotlin/com/crow/attr/text/AttrTextView.kt","tags":{"FILE_LINE_OF_CODE":"784"}}
{"ts":1710920807886,"action":"FILE_CLOSED","file":"/crow-attr-text/src/main/kotlin/com/crow/attr/text/AttrTextView.kt","tags":{"FILE_LINE_OF_CODE":"784"}}
{"ts":1710920807886,"action":"FILE_OPENED","file":"/crow-attr-text/src/main/kotlin/com/crow/attr/text/AttrTextLayout.kt","tags":{"FILE_LINE_OF_CODE":"1877"}}
{"ts":1710920819909,"action":"IDE_DEACTIVATED"}
{"ts":1710920832413,"action":"IDE_ACTIVATED"}
{"ts":1710920833599,"action":"IDE_DEACTIVATED"}
{"ts":1710920971033,"action":"IDE_ACTIVATED"}
{"ts":1710920980166,"action":"IDE_DEACTIVATED"}
{"ts":1710920983065,"action":"IDE_ACTIVATED"}
{"ts":1710920992800,"action":"IDE_DEACTIVATED"}
{"ts":1710921101147,"action":"IDE_ACTIVATED"}
{"ts":1710921107520,"action":"IDE_DEACTIVATED"}
{"ts":1710921107613,"action":"IDE_ACTIVATED"}
{"ts":1710921131856,"action":"IDE_DEACTIVATED"}
{"ts":1710921137708,"action":"IDE_ACTIVATED"}
{"ts":1710921238578,"action":"FILE_CLOSED","file":"/crow-attr-text/src/main/kotlin/com/crow/attr/text/AttrTextLayout.kt","tags":{"FILE_LINE_OF_CODE":"1877"}}
{"ts":1710921238578,"action":"FILE_OPENED","file":"/crow-attr-text/src/main/kotlin/com/crow/attr/text/AttrTextExt.kt","tags":{"FILE_LINE_OF_CODE":"101"}}
{"ts":1710921283645,"action":"FILE_CLOSED","file":"/crow-attr-text/src/main/kotlin/com/crow/attr/text/AttrTextExt.kt","tags":{"FILE_LINE_OF_CODE":"107"}}
{"ts":1710921283645,"action":"FILE_OPENED","file":"/crow-attr-text/src/main/kotlin/com/crow/attr/text/AttrTextLayout.kt","tags":{"FILE_LINE_OF_CODE":"1877"}}
{"ts":1710921350019,"action":"FILE_CLOSED","file":"/crow-attr-text/src/main/kotlin/com/crow/attr/text/AttrTextLayout.kt","tags":{"FILE_LINE_OF_CODE":"1873"}}
{"ts":1710921350019,"action":"FILE_OPENED","file":"/crow-attr-text/src/main/kotlin/com/crow/attr/text/AttrTextExt.kt","tags":{"FILE_LINE_OF_CODE":"107"}}
{"ts":1710921351840,"action":"FILE_CLOSED","file":"/crow-attr-text/src/main/kotlin/com/crow/attr/text/AttrTextExt.kt","tags":{"FILE_LINE_OF_CODE":"107"}}
{"ts":1710921351840,"action":"FILE_OPENED","file":"/crow-attr-text/src/main/kotlin/com/crow/attr/text/IAttrText.kt","tags":{"FILE_LINE_OF_CODE":"276"}}
{"ts":1710921450224,"action":"FILE_CLOSED","file":"/crow-attr-text/src/main/kotlin/com/crow/attr/text/IAttrText.kt","tags":{"FILE_LINE_OF_CODE":"276"}}
{"ts":1710921450224,"action":"FILE_OPENED","file":"/crow-attr-text/src/main/kotlin/com/crow/attr/text/AttrTextLayout.kt","tags":{"FILE_LINE_OF_CODE":"1873"}}
{"ts":1710921454322,"action":"FILE_CLOSED","file":"/crow-attr-text/src/main/kotlin/com/crow/attr/text/AttrTextLayout.kt","tags":{"FILE_LINE_OF_CODE":"1873"}}
{"ts":1710921454322,"action":"FILE_OPENED","file":"/app/src/main/res/layout/activity_main.xml","tags":{"FILE_LINE_OF_CODE":"206"}}
{"ts":1710921457386,"action":"FILE_CLOSED","file":"/app/src/main/res/layout/activity_main.xml","tags":{"FILE_LINE_OF_CODE":"206"}}
{"ts":1710921457386,"action":"FILE_OPENED","file":"/crow-attr-text/src/main/res/values/attrs_text.xml","tags":{"FILE_LINE_OF_CODE":"96"}}
{"ts":1710921458499,"action":"FILE_CLOSED","file":"/crow-attr-text/src/main/res/values/attrs_text.xml","tags":{"FILE_LINE_OF_CODE":"96"}}
{"ts":1710921458499,"action":"FILE_OPENED","file":"/app/src/main/res/layout/activity_main.xml","tags":{"FILE_LINE_OF_CODE":"206"}}
{"ts":1710921459065,"action":"FILE_CLOSED","file":"/app/src/main/res/layout/activity_main.xml","tags":{"FILE_LINE_OF_CODE":"206"}}
{"ts":1710921459065,"action":"FILE_OPENED","file":"/crow-attr-text/src/main/kotlin/com/crow/attr/text/AttrTextLayout.kt","tags":{"FILE_LINE_OF_CODE":"1873"}}
{"ts":1710921504774,"action":"FILE_CLOSED","file":"/crow-attr-text/src/main/kotlin/com/crow/attr/text/AttrTextLayout.kt","tags":{"FILE_LINE_OF_CODE":"1880"}}
{"ts":1710921504774,"action":"FILE_OPENED","file":"/crow-attr-text/src/main/res/values/attrs_text.xml","tags":{"FILE_LINE_OF_CODE":"96"}}
{"ts":1710921505419,"action":"FILE_CLOSED","file":"/crow-attr-text/src/main/res/values/attrs_text.xml","tags":{"FILE_LINE_OF_CODE":"96"}}
{"ts":1710921505419,"action":"FILE_OPENED","file":"/app/src/main/res/layout/activity_main.xml","tags":{"FILE_LINE_OF_CODE":"206"}}
{"ts":1710921508525,"action":"FILE_CLOSED","file":"/app/src/main/res/layout/activity_main.xml","tags":{"FILE_LINE_OF_CODE":"206"}}
{"ts":1710921508525,"action":"FILE_OPENED","file":"/crow-attr-text/src/main/kotlin/com/crow/attr/text/AttrTextLayout.kt","tags":{"FILE_LINE_OF_CODE":"1880"}}
{"ts":1710921516333,"action":"FILE_CLOSED","file":"/crow-attr-text/src/main/kotlin/com/crow/attr/text/AttrTextLayout.kt","tags":{"FILE_LINE_OF_CODE":"1875"}}
{"ts":1710921516333,"action":"FILE_OPENED","file":"/app/src/main/res/layout/activity_main.xml","tags":{"FILE_LINE_OF_CODE":"206"}}
{"ts":1710921518133,"action":"FILE_CLOSED","file":"/app/src/main/res/layout/activity_main.xml","tags":{"FILE_LINE_OF_CODE":"206"}}
{"ts":1710921518133,"action":"FILE_OPENED","file":"/crow-attr-text/src/main/kotlin/com/crow/attr/text/AttrTextLayout.kt","tags":{"FILE_LINE_OF_CODE":"1875"}}
{"ts":1710921521315,"action":"FILE_CLOSED","file":"/crow-attr-text/src/main/kotlin/com/crow/attr/text/AttrTextLayout.kt","tags":{"FILE_LINE_OF_CODE":"1873"}}
{"ts":1710921521315,"action":"FILE_OPENED","file":"/app/src/main/res/layout/activity_main.xml","tags":{"FILE_LINE_OF_CODE":"206"}}
{"ts":1710921522603,"action":"FILE_CLOSED","file":"/app/src/main/res/layout/activity_main.xml","tags":{"FILE_LINE_OF_CODE":"206"}}
{"ts":1710921522603,"action":"FILE_OPENED","file":"/crow-attr-text/src/main/kotlin/com/crow/attr/text/AttrTextLayout.kt","tags":{"FILE_LINE_OF_CODE":"1873"}}
{"ts":1710921528407,"action":"IDE_DEACTIVATED"}
{"ts":1710921565921,"action":"IDE_ACTIVATED"}
{"ts":1710921566458,"action":"IDE_DEACTIVATED"}
{"ts":1710921567544,"action":"IDE_ACTIVATED"}
{"ts":1710921581685,"action":"FILE_CLOSED","file":"/crow-attr-text/src/main/kotlin/com/crow/attr/text/AttrTextLayout.kt","tags":{"FILE_LINE_OF_CODE":"1873"}}
{"ts":1710921692571,"action":"IDE_DEACTIVATED"}
{"ts":1710921788598,"action":"IDE_ACTIVATED"}
{"ts":1710921793784,"action":"FILE_OPENED","file":"/crow-attr-text/src/main/kotlin/com/crow/attr/text/AttrTextLayout.kt","tags":{"FILE_LINE_OF_CODE":"1873"}}
{"ts":1710921806168,"action":"FILE_CLOSED","file":"/crow-attr-text/src/main/kotlin/com/crow/attr/text/AttrTextLayout.kt","tags":{"FILE_LINE_OF_CODE":"1873"}}
{"ts":1710921806168,"action":"FILE_OPENED","file":"/app/src/main/res/layout/activity_main.xml","tags":{"FILE_LINE_OF_CODE":"206"}}
{"ts":1710921807023,"action":"FILE_CLOSED","file":"/app/src/main/res/layout/activity_main.xml","tags":{"FILE_LINE_OF_CODE":"206"}}
{"ts":1710921807023,"action":"FILE_OPENED","file":"/crow-attr-text/src/main/kotlin/com/crow/attr/text/AttrTextLayout.kt","tags":{"FILE_LINE_OF_CODE":"1873"}}
{"ts":1710921821692,"action":"FILE_CLOSED","file":"/crow-attr-text/src/main/kotlin/com/crow/attr/text/AttrTextLayout.kt","tags":{"FILE_LINE_OF_CODE":"1873"}}
{"ts":1710921821692,"action":"FILE_OPENED","file":"/crow-attr-text/src/main/kotlin/com/crow/attr/text/AttrTextView.kt","tags":{"FILE_LINE_OF_CODE":"784"}}
{"ts":1710921897749,"action":"FILE_CLOSED","file":"/crow-attr-text/src/main/kotlin/com/crow/attr/text/AttrTextView.kt","tags":{"FILE_LINE_OF_CODE":"784"}}
{"ts":1710921897749,"action":"FILE_OPENED","file":"/crow-attr-text/build.gradle.kts","tags":{"FILE_LINE_OF_CODE":"95"}}
{"ts":1710921911216,"action":"FILE_CLOSED","file":"/crow-attr-text/build.gradle.kts","tags":{"FILE_LINE_OF_CODE":"95"}}
{"ts":1710921911216,"action":"FILE_OPENED","file":"/crow-attr-text/src/main/kotlin/com/crow/attr/text/IAttrText.kt","tags":{"FILE_LINE_OF_CODE":"276"}}
{"ts":1710921912943,"action":"FILE_CLOSED","file":"/crow-attr-text/src/main/kotlin/com/crow/attr/text/IAttrText.kt","tags":{"FILE_LINE_OF_CODE":"276"}}
{"ts":1710921912943,"action":"FILE_OPENED","file":"/crow-attr-text/src/main/kotlin/com/crow/attr/text/AttrTextLayout.kt","tags":{"FILE_LINE_OF_CODE":"1873"}}
{"ts":1710921914101,"action":"FILE_CLOSED","file":"/crow-attr-text/src/main/kotlin/com/crow/attr/text/AttrTextLayout.kt","tags":{"FILE_LINE_OF_CODE":"1873"}}
{"ts":1710921914101,"action":"FILE_OPENED","file":"/crow-attr-text/src/main/kotlin/com/crow/attr/text/AttrTextFrameConfig.kt","tags":{"FILE_LINE_OF_CODE":"32"}}
{"ts":1710921932485,"action":"FILE_CLOSED","file":"/crow-attr-text/src/main/kotlin/com/crow/attr/text/AttrTextFrameConfig.kt","tags":{"FILE_LINE_OF_CODE":"32"}}
{"ts":1710921932485,"action":"FILE_OPENED","file":"/app/src/main/res/layout/activity_main.xml","tags":{"FILE_LINE_OF_CODE":"206"}}
{"ts":1710921995126,"action":"FILE_CLOSED","file":"/app/src/main/res/layout/activity_main.xml","tags":{"FILE_LINE_OF_CODE":"212"}}
{"ts":1710921995126,"action":"FILE_OPENED","file":"/app/src/main/assets/content/Content.txt","tags":{"FILE_LINE_OF_CODE":"1"}}
{"ts":1710921995915,"action":"FILE_CLOSED","file":"/app/src/main/assets/content/Content.txt","tags":{"FILE_LINE_OF_CODE":"1"}}
{"ts":1710921995915,"action":"FILE_OPENED","file":"/app/src/main/assets/content/Content_backup.txt","tags":{"FILE_LINE_OF_CODE":"17"}}
{"ts":1710921997202,"action":"FILE_CLOSED","file":"/app/src/main/assets/content/Content_backup.txt","tags":{"FILE_LINE_OF_CODE":"17"}}
{"ts":1710921997202,"action":"FILE_OPENED","file":"/app/src/main/assets/content/Content.txt","tags":{"FILE_LINE_OF_CODE":"1"}}
{"ts":1710921998058,"action":"FILE_CLOSED","file":"/app/src/main/assets/content/Content.txt","tags":{"FILE_LINE_OF_CODE":"1"}}
{"ts":1710921998058,"action":"FILE_OPENED","file":"/app/src/main/res/layout/activity_main.xml","tags":{"FILE_LINE_OF_CODE":"212"}}
{"ts":1710922000234,"action":"IDE_DEACTIVATED"}
{"ts":1710922024997,"action":"IDE_ACTIVATED"}
{"ts":1710922046337,"action":"FILE_CLOSED","file":"/app/src/main/res/layout/activity_main.xml","tags":{"FILE_LINE_OF_CODE":"212"}}
{"ts":1710922046337,"action":"FILE_OPENED","file":"/crow-attr-text/src/main/kotlin/com/crow/attr/text/AttrTextFrameConfig.kt","tags":{"FILE_LINE_OF_CODE":"32"}}
{"ts":1710922047020,"action":"FILE_CLOSED","file":"/crow-attr-text/src/main/kotlin/com/crow/attr/text/AttrTextFrameConfig.kt","tags":{"FILE_LINE_OF_CODE":"32"}}
{"ts":1710922047021,"action":"FILE_OPENED","file":"/crow-attr-text/src/main/kotlin/com/crow/attr/text/AttrTextLayout.kt","tags":{"FILE_LINE_OF_CODE":"1873"}}
{"ts":1710922047999,"action":"FILE_CLOSED","file":"/crow-attr-text/src/main/kotlin/com/crow/attr/text/AttrTextLayout.kt","tags":{"FILE_LINE_OF_CODE":"1873"}}
{"ts":1710922047999,"action":"FILE_OPENED","file":"/app/src/main/assets/content/Content_backup.txt","tags":{"FILE_LINE_OF_CODE":"17"}}
{"ts":1710922048787,"action":"FILE_CLOSED","file":"/app/src/main/assets/content/Content_backup.txt","tags":{"FILE_LINE_OF_CODE":"17"}}
{"ts":1710922048787,"action":"FILE_OPENED","file":"/crow-attr-text/src/main/res/values/attrs_text.xml","tags":{"FILE_LINE_OF_CODE":"96"}}
{"ts":1710922050136,"action":"FILE_CLOSED","file":"/crow-attr-text/src/main/res/values/attrs_text.xml","tags":{"FILE_LINE_OF_CODE":"96"}}
{"ts":1710922050136,"action":"FILE_OPENED","file":"/app/src/main/res/layout/activity_main.xml","tags":{"FILE_LINE_OF_CODE":"212"}}
{"ts":1710922054688,"action":"FILE_CLOSED","file":"/app/src/main/res/layout/activity_main.xml","tags":{"FILE_LINE_OF_CODE":"212"}}
{"ts":1710922054688,"action":"FILE_OPENED","file":"/crow-attr-text/src/main/kotlin/com/crow/attr/text/AttrTextLayout.kt","tags":{"FILE_LINE_OF_CODE":"1873"}}
{"ts":1710922138091,"action":"IDE_DEACTIVATED"}
{"ts":1710922173928,"action":"IDE_ACTIVATED"}
{"ts":1710922184610,"action":"FILE_CLOSED","file":"/crow-attr-text/src/main/kotlin/com/crow/attr/text/AttrTextLayout.kt","tags":{"FILE_LINE_OF_CODE":"1874"}}
{"ts":1710922184610,"action":"FILE_OPENED","file":"/crow-attr-text/src/main/kotlin/com/crow/attr/text/IAttrText.kt","tags":{"FILE_LINE_OF_CODE":"276"}}
{"ts":1710922186025,"action":"FILE_CLOSED","file":"/crow-attr-text/src/main/kotlin/com/crow/attr/text/IAttrText.kt","tags":{"FILE_LINE_OF_CODE":"276"}}
{"ts":1710922186025,"action":"FILE_OPENED","file":"/crow-attr-text/src/main/kotlin/com/crow/attr/text/AttrTextExt.kt","tags":{"FILE_LINE_OF_CODE":"107"}}
{"ts":1710922189920,"action":"FILE_CLOSED","file":"/crow-attr-text/src/main/kotlin/com/crow/attr/text/AttrTextExt.kt","tags":{"FILE_LINE_OF_CODE":"107"}}
{"ts":1710922189920,"action":"FILE_OPENED","file":"/crow-attr-text/src/main/kotlin/com/crow/attr/text/IAttrText.kt","tags":{"FILE_LINE_OF_CODE":"276"}}
{"ts":1710922235930,"action":"FILE_CLOSED","file":"/crow-attr-text/src/main/kotlin/com/crow/attr/text/IAttrText.kt","tags":{"FILE_LINE_OF_CODE":"276"}}
{"ts":1710922235930,"action":"FILE_OPENED","file":"/app/src/main/res/layout/activity_main.xml","tags":{"FILE_LINE_OF_CODE":"212"}}
{"ts":1710922237264,"action":"FILE_CLOSED","file":"/app/src/main/res/layout/activity_main.xml","tags":{"FILE_LINE_OF_CODE":"212"}}
{"ts":1710922237264,"action":"FILE_OPENED","file":"/crow-attr-text/src/main/kotlin/com/crow/attr/text/AttrTextView.kt","tags":{"FILE_LINE_OF_CODE":"784"}}
{"ts":1710922240813,"action":"FILE_CLOSED","file":"/crow-attr-text/src/main/kotlin/com/crow/attr/text/AttrTextView.kt","tags":{"FILE_LINE_OF_CODE":"784"}}
{"ts":1710922240813,"action":"FILE_OPENED","file":"/crow-attr-text/src/main/kotlin/com/crow/attr/text/AttrTextFrameConfig.kt","tags":{"FILE_LINE_OF_CODE":"32"}}
{"ts":1710922241473,"action":"FILE_CLOSED","file":"/crow-attr-text/src/main/kotlin/com/crow/attr/text/AttrTextFrameConfig.kt","tags":{"FILE_LINE_OF_CODE":"32"}}
{"ts":1710922241473,"action":"FILE_OPENED","file":"/crow-attr-text/src/main/kotlin/com/crow/attr/text/AttrTextLayout.kt","tags":{"FILE_LINE_OF_CODE":"1874"}}
{"ts":1710922249458,"action":"FILE_CLOSED","file":"/crow-attr-text/src/main/kotlin/com/crow/attr/text/AttrTextLayout.kt","tags":{"FILE_LINE_OF_CODE":"1874"}}
{"ts":1710922249458,"action":"FILE_OPENED","file":"/crow-attr-text/src/main/kotlin/com/crow/attr/text/AttrTextFrameConfig.kt","tags":{"FILE_LINE_OF_CODE":"32"}}
{"ts":1710922254794,"action":"IDE_DEACTIVATED"}
{"ts":1710922300125,"action":"IDE_ACTIVATED"}
{"ts":1710922303534,"action":"IDE_DEACTIVATED"}
{"ts":1710922305389,"action":"IDE_ACTIVATED"}
{"ts":1710922338941,"action":"IDE_DEACTIVATED"}
{"ts":1710922349103,"action":"IDE_ACTIVATED"}
{"ts":1710922349667,"action":"IDE_DEACTIVATED"}
{"ts":1710922352072,"action":"IDE_ACTIVATED"}
{"ts":1710922355953,"action":"IDE_DEACTIVATED"}
{"ts":1710922356445,"action":"IDE_ACTIVATED"}
{"ts":1710922373035,"action":"IDE_DEACTIVATED"}
{"ts":1710922374070,"action":"IDE_ACTIVATED"}
{"ts":1710922377462,"action":"IDE_DEACTIVATED"}
{"ts":1710922377663,"action":"IDE_ACTIVATED"}
{"ts":1710922377673,"action":"IDE_DEACTIVATED"}
{"ts":1710922381561,"action":"IDE_ACTIVATED"}
{"ts":1710922386427,"action":"IDE_DEACTIVATED"}
{"ts":1710922412360,"action":"IDE_ACTIVATED"}
{"ts":1710922413208,"action":"IDE_DEACTIVATED"}
{"ts":1710922415562,"action":"IDE_ACTIVATED"}
{"ts":1710922418257,"action":"IDE_DEACTIVATED"}
{"ts":1710922419079,"action":"IDE_ACTIVATED"}
{"ts":1710922420124,"action":"IDE_DEACTIVATED"}
{"ts":1710922445862,"action":"IDE_ACTIVATED"}
{"ts":1710922449543,"action":"IDE_DEACTIVATED"}
{"ts":1710922459673,"action":"IDE_ACTIVATED"}
{"ts":1710922474021,"action":"IDE_DEACTIVATED"}
{"ts":1710922475165,"action":"IDE_ACTIVATED"}
{"ts":1710922480192,"action":"IDE_DEACTIVATED"}
{"ts":1710922507624,"action":"IDE_ACTIVATED"}
{"ts":1710922513188,"action":"IDE_DEACTIVATED"}
{"ts":1710922521408,"action":"IDE_ACTIVATED"}
{"ts":1710922522741,"action":"IDE_DEACTIVATED"}
{"ts":1710922525379,"action":"IDE_ACTIVATED"}
{"ts":1710922526292,"action":"IDE_DEACTIVATED"}
{"ts":1710922529060,"action":"IDE_ACTIVATED"}
{"ts":1710922542625,"action":"IDE_DEACTIVATED"}
{"ts":1710922568112,"action":"IDE_ACTIVATED"}
{"ts":1710922571567,"action":"IDE_DEACTIVATED"}
{"ts":1710922584199,"action":"IDE_ACTIVATED"}
{"ts":1710922589417,"action":"IDE_DEACTIVATED"}
{"ts":1710922609148,"action":"IDE_ACTIVATED"}
{"ts":1710922635028,"action":"IDE_DEACTIVATED"}
{"ts":1710922653582,"action":"IDE_ACTIVATED"}
{"ts":1710922655026,"action":"FILE_CLOSED","file":"/crow-attr-text/src/main/kotlin/com/crow/attr/text/AttrTextFrameConfig.kt","tags":{"FILE_LINE_OF_CODE":"32"}}
{"ts":1710922655026,"action":"FILE_OPENED","file":"/crow-attr-text/src/main/kotlin/com/crow/attr/text/AttrTextLayout.kt","tags":{"FILE_LINE_OF_CODE":"1874"}}
{"ts":1710922819417,"action":"IDE_DEACTIVATED"}
{"ts":1710922823512,"action":"IDE_ACTIVATED"}
{"ts":1710922848350,"action":"IDE_DEACTIVATED"}
{"ts":1710922860056,"action":"IDE_ACTIVATED"}
{"ts":1710922892715,"action":"IDE_DEACTIVATED"}
{"ts":1710922895219,"action":"IDE_ACTIVATED"}
{"ts":1710923052648,"action":"IDE_DEACTIVATED"}
{"ts":1710923072397,"action":"IDE_ACTIVATED"}
{"ts":1710923074198,"action":"IDE_DEACTIVATED"}
{"ts":1710923074331,"action":"IDE_ACTIVATED"}
{"ts":1710923075181,"action":"IDE_DEACTIVATED"}
{"ts":1710923075310,"action":"IDE_ACTIVATED"}
{"ts":1710923076009,"action":"IDE_DEACTIVATED"}
{"ts":1710923076139,"action":"IDE_ACTIVATED"}
{"ts":1710923076526,"action":"IDE_DEACTIVATED"}
{"ts":1710923076642,"action":"IDE_ACTIVATED"}
{"ts":1710923077125,"action":"IDE_DEACTIVATED"}
{"ts":1710923080278,"action":"IDE_ACTIVATED"}
{"ts":1710923082517,"action":"IDE_DEACTIVATED"}
{"ts":1710923167637,"action":"IDE_ACTIVATED"}
{"ts":1710923173130,"action":"FILE_CLOSED","file":"/crow-attr-text/src/main/kotlin/com/crow/attr/text/AttrTextLayout.kt","tags":{"FILE_LINE_OF_CODE":"1874"}}
{"ts":1710923173130,"action":"FILE_OPENED","file":"/crow-attr-text/src/main/kotlin/com/crow/attr/text/AttrTextFrameConfig.kt","tags":{"FILE_LINE_OF_CODE":"32"}}
{"ts":1710923174941,"action":"FILE_CLOSED","file":"/crow-attr-text/src/main/kotlin/com/crow/attr/text/AttrTextFrameConfig.kt","tags":{"FILE_LINE_OF_CODE":"32"}}
{"ts":1710923174941,"action":"FILE_OPENED","file":"/crow-attr-text/src/main/kotlin/com/crow/attr/text/AttrTextView.kt","tags":{"FILE_LINE_OF_CODE":"784"}}
{"ts":1710923176481,"action":"FILE_CLOSED","file":"/crow-attr-text/src/main/kotlin/com/crow/attr/text/AttrTextView.kt","tags":{"FILE_LINE_OF_CODE":"784"}}
{"ts":1710923176481,"action":"FILE_OPENED","file":"/crow-attr-text/src/main/kotlin/com/crow/attr/text/AttrTextLayout.kt","tags":{"FILE_LINE_OF_CODE":"1874"}}
{"ts":1710923243446,"action":"IDE_DEACTIVATED"}
{"ts":1710923270994,"action":"IDE_ACTIVATED"}
{"ts":1710923620143,"action":"FILE_CLOSED","file":"/crow-attr-text/src/main/kotlin/com/crow/attr/text/AttrTextLayout.kt","tags":{"FILE_LINE_OF_CODE":"1876"}}
{"ts":1710923620143,"action":"FILE_OPENED","file":"/app/src/main/res/layout/activity_main.xml","tags":{"FILE_LINE_OF_CODE":"212"}}
{"ts":1710923622454,"action":"FILE_CLOSED","file":"/app/src/main/res/layout/activity_main.xml","tags":{"FILE_LINE_OF_CODE":"212"}}
{"ts":1710923622454,"action":"FILE_OPENED","file":"/crow-attr-text/src/main/kotlin/com/crow/attr/text/AttrTextFrameConfig.kt","tags":{"FILE_LINE_OF_CODE":"32"}}
{"ts":1710923623606,"action":"FILE_CLOSED","file":"/crow-attr-text/src/main/kotlin/com/crow/attr/text/AttrTextFrameConfig.kt","tags":{"FILE_LINE_OF_CODE":"32"}}
{"ts":1710923623606,"action":"FILE_OPENED","file":"/app/src/main/res/layout/activity_main.xml","tags":{"FILE_LINE_OF_CODE":"212"}}
{"ts":1710923624220,"action":"FILE_CLOSED","file":"/app/src/main/res/layout/activity_main.xml","tags":{"FILE_LINE_OF_CODE":"212"}}
{"ts":1710923624220,"action":"FILE_OPENED","file":"/crow-attr-text/src/main/kotlin/com/crow/attr/text/AttrTextFrameConfig.kt","tags":{"FILE_LINE_OF_CODE":"32"}}
{"ts":1710923624690,"action":"FILE_CLOSED","file":"/crow-attr-text/src/main/kotlin/com/crow/attr/text/AttrTextFrameConfig.kt","tags":{"FILE_LINE_OF_CODE":"32"}}
{"ts":1710923624690,"action":"FILE_OPENED","file":"/crow-attr-text/src/main/kotlin/com/crow/attr/text/AttrTextLayout.kt","tags":{"FILE_LINE_OF_CODE":"1876"}}
{"ts":1710923627597,"action":"FILE_CLOSED","file":"/crow-attr-text/src/main/kotlin/com/crow/attr/text/AttrTextLayout.kt","tags":{"FILE_LINE_OF_CODE":"1876"}}
{"ts":1710923627597,"action":"FILE_OPENED","file":"/app/src/main/res/layout/activity_main.xml","tags":{"FILE_LINE_OF_CODE":"212"}}
{"ts":1710923632284,"action":"FILE_CLOSED","file":"/app/src/main/res/layout/activity_main.xml","tags":{"FILE_LINE_OF_CODE":"212"}}
{"ts":1710923632284,"action":"FILE_OPENED","file":"/crow-attr-text/src/main/kotlin/com/crow/attr/text/AttrTextLayout.kt","tags":{"FILE_LINE_OF_CODE":"1876"}}
{"ts":1710923634199,"action":"FILE_CLOSED","file":"/crow-attr-text/src/main/kotlin/com/crow/attr/text/AttrTextLayout.kt","tags":{"FILE_LINE_OF_CODE":"1876"}}
{"ts":1710923634199,"action":"FILE_OPENED","file":"/app/src/main/res/layout/activity_main.xml","tags":{"FILE_LINE_OF_CODE":"212"}}
{"ts":1710923635611,"action":"FILE_CLOSED","file":"/app/src/main/res/layout/activity_main.xml","tags":{"FILE_LINE_OF_CODE":"212"}}
{"ts":1710923635611,"action":"FILE_OPENED","file":"/crow-attr-text/src/main/kotlin/com/crow/attr/text/AttrTextLayout.kt","tags":{"FILE_LINE_OF_CODE":"1876"}}
{"ts":1710923660756,"action":"FILE_CLOSED","file":"/crow-attr-text/src/main/kotlin/com/crow/attr/text/AttrTextLayout.kt","tags":{"FILE_LINE_OF_CODE":"1875"}}
{"ts":1710923660756,"action":"FILE_OPENED","file":"/crow-attr-text/src/main/kotlin/com/crow/attr/text/AttrTextView.kt","tags":{"FILE_LINE_OF_CODE":"784"}}
{"ts":1710923965657,"action":"FILE_CLOSED","file":"/crow-attr-text/src/main/kotlin/com/crow/attr/text/AttrTextView.kt","tags":{"FILE_LINE_OF_CODE":"797"}}
{"ts":1710923965657,"action":"FILE_OPENED","file":"/app/src/main/assets/content/Content_backup.txt","tags":{"FILE_LINE_OF_CODE":"17"}}
{"ts":1710923966499,"action":"FILE_CLOSED","file":"/app/src/main/assets/content/Content_backup.txt","tags":{"FILE_LINE_OF_CODE":"17"}}
{"ts":1710923966499,"action":"FILE_OPENED","file":"/crow-attr-text/src/main/res/values/attrs_text.xml","tags":{"FILE_LINE_OF_CODE":"96"}}
{"ts":1710923967119,"action":"FILE_CLOSED","file":"/crow-attr-text/src/main/res/values/attrs_text.xml","tags":{"FILE_LINE_OF_CODE":"96"}}
{"ts":1710923967119,"action":"FILE_OPENED","file":"/crow-attr-text/src/main/kotlin/com/crow/attr/text/AttrTextFrameConfig.kt","tags":{"FILE_LINE_OF_CODE":"32"}}
{"ts":1710923967534,"action":"FILE_CLOSED","file":"/crow-attr-text/src/main/kotlin/com/crow/attr/text/AttrTextFrameConfig.kt","tags":{"FILE_LINE_OF_CODE":"32"}}
{"ts":1710923967534,"action":"FILE_OPENED","file":"/crow-attr-text/src/main/kotlin/com/crow/attr/text/AttrTextLayout.kt","tags":{"FILE_LINE_OF_CODE":"1875"}}
{"ts":1710924016577,"action":"IDE_DEACTIVATED"}
{"ts":1710924018048,"action":"IDE_ACTIVATED"}
{"ts":1710924194326,"action":"FILE_CLOSED","file":"/crow-attr-text/src/main/kotlin/com/crow/attr/text/AttrTextLayout.kt","tags":{"FILE_LINE_OF_CODE":"1878"}}
{"ts":1710924194326,"action":"FILE_OPENED","file":"/crow-attr-text/src/main/kotlin/com/crow/attr/text/AttrTextFrameConfig.kt","tags":{"FILE_LINE_OF_CODE":"32"}}
{"ts":1710924272047,"action":"FILE_CLOSED","file":"/crow-attr-text/src/main/kotlin/com/crow/attr/text/AttrTextFrameConfig.kt","tags":{"FILE_LINE_OF_CODE":"32"}}
{"ts":1710924272047,"action":"FILE_OPENED","file":"/app/src/main/res/layout/activity_main.xml","tags":{"FILE_LINE_OF_CODE":"212"}}
{"ts":1710924273651,"action":"FILE_CLOSED","file":"/app/src/main/res/layout/activity_main.xml","tags":{"FILE_LINE_OF_CODE":"212"}}
{"ts":1710924273651,"action":"FILE_OPENED","file":"/crow-attr-text/src/main/kotlin/com/crow/attr/text/AttrTextFrameConfig.kt","tags":{"FILE_LINE_OF_CODE":"32"}}
{"ts":1710924275417,"action":"FILE_CLOSED","file":"/crow-attr-text/src/main/kotlin/com/crow/attr/text/AttrTextFrameConfig.kt","tags":{"FILE_LINE_OF_CODE":"32"}}
{"ts":1710924275417,"action":"FILE_OPENED","file":"/crow-attr-text/src/main/kotlin/com/crow/attr/text/AttrTextLayout.kt","tags":{"FILE_LINE_OF_CODE":"1878"}}
{"ts":1710924300061,"action":"FILE_CLOSED","file":"/crow-attr-text/src/main/kotlin/com/crow/attr/text/AttrTextLayout.kt","tags":{"FILE_LINE_OF_CODE":"1874"}}
{"ts":1710924300061,"action":"FILE_OPENED","file":"/crow-attr-text/src/main/kotlin/com/crow/attr/text/AttrTextView.kt","tags":{"FILE_LINE_OF_CODE":"797"}}
{"ts":1710924323143,"action":"FILE_CLOSED","file":"/crow-attr-text/src/main/kotlin/com/crow/attr/text/AttrTextView.kt","tags":{"FILE_LINE_OF_CODE":"785"}}
{"ts":1710924323143,"action":"FILE_OPENED","file":"/crow-attr-text/src/main/res/values/attrs_text.xml","tags":{"FILE_LINE_OF_CODE":"96"}}
{"ts":1710924326046,"action":"FILE_CLOSED","file":"/crow-attr-text/src/main/res/values/attrs_text.xml","tags":{"FILE_LINE_OF_CODE":"96"}}
{"ts":1710924326046,"action":"FILE_OPENED","file":"/crow-attr-text/src/main/kotlin/com/crow/attr/text/AttrTextFrameConfig.kt","tags":{"FILE_LINE_OF_CODE":"32"}}
{"ts":1710924326729,"action":"FILE_CLOSED","file":"/crow-attr-text/src/main/kotlin/com/crow/attr/text/AttrTextFrameConfig.kt","tags":{"FILE_LINE_OF_CODE":"32"}}
{"ts":1710924326729,"action":"FILE_OPENED","file":"/crow-attr-text/src/main/kotlin/com/crow/attr/text/AttrTextLayout.kt","tags":{"FILE_LINE_OF_CODE":"1874"}}
{"ts":1710924328000,"action":"FILE_CLOSED","file":"/crow-attr-text/src/main/kotlin/com/crow/attr/text/AttrTextLayout.kt","tags":{"FILE_LINE_OF_CODE":"1874"}}
{"ts":1710924328000,"action":"FILE_OPENED","file":"/app/src/main/assets/content/Content.txt","tags":{"FILE_LINE_OF_CODE":"1"}}
{"ts":1710924329044,"action":"FILE_CLOSED","file":"/app/src/main/assets/content/Content.txt","tags":{"FILE_LINE_OF_CODE":"1"}}
{"ts":1710924329044,"action":"FILE_OPENED","file":"/app/src/main/res/layout/activity_main.xml","tags":{"FILE_LINE_OF_CODE":"212"}}
{"ts":1710924377935,"action":"FILE_CLOSED","file":"/app/src/main/res/layout/activity_main.xml","tags":{"FILE_LINE_OF_CODE":"212"}}
{"ts":1710924377935,"action":"FILE_OPENED","file":"/crow-attr-text/src/main/kotlin/com/crow/attr/text/AttrTextFrameConfig.kt","tags":{"FILE_LINE_OF_CODE":"32"}}
{"ts":1710924485802,"action":"FILE_CLOSED","file":"/crow-attr-text/src/main/kotlin/com/crow/attr/text/AttrTextFrameConfig.kt","tags":{"FILE_LINE_OF_CODE":"32"}}
{"ts":1710924485802,"action":"FILE_OPENED","file":"/crow-attr-text/src/main/kotlin/com/crow/attr/text/AttrTextLayout.kt","tags":{"FILE_LINE_OF_CODE":"1874"}}
{"ts":1710924535876,"action":"FILE_CLOSED","file":"/crow-attr-text/src/main/kotlin/com/crow/attr/text/AttrTextLayout.kt","tags":{"FILE_LINE_OF_CODE":"1877"}}
{"ts":1710924537380,"action":"FILE_OPENED","file":"/crow-attr-text/src/main/kotlin/com/crow/attr/text/AttrTextLayout.kt","tags":{"FILE_LINE_OF_CODE":"1877"}}
{"ts":1710924715811,"action":"FILE_CLOSED","file":"/crow-attr-text/src/main/kotlin/com/crow/attr/text/AttrTextLayout.kt","tags":{"FILE_LINE_OF_CODE":"1874"}}
{"ts":1710924715811,"action":"FILE_OPENED","file":"/crow-attr-text/src/main/kotlin/com/crow/attr/text/AttrTextFrameConfig.kt","tags":{"FILE_LINE_OF_CODE":"32"}}
{"ts":1710924720262,"action":"IDE_DEACTIVATED"}
{"ts":1710924802455,"action":"IDE_ACTIVATED"}
{"ts":1710924806669,"action":"IDE_DEACTIVATED"}
{"ts":1710924808988,"action":"IDE_ACTIVATED"}
{"ts":1710924819680,"action":"IDE_DEACTIVATED"}
{"ts":1710924829021,"action":"IDE_ACTIVATED"}
{"ts":1710924860792,"action":"FILE_CLOSED","file":"/crow-attr-text/src/main/kotlin/com/crow/attr/text/AttrTextFrameConfig.kt","tags":{"FILE_LINE_OF_CODE":"32"}}
{"ts":1710924860792,"action":"FILE_OPENED","file":"/crow-attr-text/src/main/kotlin/com/crow/attr/text/AttrTextLayout.kt","tags":{"FILE_LINE_OF_CODE":"1874"}}
{"ts":1710924880005,"action":"IDE_DEACTIVATED"}
{"ts":1710925172494,"action":"IDE_ACTIVATED"}
{"ts":1710925173118,"action":"IDE_DEACTIVATED"}
{"ts":1710925173243,"action":"IDE_ACTIVATED"}
{"ts":1710925173824,"action":"IDE_DEACTIVATED"}
{"ts":1710925173931,"action":"IDE_ACTIVATED"}
{"ts":1710925176081,"action":"FILE_CLOSED","file":"/crow-attr-text/src/main/kotlin/com/crow/attr/text/AttrTextLayout.kt","tags":{"FILE_LINE_OF_CODE":"1874"}}
{"ts":1710925176081,"action":"FILE_OPENED","file":"/crow-attr-text/src/main/kotlin/com/crow/attr/text/AttrTextFrameConfig.kt","tags":{"FILE_LINE_OF_CODE":"32"}}
{"ts":1710925180071,"action":"FILE_CLOSED","file":"/crow-attr-text/src/main/kotlin/com/crow/attr/text/AttrTextFrameConfig.kt","tags":{"FILE_LINE_OF_CODE":"32"}}
{"ts":1710925180071,"action":"FILE_OPENED","file":"/crow-attr-text/src/main/kotlin/com/crow/attr/text/AttrTextView.kt","tags":{"FILE_LINE_OF_CODE":"785"}}
{"ts":1710925214969,"action":"IDE_DEACTIVATED"}
{"ts":1710925215093,"action":"IDE_ACTIVATED"}
{"ts":1710925215624,"action":"IDE_DEACTIVATED"}
{"ts":1710925254392,"action":"IDE_ACTIVATED"}
{"ts":1710925267373,"action":"IDE_DEACTIVATED"}
{"ts":1710925267451,"action":"IDE_ACTIVATED"}
{"ts":1710925271609,"action":"FILE_CLOSED","file":"/crow-attr-text/src/main/kotlin/com/crow/attr/text/AttrTextView.kt","tags":{"FILE_LINE_OF_CODE":"781"}}
{"ts":1710925271609,"action":"FILE_OPENED","file":"/crow-attr-text/src/main/kotlin/com/crow/attr/text/AttrTextLayout.kt","tags":{"FILE_LINE_OF_CODE":"1874"}}
{"ts":1710925314870,"action":"IDE_DEACTIVATED"}
{"ts":1710925314939,"action":"IDE_ACTIVATED"}
{"ts":1710925315379,"action":"IDE_DEACTIVATED"}
{"ts":1710925316036,"action":"IDE_ACTIVATED"}
{"ts":1710925316204,"action":"IDE_DEACTIVATED"}
{"ts":1710925318462,"action":"IDE_ACTIVATED"}
{"ts":1710925347872,"action":"FILE_CLOSED","file":"/crow-attr-text/src/main/kotlin/com/crow/attr/text/AttrTextLayout.kt","tags":{"FILE_LINE_OF_CODE":"1876"}}
{"ts":1710925347872,"action":"FILE_OPENED","file":"/app/src/main/res/layout/activity_main.xml","tags":{"FILE_LINE_OF_CODE":"212"}}
{"ts":1710925381809,"action":"FILE_CLOSED","file":"/app/src/main/res/layout/activity_main.xml","tags":{"FILE_LINE_OF_CODE":"212"}}
{"ts":1710925381809,"action":"FILE_OPENED","file":"/crow-attr-text/src/main/kotlin/com/crow/attr/text/AttrTextFrameConfig.kt","tags":{"FILE_LINE_OF_CODE":"32"}}
{"ts":1710925382805,"action":"FILE_CLOSED","file":"/crow-attr-text/src/main/kotlin/com/crow/attr/text/AttrTextFrameConfig.kt","tags":{"FILE_LINE_OF_CODE":"32"}}
{"ts":1710925382805,"action":"FILE_OPENED","file":"/crow-attr-text/src/main/kotlin/com/crow/attr/text/AttrTextLayout.kt","tags":{"FILE_LINE_OF_CODE":"1876"}}
{"ts":1710925452026,"action":"FILE_CLOSED","file":"/crow-attr-text/src/main/kotlin/com/crow/attr/text/AttrTextLayout.kt","tags":{"FILE_LINE_OF_CODE":"1877"}}
{"ts":1710925452026,"action":"FILE_OPENED","file":"/crow-attr-text/src/main/kotlin/com/crow/attr/text/AttrTextView.kt","tags":{"FILE_LINE_OF_CODE":"781"}}
{"ts":1710925454468,"action":"FILE_CLOSED","file":"/crow-attr-text/src/main/kotlin/com/crow/attr/text/AttrTextView.kt","tags":{"FILE_LINE_OF_CODE":"781"}}
{"ts":1710925454468,"action":"FILE_OPENED","file":"/crow-attr-text/src/main/kotlin/com/crow/attr/text/AttrTextLayout.kt","tags":{"FILE_LINE_OF_CODE":"1877"}}
{"ts":1710925464443,"action":"FILE_CLOSED","file":"/crow-attr-text/src/main/kotlin/com/crow/attr/text/AttrTextLayout.kt","tags":{"FILE_LINE_OF_CODE":"1878"}}
{"ts":1710925468219,"action":"FILE_OPENED","file":"/crow-attr-text/src/main/kotlin/com/crow/attr/text/AttrTextLayout.kt","tags":{"FILE_LINE_OF_CODE":"1878"}}
{"ts":1710925632273,"action":"FILE_CLOSED","file":"/crow-attr-text/src/main/kotlin/com/crow/attr/text/AttrTextLayout.kt","tags":{"FILE_LINE_OF_CODE":"1880"}}
{"ts":1710925634659,"action":"FILE_OPENED","file":"/crow-attr-text/src/main/kotlin/com/crow/attr/text/AttrTextLayout.kt","tags":{"FILE_LINE_OF_CODE":"1880"}}
{"ts":1710925762507,"action":"IDE_DEACTIVATED"}
{"ts":1710925768449,"action":"IDE_ACTIVATED"}
{"ts":1710925955973,"action":"FILE_CLOSED","file":"/crow-attr-text/src/main/kotlin/com/crow/attr/text/AttrTextLayout.kt","tags":{"FILE_LINE_OF_CODE":"1879"}}
{"ts":1710925955973,"action":"FILE_OPENED","file":"/crow-attr-text/src/main/kotlin/com/crow/attr/text/AttrTextView.kt","tags":{"FILE_LINE_OF_CODE":"781"}}
{"ts":1710925966381,"action":"FILE_CLOSED","file":"/crow-attr-text/src/main/kotlin/com/crow/attr/text/AttrTextView.kt","tags":{"FILE_LINE_OF_CODE":"781"}}
{"ts":1710925966381,"action":"FILE_OPENED","file":"/crow-attr-text/src/main/res/values/attrs_text.xml","tags":{"FILE_LINE_OF_CODE":"96"}}
{"ts":1710925966912,"action":"FILE_CLOSED","file":"/crow-attr-text/src/main/res/values/attrs_text.xml","tags":{"FILE_LINE_OF_CODE":"96"}}
{"ts":1710925966912,"action":"FILE_OPENED","file":"/app/src/main/assets/content/Content.txt","tags":{"FILE_LINE_OF_CODE":"1"}}
{"ts":1710925967466,"action":"FILE_CLOSED","file":"/app/src/main/assets/content/Content.txt","tags":{"FILE_LINE_OF_CODE":"1"}}
{"ts":1710925967466,"action":"FILE_OPENED","file":"/app/src/main/res/layout/activity_main.xml","tags":{"FILE_LINE_OF_CODE":"212"}}
{"ts":1710925968045,"action":"FILE_CLOSED","file":"/app/src/main/res/layout/activity_main.xml","tags":{"FILE_LINE_OF_CODE":"212"}}
{"ts":1710925968045,"action":"FILE_OPENED","file":"/crow-attr-text/src/main/kotlin/com/crow/attr/text/AttrTextFrameConfig.kt","tags":{"FILE_LINE_OF_CODE":"32"}}
{"ts":1710925968586,"action":"FILE_CLOSED","file":"/crow-attr-text/src/main/kotlin/com/crow/attr/text/AttrTextFrameConfig.kt","tags":{"FILE_LINE_OF_CODE":"32"}}
{"ts":1710925968586,"action":"FILE_OPENED","file":"/crow-attr-text/src/main/kotlin/com/crow/attr/text/AttrTextLayout.kt","tags":{"FILE_LINE_OF_CODE":"1879"}}
{"ts":1710925978994,"action":"FILE_CLOSED","file":"/crow-attr-text/src/main/kotlin/com/crow/attr/text/AttrTextLayout.kt","tags":{"FILE_LINE_OF_CODE":"1879"}}
{"ts":1710925978994,"action":"FILE_OPENED","file":"/crow-attr-text/src/main/kotlin/com/crow/attr/text/AttrTextFrameConfig.kt","tags":{"FILE_LINE_OF_CODE":"32"}}
{"ts":1710925980107,"action":"FILE_CLOSED","file":"/crow-attr-text/src/main/kotlin/com/crow/attr/text/AttrTextFrameConfig.kt","tags":{"FILE_LINE_OF_CODE":"32"}}
{"ts":1710925980107,"action":"FILE_OPENED","file":"/app/src/main/res/layout/activity_main.xml","tags":{"FILE_LINE_OF_CODE":"212"}}
{"ts":1710926002278,"action":"FILE_CLOSED","file":"/app/src/main/res/layout/activity_main.xml","tags":{"FILE_LINE_OF_CODE":"212"}}
{"ts":1710926002278,"action":"FILE_OPENED","file":"/crow-attr-text/src/main/kotlin/com/crow/attr/text/AttrTextLayout.kt","tags":{"FILE_LINE_OF_CODE":"1879"}}
{"ts":1710926117592,"action":"FILE_CLOSED","file":"/crow-attr-text/src/main/kotlin/com/crow/attr/text/AttrTextLayout.kt","tags":{"FILE_LINE_OF_CODE":"1878"}}
{"ts":1710926117592,"action":"FILE_OPENED","file":"/app/src/main/res/layout/activity_main.xml","tags":{"FILE_LINE_OF_CODE":"212"}}
{"ts":1710926167100,"action":"IDE_DEACTIVATED"}
{"ts":1710926201748,"action":"IDE_ACTIVATED"}
{"ts":1710926202645,"action":"IDE_DEACTIVATED"}
{"ts":1710926250462,"action":"IDE_ACTIVATED"}
{"ts":1710926263394,"action":"IDE_DEACTIVATED"}
{"ts":1710926273715,"action":"IDE_ACTIVATED"}
{"ts":1710926323921,"action":"FILE_CLOSED","file":"/app/src/main/res/layout/activity_main.xml","tags":{"FILE_LINE_OF_CODE":"212"}}
{"ts":1710926337647,"action":"IDE_DEACTIVATED"}
{"ts":1710926338302,"action":"IDE_ACTIVATED"}
{"ts":1710926354096,"action":"FILE_OPENED","file":"/.gitignore","tags":{"FILE_LINE_OF_CODE":"16"}}
{"ts":1710926361483,"action":"FILE_CLOSED","file":"/.gitignore","tags":{"FILE_LINE_OF_CODE":"16"}}
{"ts":1710926361483,"action":"FILE_OPENED","file":"/crow-attr-text/.gitignore","tags":{"FILE_LINE_OF_CODE":"2"}}
{"ts":1710926368925,"action":"FILE_CLOSED","file":"/crow-attr-text/.gitignore","tags":{"FILE_LINE_OF_CODE":"2"}}
{"ts":1710926368925,"action":"FILE_OPENED","file":"/.gitignore","tags":{"FILE_LINE_OF_CODE":"16"}}
{"ts":1710926395165,"action":"IDE_DEACTIVATED"}
{"ts":1710926445117,"action":"IDE_ACTIVATED"}
{"ts":1710926447639,"action":"FILE_CLOSED","file":"/.gitignore","tags":{"FILE_LINE_OF_CODE":"17"}}
{"ts":1710926447639,"action":"FILE_OPENED","file":"/crow-attr-text/src/main/kotlin/com/crow/attr/text/AttrTextLayout.kt","tags":{"FILE_LINE_OF_CODE":"1878"}}
{"ts":1710926449903,"action":"FILE_CLOSED","file":"/crow-attr-text/src/main/kotlin/com/crow/attr/text/AttrTextLayout.kt","tags":{"FILE_LINE_OF_CODE":"1878"}}
{"ts":1710926449903,"action":"FILE_OPENED","file":"/crow-attr-text/src/main/kotlin/com/crow/attr/text/IAttrText.kt","tags":{"FILE_LINE_OF_CODE":"276"}}
{"ts":1710926469339,"action":"IDE_DEACTIVATED"}
{"ts":1710926498551,"action":"IDE_ACTIVATED"}
{"ts":1710926524919,"action":"FILE_CLOSED","file":"/crow-attr-text/src/main/kotlin/com/crow/attr/text/IAttrText.kt","tags":{"FILE_LINE_OF_CODE":"276"}}
{"ts":1710926524919,"action":"FILE_OPENED","file":"/gradle.properties","tags":{"FILE_LINE_OF_CODE":"44"}}
{"ts":1710926572013,"action":"IDE_DEACTIVATED"}
{"ts":1710926572802,"action":"IDE_ACTIVATED"}
{"ts":1710926575141,"action":"IDE_DEACTIVATED"}
{"ts":1710926589332,"action":"IDE_ACTIVATED"}
{"ts":1710926590676,"action":"IDE_DEACTIVATED"}
{"ts":1710926596957,"action":"IDE_ACTIVATED"}
{"ts":1710926599504,"action":"IDE_DEACTIVATED"}
{"ts":1710926613540,"action":"IDE_ACTIVATED"}
{"ts":1710926613820,"action":"IDE_DEACTIVATED"}
{"ts":1710926614981,"action":"IDE_ACTIVATED"}
{"ts":1710926617526,"action":"IDE_DEACTIVATED"}
{"ts":1710926704642,"action":"IDE_ACTIVATED"}
{"ts":1710926706499,"action":"FILE_CLOSED","file":"/gradle.properties","tags":{"FILE_LINE_OF_CODE":"44"}}
{"ts":1710926706992,"action":"FILE_OPENED","file":"/app/src/main/res/layout/activity_main.xml","tags":{"FILE_LINE_OF_CODE":"212"}}
{"ts":1710926707381,"action":"FILE_CLOSED","file":"/app/src/main/res/layout/activity_main.xml","tags":{"FILE_LINE_OF_CODE":"212"}}
{"ts":1710926707381,"action":"FILE_OPENED","file":"/crow-attr-text/src/main/kotlin/com/crow/attr/text/AttrTextFrameConfig.kt","tags":{"FILE_LINE_OF_CODE":"32"}}
{"ts":1710926709302,"action":"FILE_CLOSED","file":"/crow-attr-text/src/main/kotlin/com/crow/attr/text/AttrTextFrameConfig.kt","tags":{"FILE_LINE_OF_CODE":"32"}}
{"ts":1710926709302,"action":"FILE_OPENED","file":"/crow-attr-text/src/main/kotlin/com/crow/attr/text/IAttrText.kt","tags":{"FILE_LINE_OF_CODE":"276"}}
{"ts":1710926717168,"action":"IDE_DEACTIVATED"}
{"ts":1710926844565,"action":"IDE_ACTIVATED"}
{"ts":1710926847457,"action":"FILE_CLOSED","file":"/crow-attr-text/src/main/kotlin/com/crow/attr/text/IAttrText.kt","tags":{"FILE_LINE_OF_CODE":"276"}}
{"ts":1710926847457,"action":"FILE_OPENED","file":"/crow-attr-text/src/main/kotlin/com/crow/attr/text/AttrTextLayout.kt","tags":{"FILE_LINE_OF_CODE":"1878"}}
{"ts":1710926848129,"action":"FILE_CLOSED","file":"/crow-attr-text/src/main/kotlin/com/crow/attr/text/AttrTextLayout.kt","tags":{"FILE_LINE_OF_CODE":"1878"}}
{"ts":1710926848129,"action":"FILE_OPENED","file":"/crow-attr-text/src/main/kotlin/com/crow/attr/text/AttrTextView.kt","tags":{"FILE_LINE_OF_CODE":"781"}}
{"ts":1710926850500,"action":"FILE_CLOSED","file":"/crow-attr-text/src/main/kotlin/com/crow/attr/text/AttrTextView.kt","tags":{"FILE_LINE_OF_CODE":"781"}}
{"ts":1710926850500,"action":"FILE_OPENED","file":"/crow-attr-text/src/main/kotlin/com/crow/attr/text/AttrTextLayout.kt","tags":{"FILE_LINE_OF_CODE":"1878"}}
{"ts":1710926853911,"action":"FILE_CLOSED","file":"/crow-attr-text/src/main/kotlin/com/crow/attr/text/AttrTextLayout.kt","tags":{"FILE_LINE_OF_CODE":"1878"}}
{"ts":1710926853911,"action":"FILE_OPENED","file":"/crow-attr-text/src/main/kotlin/com/crow/attr/text/AttrTextView.kt","tags":{"FILE_LINE_OF_CODE":"781"}}
{"ts":1710926857165,"action":"IDE_DEACTIVATED"}
{"ts":1710926880908,"action":"IDE_ACTIVATED"}
{"ts":1710926886309,"action":"IDE_DEACTIVATED"}
{"ts":1710926922743,"action":"IDE_ACTIVATED"}
{"ts":1710926924754,"action":"IDE_DEACTIVATED"}
{"ts":1710926925200,"action":"IDE_ACTIVATED"}
{"ts":1710926926427,"action":"IDE_DEACTIVATED"}
{"ts":1710926927636,"action":"IDE_ACTIVATED"}
{"ts":1710926928151,"action":"IDE_DEACTIVATED"}
{"ts":1710926928302,"action":"IDE_ACTIVATED"}
{"ts":1710926929144,"action":"IDE_DEACTIVATED"}
{"ts":1710926930069,"action":"IDE_ACTIVATED"}
{"ts":1710926930406,"action":"IDE_DEACTIVATED"}
{"ts":1710926930560,"action":"IDE_ACTIVATED"}
{"ts":1710926931184,"action":"IDE_DEACTIVATED"}
{"ts":1710926971391,"action":"IDE_ACTIVATED"}
{"ts":1710926973278,"action":"IDE_DEACTIVATED"}
{"ts":1710926976965,"action":"IDE_ACTIVATED"}
{"ts":1710926977514,"action":"IDE_DEACTIVATED"}
{"ts":1710927008913,"action":"IDE_ACTIVATED"}
{"ts":1710927014965,"action":"IDE_DEACTIVATED"}
{"ts":1710927026961,"action":"IDE_ACTIVATED"}
{"ts":1710927029894,"action":"IDE_DEACTIVATED"}
{"ts":1710927040270,"action":"IDE_ACTIVATED"}
{"ts":1710927040712,"action":"IDE_DEACTIVATED"}
{"ts":1710927174792,"action":"IDE_ACTIVATED"}
{"ts":1710927175289,"action":"IDE_DEACTIVATED"}
{"ts":1710927175331,"action":"IDE_ACTIVATED"}
{"ts":1710927176955,"action":"IDE_DEACTIVATED"}
{"ts":1710927307685,"action":"IDE_ACTIVATED"}
{"ts":1710927309854,"action":"IDE_DEACTIVATED"}
{"ts":1710927313742,"action":"IDE_ACTIVATED"}
{"ts":1710927315519,"action":"FILE_CLOSED","file":"/crow-attr-text/src/main/kotlin/com/crow/attr/text/AttrTextView.kt","tags":{"FILE_LINE_OF_CODE":"781"}}
{"ts":1710927315519,"action":"FILE_OPENED","file":"/app/src/main/res/layout/activity_main.xml","tags":{"FILE_LINE_OF_CODE":"212"}}
{"ts":1710927315897,"action":"FILE_CLOSED","file":"/app/src/main/res/layout/activity_main.xml","tags":{"FILE_LINE_OF_CODE":"212"}}
{"ts":1710927315897,"action":"FILE_OPENED","file":"/crow-attr-text/src/main/kotlin/com/crow/attr/text/AttrTextFrameConfig.kt","tags":{"FILE_LINE_OF_CODE":"32"}}
{"ts":1710927318494,"action":"IDE_DEACTIVATED"}
{"ts":1710927319554,"action":"IDE_ACTIVATED"}
{"ts":1710927320265,"action":"FILE_CLOSED","file":"/crow-attr-text/src/main/kotlin/com/crow/attr/text/AttrTextFrameConfig.kt","tags":{"FILE_LINE_OF_CODE":"32"}}
{"ts":1710927320265,"action":"FILE_OPENED","file":"/crow-attr-text/src/main/kotlin/com/crow/attr/text/AttrTextView.kt","tags":{"FILE_LINE_OF_CODE":"781"}}
{"ts":1710927322360,"action":"FILE_CLOSED","file":"/crow-attr-text/src/main/kotlin/com/crow/attr/text/AttrTextView.kt","tags":{"FILE_LINE_OF_CODE":"781"}}
{"ts":1710927322360,"action":"FILE_OPENED","file":"/app/src/main/res/layout/activity_main.xml","tags":{"FILE_LINE_OF_CODE":"212"}}
{"ts":1710927388534,"action":"IDE_DEACTIVATED"}
{"ts":1710927401699,"action":"IDE_ACTIVATED"}
{"ts":1710927406370,"action":"IDE_DEACTIVATED"}
{"ts":1710927449870,"action":"IDE_ACTIVATED"}
{"ts":1710927455598,"action":"IDE_DEACTIVATED"}
{"ts":1710927457373,"action":"IDE_ACTIVATED"}
{"ts":1710927457958,"action":"IDE_DEACTIVATED"}
{"ts":1710927458054,"action":"IDE_ACTIVATED"}
{"ts":1710927459952,"action":"FILE_CLOSED","file":"/app/src/main/res/layout/activity_main.xml","tags":{"FILE_LINE_OF_CODE":"213"}}
{"ts":1710927459952,"action":"FILE_OPENED","file":"/crow-attr-text/src/main/kotlin/com/crow/attr/text/AttrTextFrameConfig.kt","tags":{"FILE_LINE_OF_CODE":"32"}}
{"ts":1710927462118,"action":"FILE_CLOSED","file":"/crow-attr-text/src/main/kotlin/com/crow/attr/text/AttrTextFrameConfig.kt","tags":{"FILE_LINE_OF_CODE":"32"}}
{"ts":1710927462118,"action":"FILE_OPENED","file":"/crow-attr-text/src/main/kotlin/com/crow/attr/text/AttrTextView.kt","tags":{"FILE_LINE_OF_CODE":"781"}}
{"ts":1710927463561,"action":"FILE_CLOSED","file":"/crow-attr-text/src/main/kotlin/com/crow/attr/text/AttrTextView.kt","tags":{"FILE_LINE_OF_CODE":"781"}}
{"ts":1710927463561,"action":"FILE_OPENED","file":"/crow-attr-text/src/main/kotlin/com/crow/attr/text/AttrTextLayout.kt","tags":{"FILE_LINE_OF_CODE":"1878"}}
{"ts":1710927476105,"action":"FILE_CLOSED","file":"/crow-attr-text/src/main/kotlin/com/crow/attr/text/AttrTextLayout.kt","tags":{"FILE_LINE_OF_CODE":"1878"}}
{"ts":1710927476105,"action":"FILE_OPENED","file":"/crow-attr-text/src/main/kotlin/com/crow/attr/text/AttrTextView.kt","tags":{"FILE_LINE_OF_CODE":"781"}}
{"ts":1710927491992,"action":"FILE_CLOSED","file":"/crow-attr-text/src/main/kotlin/com/crow/attr/text/AttrTextView.kt","tags":{"FILE_LINE_OF_CODE":"781"}}
{"ts":1710927491992,"action":"FILE_OPENED","file":"/crow-attr-text/src/main/kotlin/com/crow/attr/text/AttrTextFrameConfig.kt","tags":{"FILE_LINE_OF_CODE":"32"}}
{"ts":1710927493103,"action":"FILE_CLOSED","file":"/crow-attr-text/src/main/kotlin/com/crow/attr/text/AttrTextFrameConfig.kt","tags":{"FILE_LINE_OF_CODE":"32"}}
{"ts":1710927493103,"action":"FILE_OPENED","file":"/crow-attr-text/src/main/kotlin/com/crow/attr/text/AttrTextView.kt","tags":{"FILE_LINE_OF_CODE":"781"}}
{"ts":1710927515629,"action":"FILE_CLOSED","file":"/crow-attr-text/src/main/kotlin/com/crow/attr/text/AttrTextView.kt","tags":{"FILE_LINE_OF_CODE":"781"}}
{"ts":1710927515629,"action":"FILE_OPENED","file":"/crow-attr-text/src/main/kotlin/com/crow/attr/text/AttrTextLayout.kt","tags":{"FILE_LINE_OF_CODE":"1878"}}
{"ts":1710927580583,"action":"FILE_CLOSED","file":"/crow-attr-text/src/main/kotlin/com/crow/attr/text/AttrTextLayout.kt","tags":{"FILE_LINE_OF_CODE":"1878"}}
{"ts":1710927580583,"action":"FILE_OPENED","file":"/crow-attr-text/src/main/kotlin/com/crow/attr/text/AttrTextView.kt","tags":{"FILE_LINE_OF_CODE":"781"}}
{"ts":1710927668535,"action":"FILE_CLOSED","file":"/crow-attr-text/src/main/kotlin/com/crow/attr/text/AttrTextView.kt","tags":{"FILE_LINE_OF_CODE":"781"}}
{"ts":1710927671021,"action":"FILE_OPENED","file":"/crow-attr-text/src/main/kotlin/com/crow/attr/text/AttrTextView.kt","tags":{"FILE_LINE_OF_CODE":"781"}}
{"ts":1710927671516,"action":"FILE_CLOSED","file":"/crow-attr-text/src/main/kotlin/com/crow/attr/text/AttrTextView.kt","tags":{"FILE_LINE_OF_CODE":"781"}}
{"ts":1710927671516,"action":"FILE_OPENED","file":"/crow-attr-text/src/main/kotlin/com/crow/attr/text/AttrTextLayout.kt","tags":{"FILE_LINE_OF_CODE":"1878"}}
{"ts":1710927673002,"action":"FILE_CLOSED","file":"/crow-attr-text/src/main/kotlin/com/crow/attr/text/AttrTextLayout.kt","tags":{"FILE_LINE_OF_CODE":"1878"}}
{"ts":1710927673002,"action":"FILE_OPENED","file":"/crow-attr-text/src/main/kotlin/com/crow/attr/text/AttrTextFrameConfig.kt","tags":{"FILE_LINE_OF_CODE":"32"}}
{"ts":1710927674033,"action":"FILE_CLOSED","file":"/crow-attr-text/src/main/kotlin/com/crow/attr/text/AttrTextFrameConfig.kt","tags":{"FILE_LINE_OF_CODE":"32"}}
{"ts":1710927674507,"action":"FILE_OPENED","file":"/crow-attr-text/src/main/kotlin/com/crow/attr/text/AttrTextView.kt","tags":{"FILE_LINE_OF_CODE":"781"}}
{"ts":1710927675909,"action":"FILE_CLOSED","file":"/crow-attr-text/src/main/kotlin/com/crow/attr/text/AttrTextView.kt","tags":{"FILE_LINE_OF_CODE":"781"}}
{"ts":1710927675909,"action":"FILE_OPENED","file":"/app/src/main/res/layout/activity_main.xml","tags":{"FILE_LINE_OF_CODE":"213"}}
{"ts":1710927676999,"action":"FILE_CLOSED","file":"/app/src/main/res/layout/activity_main.xml","tags":{"FILE_LINE_OF_CODE":"213"}}
{"ts":1710927676999,"action":"FILE_OPENED","file":"/crow-attr-text/src/main/kotlin/com/crow/attr/text/AttrTextFrameConfig.kt","tags":{"FILE_LINE_OF_CODE":"32"}}
{"ts":1710927679438,"action":"FILE_CLOSED","file":"/crow-attr-text/src/main/kotlin/com/crow/attr/text/AttrTextFrameConfig.kt","tags":{"FILE_LINE_OF_CODE":"32"}}
{"ts":1710927679438,"action":"FILE_OPENED","file":"/crow-attr-text/src/main/kotlin/com/crow/attr/text/AttrTextLayout.kt","tags":{"FILE_LINE_OF_CODE":"1878"}}
{"ts":1710927687440,"action":"FILE_CLOSED","file":"/crow-attr-text/src/main/kotlin/com/crow/attr/text/AttrTextLayout.kt","tags":{"FILE_LINE_OF_CODE":"1878"}}
{"ts":1710927687440,"action":"FILE_OPENED","file":"/crow-attr-text/src/main/kotlin/com/crow/attr/text/AttrTextView.kt","tags":{"FILE_LINE_OF_CODE":"781"}}
{"ts":1710927698312,"action":"FILE_CLOSED","file":"/crow-attr-text/src/main/kotlin/com/crow/attr/text/AttrTextView.kt","tags":{"FILE_LINE_OF_CODE":"781"}}
{"ts":1710927698312,"action":"FILE_OPENED","file":"/crow-attr-text/src/main/kotlin/com/crow/attr/text/AttrTextLayout.kt","tags":{"FILE_LINE_OF_CODE":"1878"}}
{"ts":1710927715386,"action":"IDE_DEACTIVATED"}
{"ts":1710927731147,"action":"IDE_ACTIVATED"}
{"ts":1710927754576,"action":"IDE_DEACTIVATED"}
{"ts":1710927757428,"action":"IDE_ACTIVATED"}
{"ts":1710927759483,"action":"IDE_DEACTIVATED"}
{"ts":1710927760956,"action":"IDE_ACTIVATED"}
{"ts":1710927761201,"action":"IDE_DEACTIVATED"}
{"ts":1710927765268,"action":"IDE_ACTIVATED"}
{"ts":1710927767826,"action":"IDE_DEACTIVATED"}
{"ts":1710927782280,"action":"IDE_ACTIVATED"}
{"ts":1710927785082,"action":"IDE_DEACTIVATED"}
{"ts":1710927792668,"action":"IDE_ACTIVATED"}
{"ts":1710927806057,"action":"IDE_DEACTIVATED"}
{"ts":1710927839843,"action":"IDE_ACTIVATED"}
{"ts":1710927846757,"action":"FILE_CLOSED","file":"/crow-attr-text/src/main/kotlin/com/crow/attr/text/AttrTextLayout.kt","tags":{"FILE_LINE_OF_CODE":"1878"}}
{"ts":1710927846757,"action":"FILE_OPENED","file":"/app/src/main/res/layout/activity_main.xml","tags":{"FILE_LINE_OF_CODE":"213"}}
{"ts":1710927904779,"action":"IDE_DEACTIVATED"}
{"ts":1710927913761,"action":"IDE_ACTIVATED"}
{"ts":1710927916298,"action":"FILE_CLOSED","file":"/app/src/main/res/layout/activity_main.xml","tags":{"FILE_LINE_OF_CODE":"213"}}
{"ts":1710927922226,"action":"FILE_OPENED","file":"/crow-attr-text/src/main/kotlin/com/crow/attr/text/AttrTextView.kt","tags":{"FILE_LINE_OF_CODE":"781"}}
{"ts":1710927922897,"action":"FILE_CLOSED","file":"/crow-attr-text/src/main/kotlin/com/crow/attr/text/AttrTextView.kt","tags":{"FILE_LINE_OF_CODE":"781"}}
{"ts":1710927922897,"action":"FILE_OPENED","file":"/crow-attr-text/src/main/kotlin/com/crow/attr/text/AttrTextLayout.kt","tags":{"FILE_LINE_OF_CODE":"1878"}}
{"ts":1710927933558,"action":"IDE_DEACTIVATED"}
{"ts":1710927934128,"action":"IDE_ACTIVATED"}
{"ts":1710927951594,"action":"IDE_DEACTIVATED"}
{"ts":1710927962662,"action":"IDE_ACTIVATED"}
{"ts":1710927968444,"action":"FILE_CLOSED","file":"/crow-attr-text/src/main/kotlin/com/crow/attr/text/AttrTextLayout.kt","tags":{"FILE_LINE_OF_CODE":"1878"}}
{"ts":1710927968444,"action":"FILE_OPENED","file":"/app/src/main/res/layout/activity_main.xml","tags":{"FILE_LINE_OF_CODE":"213"}}
{"ts":1710928062011,"action":"FILE_CLOSED","file":"/app/src/main/res/layout/activity_main.xml","tags":{"FILE_LINE_OF_CODE":"213"}}
{"ts":1710928062011,"action":"FILE_OPENED","file":"/crow-attr-text/src/main/kotlin/com/crow/attr/text/AttrTextView.kt","tags":{"FILE_LINE_OF_CODE":"781"}}
{"ts":1710928062881,"action":"FILE_CLOSED","file":"/crow-attr-text/src/main/kotlin/com/crow/attr/text/AttrTextView.kt","tags":{"FILE_LINE_OF_CODE":"781"}}
{"ts":1710928062881,"action":"FILE_OPENED","file":"/crow-attr-text/src/main/kotlin/com/crow/attr/text/AttrTextLayout.kt","tags":{"FILE_LINE_OF_CODE":"1878"}}
{"ts":1710928065466,"action":"IDE_DEACTIVATED"}
{"ts":1710928115931,"action":"IDE_ACTIVATED"}
{"ts":1710928117886,"action":"FILE_CLOSED","file":"/crow-attr-text/src/main/kotlin/com/crow/attr/text/AttrTextLayout.kt","tags":{"FILE_LINE_OF_CODE":"1878"}}
{"ts":1710928117886,"action":"FILE_OPENED","file":"/app/src/main/res/layout/activity_main.xml","tags":{"FILE_LINE_OF_CODE":"213"}}
{"ts":1710928118511,"action":"FILE_CLOSED","file":"/app/src/main/res/layout/activity_main.xml","tags":{"FILE_LINE_OF_CODE":"213"}}
{"ts":1710928118511,"action":"FILE_OPENED","file":"/crow-attr-text/src/main/kotlin/com/crow/attr/text/AttrTextFrameConfig.kt","tags":{"FILE_LINE_OF_CODE":"32"}}
{"ts":1710928119471,"action":"FILE_CLOSED","file":"/crow-attr-text/src/main/kotlin/com/crow/attr/text/AttrTextFrameConfig.kt","tags":{"FILE_LINE_OF_CODE":"32"}}
{"ts":1710928119471,"action":"FILE_OPENED","file":"/crow-attr-text/src/main/kotlin/com/crow/attr/text/AttrTextView.kt","tags":{"FILE_LINE_OF_CODE":"781"}}
{"ts":1710928128675,"action":"FILE_CLOSED","file":"/crow-attr-text/src/main/kotlin/com/crow/attr/text/AttrTextView.kt","tags":{"FILE_LINE_OF_CODE":"781"}}
{"ts":1710928128676,"action":"FILE_OPENED","file":"/crow-attr-text/src/main/kotlin/com/crow/attr/text/AttrTextLayout.kt","tags":{"FILE_LINE_OF_CODE":"1878"}}
{"ts":1710928129364,"action":"FILE_CLOSED","file":"/crow-attr-text/src/main/kotlin/com/crow/attr/text/AttrTextLayout.kt","tags":{"FILE_LINE_OF_CODE":"1878"}}
{"ts":1710928129364,"action":"FILE_OPENED","file":"/crow-attr-text/src/main/kotlin/com/crow/attr/text/AttrTextView.kt","tags":{"FILE_LINE_OF_CODE":"781"}}
{"ts":1710928130489,"action":"FILE_CLOSED","file":"/crow-attr-text/src/main/kotlin/com/crow/attr/text/AttrTextView.kt","tags":{"FILE_LINE_OF_CODE":"781"}}
{"ts":1710928130489,"action":"FILE_OPENED","file":"/crow-attr-text/src/main/kotlin/com/crow/attr/text/AttrTextFrameConfig.kt","tags":{"FILE_LINE_OF_CODE":"32"}}
{"ts":1710928144143,"action":"IDE_DEACTIVATED"}
{"ts":1710928147615,"action":"IDE_ACTIVATED"}
{"ts":1710928190281,"action":"IDE_DEACTIVATED"}
{"ts":1710928191574,"action":"IDE_ACTIVATED"}
{"ts":1710928196186,"action":"IDE_DEACTIVATED"}
{"ts":1710928226435,"action":"IDE_ACTIVATED"}
{"ts":1710928226871,"action":"IDE_DEACTIVATED"}
{"ts":1710928226873,"action":"IDE_ACTIVATED"}
{"ts":1710928235065,"action":"IDE_DEACTIVATED"}
{"ts":1710928278813,"action":"IDE_ACTIVATED"}
{"ts":1710928287288,"action":"IDE_DEACTIVATED"}
{"ts":1710928290908,"action":"IDE_ACTIVATED"}
{"ts":1710928299513,"action":"IDE_DEACTIVATED"}
{"ts":1710928359727,"action":"IDE_ACTIVATED"}
{"ts":1710928370413,"action":"FILE_CLOSED","file":"/crow-attr-text/src/main/kotlin/com/crow/attr/text/AttrTextFrameConfig.kt","tags":{"FILE_LINE_OF_CODE":"32"}}
{"ts":1710928370413,"action":"FILE_OPENED","file":"/crow-attr-text/src/main/kotlin/com/crow/attr/text/AttrTextView.kt","tags":{"FILE_LINE_OF_CODE":"781"}}
{"ts":1710928370911,"action":"FILE_CLOSED","file":"/crow-attr-text/src/main/kotlin/com/crow/attr/text/AttrTextView.kt","tags":{"FILE_LINE_OF_CODE":"781"}}
{"ts":1710928370911,"action":"FILE_OPENED","file":"/crow-attr-text/src/main/kotlin/com/crow/attr/text/AttrTextLayout.kt","tags":{"FILE_LINE_OF_CODE":"1878"}}
{"ts":1710928395994,"action":"FILE_CLOSED","file":"/crow-attr-text/src/main/kotlin/com/crow/attr/text/AttrTextLayout.kt","tags":{"FILE_LINE_OF_CODE":"1878"}}
{"ts":1710928395994,"action":"FILE_OPENED","file":"/crow-attr-text/src/main/kotlin/com/crow/attr/text/AttrTextFrameConfig.kt","tags":{"FILE_LINE_OF_CODE":"32"}}
{"ts":1710928396693,"action":"FILE_CLOSED","file":"/crow-attr-text/src/main/kotlin/com/crow/attr/text/AttrTextFrameConfig.kt","tags":{"FILE_LINE_OF_CODE":"32"}}
{"ts":1710928397264,"action":"FILE_OPENED","file":"/crow-attr-text/src/main/kotlin/com/crow/attr/text/AttrTextView.kt","tags":{"FILE_LINE_OF_CODE":"781"}}
{"ts":1710928405294,"action":"IDE_DEACTIVATED"}
{"ts":1710928406902,"action":"IDE_ACTIVATED"}
{"ts":1710928407369,"action":"IDE_DEACTIVATED"}
{"ts":1710928407473,"action":"IDE_ACTIVATED"}
{"ts":1710928413553,"action":"IDE_DEACTIVATED"}
{"ts":1710928426794,"action":"IDE_ACTIVATED"}
{"ts":1710928435508,"action":"FILE_CLOSED","file":"/crow-attr-text/src/main/kotlin/com/crow/attr/text/AttrTextView.kt","tags":{"FILE_LINE_OF_CODE":"781"}}
{"ts":1710928435508,"action":"FILE_OPENED","file":"/app/src/main/res/layout/activity_main.xml","tags":{"FILE_LINE_OF_CODE":"213"}}
{"ts":1710928470609,"action":"IDE_DEACTIVATED"}
{"ts":1710928508409,"action":"IDE_ACTIVATED"}
{"ts":1710928519772,"action":"IDE_DEACTIVATED"}
{"ts":1710928522399,"action":"IDE_ACTIVATED"}
{"ts":1710928617236,"action":"FILE_CLOSED","file":"/app/src/main/res/layout/activity_main.xml","tags":{"FILE_LINE_OF_CODE":"212"}}
{"ts":1710928618703,"action":"FILE_OPENED","file":"/app/src/main/res/layout/activity_main.xml","tags":{"FILE_LINE_OF_CODE":"212"}}
{"ts":1710928632385,"action":"IDE_DEACTIVATED"}
{"ts":1710929082008,"action":"IDE_ACTIVATED"}
{"ts":1710929084304,"action":"IDE_DEACTIVATED"}
{"ts":1710929168322,"action":"IDE_ACTIVATED"}
{"ts":1710929169969,"action":"FILE_CLOSED","file":"/app/src/main/res/layout/activity_main.xml","tags":{"FILE_LINE_OF_CODE":"213"}}
{"ts":1710929169969,"action":"FILE_OPENED","file":"/crow-attr-text/src/main/kotlin/com/crow/attr/text/AttrTextView.kt","tags":{"FILE_LINE_OF_CODE":"781"}}
{"ts":1710929170468,"action":"FILE_CLOSED","file":"/crow-attr-text/src/main/kotlin/com/crow/attr/text/AttrTextView.kt","tags":{"FILE_LINE_OF_CODE":"781"}}
{"ts":1710929170468,"action":"FILE_OPENED","file":"/crow-attr-text/src/main/kotlin/com/crow/attr/text/AttrTextLayout.kt","tags":{"FILE_LINE_OF_CODE":"1878"}}
{"ts":1710929176751,"action":"FILE_CLOSED","file":"/crow-attr-text/src/main/kotlin/com/crow/attr/text/AttrTextLayout.kt","tags":{"FILE_LINE_OF_CODE":"1878"}}
{"ts":1710929176751,"action":"FILE_OPENED","file":"/crow-attr-text/build.gradle.kts","tags":{"FILE_LINE_OF_CODE":"95"}}
{"ts":1710929185199,"action":"FILE_CLOSED","file":"/crow-attr-text/build.gradle.kts","tags":{"FILE_LINE_OF_CODE":"95"}}
{"ts":1710929185199,"action":"FILE_OPENED","file":"/app/src/main/res/layout/activity_main.xml","tags":{"FILE_LINE_OF_CODE":"213"}}
{"ts":1710929194717,"action":"FILE_CLOSED","file":"/app/src/main/res/layout/activity_main.xml","tags":{"FILE_LINE_OF_CODE":"213"}}
{"ts":1710929194717,"action":"FILE_OPENED","file":"/app/src/main/kotlin/com/crow/attrtextlayout/MainActivity.kt","tags":{"FILE_LINE_OF_CODE":"123"}}
{"ts":1710929212567,"action":"FILE_CLOSED","file":"/app/src/main/kotlin/com/crow/attrtextlayout/MainActivity.kt","tags":{"FILE_LINE_OF_CODE":"123"}}
{"ts":1710929212567,"action":"FILE_OPENED","file":"/app/src/main/res/layout/activity_main.xml","tags":{"FILE_LINE_OF_CODE":"213"}}
{"ts":1710929226087,"action":"FILE_CLOSED","file":"/app/src/main/res/layout/activity_main.xml","tags":{"FILE_LINE_OF_CODE":"222"}}
{"ts":1710929226087,"action":"FILE_OPENED","file":"/crow-attr-text/src/main/kotlin/com/crow/attr/text/AttrTextFrameConfig.kt","tags":{"FILE_LINE_OF_CODE":"32"}}
{"ts":1710929231776,"action":"FILE_CLOSED","file":"/crow-attr-text/src/main/kotlin/com/crow/attr/text/AttrTextFrameConfig.kt","tags":{"FILE_LINE_OF_CODE":"32"}}
{"ts":1710929231776,"action":"FILE_OPENED","file":"/crow-attr-text/src/main/kotlin/com/crow/attr/text/AttrTextLayout.kt","tags":{"FILE_LINE_OF_CODE":"1878"}}
{"ts":1710929234190,"action":"FILE_CLOSED","file":"/crow-attr-text/src/main/kotlin/com/crow/attr/text/AttrTextLayout.kt","tags":{"FILE_LINE_OF_CODE":"1878"}}
{"ts":1710929234190,"action":"FILE_OPENED","file":"/app/src/main/kotlin/com/crow/attrtextlayout/MainActivity.kt","tags":{"FILE_LINE_OF_CODE":"123"}}
{"ts":1710929266726,"action":"FILE_CLOSED","file":"/app/src/main/kotlin/com/crow/attrtextlayout/MainActivity.kt","tags":{"FILE_LINE_OF_CODE":"123"}}
{"ts":1710929266726,"action":"FILE_OPENED","file":"/crow-attr-text/src/main/kotlin/com/crow/attr/text/AttrTextLayout.kt","tags":{"FILE_LINE_OF_CODE":"1878"}}
{"ts":1710929275546,"action":"FILE_CLOSED","file":"/crow-attr-text/src/main/kotlin/com/crow/attr/text/AttrTextLayout.kt","tags":{"FILE_LINE_OF_CODE":"1878"}}
{"ts":1710929275546,"action":"FILE_OPENED","file":"/crow-attr-text/src/main/kotlin/com/crow/attr/text/AttrTextView.kt","tags":{"FILE_LINE_OF_CODE":"781"}}
{"ts":1710929276441,"action":"FILE_CLOSED","file":"/crow-attr-text/src/main/kotlin/com/crow/attr/text/AttrTextView.kt","tags":{"FILE_LINE_OF_CODE":"781"}}
{"ts":1710929276442,"action":"FILE_OPENED","file":"/crow-attr-text/build.gradle.kts","tags":{"FILE_LINE_OF_CODE":"95"}}
{"ts":1710929278299,"action":"FILE_CLOSED","file":"/crow-attr-text/build.gradle.kts","tags":{"FILE_LINE_OF_CODE":"95"}}
{"ts":1710929278299,"action":"FILE_OPENED","file":"/crow-attr-text/src/main/kotlin/com/crow/attr/text/AttrTextView.kt","tags":{"FILE_LINE_OF_CODE":"781"}}
{"ts":1710929278750,"action":"FILE_CLOSED","file":"/crow-attr-text/src/main/kotlin/com/crow/attr/text/AttrTextView.kt","tags":{"FILE_LINE_OF_CODE":"781"}}
{"ts":1710929278750,"action":"FILE_OPENED","file":"/crow-attr-text/build.gradle.kts","tags":{"FILE_LINE_OF_CODE":"95"}}
{"ts":1710929279262,"action":"FILE_CLOSED","file":"/crow-attr-text/build.gradle.kts","tags":{"FILE_LINE_OF_CODE":"95"}}
{"ts":1710929279262,"action":"FILE_OPENED","file":"/crow-attr-text/src/main/kotlin/com/crow/attr/text/AttrTextLayout.kt","tags":{"FILE_LINE_OF_CODE":"1878"}}
{"ts":1710929289511,"action":"IDE_DEACTIVATED"}
{"ts":1710929388450,"action":"IDE_ACTIVATED"}
{"ts":1710929389116,"action":"IDE_DEACTIVATED"}
{"ts":1710929389221,"action":"IDE_ACTIVATED"}
{"ts":1710929391773,"action":"IDE_DEACTIVATED"}
{"ts":1710929391891,"action":"IDE_ACTIVATED"}
{"ts":1710929393345,"action":"FILE_CLOSED","file":"/crow-attr-text/src/main/kotlin/com/crow/attr/text/AttrTextLayout.kt","tags":{"FILE_LINE_OF_CODE":"1878"}}
{"ts":1710929393345,"action":"FILE_OPENED","file":"/app/src/main/kotlin/com/crow/attrtextlayout/MainActivity.kt","tags":{"FILE_LINE_OF_CODE":"123"}}
{"ts":1710929407564,"action":"IDE_DEACTIVATED"}
{"ts":1710929466314,"action":"IDE_ACTIVATED"}
{"ts":1710929467155,"action":"IDE_DEACTIVATED"}
{"ts":1710929467766,"action":"IDE_ACTIVATED"}
{"ts":1710929469506,"action":"IDE_DEACTIVATED"}
{"ts":1710929470940,"action":"IDE_ACTIVATED"}
{"ts":1710929485879,"action":"FILE_CLOSED","file":"/app/src/main/kotlin/com/crow/attrtextlayout/MainActivity.kt","tags":{"FILE_LINE_OF_CODE":"123"}}
{"ts":1710929485879,"action":"FILE_OPENED","file":"/crow-attr-text/src/main/kotlin/com/crow/attr/text/AttrTextLayout.kt","tags":{"FILE_LINE_OF_CODE":"1878"}}
{"ts":1710929488668,"action":"IDE_DEACTIVATED"}
{"ts":1710929490813,"action":"IDE_ACTIVATED"}
{"ts":1710929491950,"action":"FILE_CLOSED","file":"/crow-attr-text/src/main/kotlin/com/crow/attr/text/AttrTextLayout.kt","tags":{"FILE_LINE_OF_CODE":"1878"}}
{"ts":1710929491950,"action":"FILE_OPENED","file":"/crow-attr-text/src/main/kotlin/com/crow/attr/text/AttrTextView.kt","tags":{"FILE_LINE_OF_CODE":"781"}}
{"ts":1710929492337,"action":"FILE_CLOSED","file":"/crow-attr-text/src/main/kotlin/com/crow/attr/text/AttrTextView.kt","tags":{"FILE_LINE_OF_CODE":"781"}}
{"ts":1710929492337,"action":"FILE_OPENED","file":"/crow-attr-text/build.gradle.kts","tags":{"FILE_LINE_OF_CODE":"95"}}
{"ts":1710929492754,"action":"FILE_CLOSED","file":"/crow-attr-text/build.gradle.kts","tags":{"FILE_LINE_OF_CODE":"95"}}
{"ts":1710929492754,"action":"FILE_OPENED","file":"/crow-attr-text/src/main/kotlin/com/crow/attr/text/AttrTextLayout.kt","tags":{"FILE_LINE_OF_CODE":"1878"}}
{"ts":1710929497026,"action":"FILE_CLOSED","file":"/crow-attr-text/src/main/kotlin/com/crow/attr/text/AttrTextLayout.kt","tags":{"FILE_LINE_OF_CODE":"1878"}}
{"ts":1710929497026,"action":"FILE_OPENED","file":"/crow-attr-text/src/main/kotlin/com/crow/attr/text/AttrTextView.kt","tags":{"FILE_LINE_OF_CODE":"781"}}
{"ts":1710929498119,"action":"FILE_CLOSED","file":"/crow-attr-text/src/main/kotlin/com/crow/attr/text/AttrTextView.kt","tags":{"FILE_LINE_OF_CODE":"781"}}
{"ts":1710929498509,"action":"FILE_OPENED","file":"/crow-attr-text/src/main/kotlin/com/crow/attr/text/AttrTextFrameConfig.kt","tags":{"FILE_LINE_OF_CODE":"32"}}
{"ts":1710929499389,"action":"FILE_CLOSED","file":"/crow-attr-text/src/main/kotlin/com/crow/attr/text/AttrTextFrameConfig.kt","tags":{"FILE_LINE_OF_CODE":"32"}}
{"ts":1710929500055,"action":"FILE_OPENED","file":"/crow-attr-text/src/main/kotlin/com/crow/attr/text/AttrTextView.kt","tags":{"FILE_LINE_OF_CODE":"781"}}
{"ts":1710929500648,"action":"FILE_CLOSED","file":"/crow-attr-text/src/main/kotlin/com/crow/attr/text/AttrTextView.kt","tags":{"FILE_LINE_OF_CODE":"781"}}
{"ts":1710929500648,"action":"FILE_OPENED","file":"/crow-attr-text/build.gradle.kts","tags":{"FILE_LINE_OF_CODE":"95"}}
{"ts":1710929501995,"action":"IDE_DEACTIVATED"}
{"ts":1710929504488,"action":"IDE_ACTIVATED"}
{"ts":1710929505216,"action":"FILE_CLOSED","file":"/crow-attr-text/build.gradle.kts","tags":{"FILE_LINE_OF_CODE":"95"}}
{"ts":1710929505216,"action":"FILE_OPENED","file":"/crow-attr-text/src/main/kotlin/com/crow/attr/text/AttrTextView.kt","tags":{"FILE_LINE_OF_CODE":"781"}}
{"ts":1710929505935,"action":"FILE_CLOSED","file":"/crow-attr-text/src/main/kotlin/com/crow/attr/text/AttrTextView.kt","tags":{"FILE_LINE_OF_CODE":"781"}}
{"ts":1710929505935,"action":"FILE_OPENED","file":"/crow-attr-text/src/main/kotlin/com/crow/attr/text/AttrTextLayout.kt","tags":{"FILE_LINE_OF_CODE":"1878"}}
{"ts":1710929541813,"action":"IDE_DEACTIVATED"}
{"ts":1710929542668,"action":"IDE_ACTIVATED"}
{"ts":1710929543749,"action":"IDE_DEACTIVATED"}
{"ts":1710929544739,"action":"IDE_ACTIVATED"}
{"ts":1710929546331,"action":"IDE_DEACTIVATED"}
{"ts":1710929557988,"action":"IDE_ACTIVATED"}
{"ts":1710929558484,"action":"IDE_DEACTIVATED"}
{"ts":1710929614130,"action":"IDE_ACTIVATED"}
{"ts":1710929618680,"action":"FILE_CLOSED","file":"/crow-attr-text/src/main/kotlin/com/crow/attr/text/AttrTextLayout.kt","tags":{"FILE_LINE_OF_CODE":"1878"}}
{"ts":1710929618680,"action":"FILE_OPENED","file":"/app/src/main/kotlin/com/crow/attrtextlayout/MainActivity.kt","tags":{"FILE_LINE_OF_CODE":"123"}}
{"ts":1710929623119,"action":"FILE_CLOSED","file":"/app/src/main/kotlin/com/crow/attrtextlayout/MainActivity.kt","tags":{"FILE_LINE_OF_CODE":"123"}}
{"ts":1710929623119,"action":"FILE_OPENED","file":"/app/src/main/res/layout/activity_main.xml","tags":{"FILE_LINE_OF_CODE":"222"}}
{"ts":1710929634042,"action":"IDE_DEACTIVATED"}
{"ts":1710929636682,"action":"IDE_ACTIVATED"}
{"ts":1710929640939,"action":"FILE_CLOSED","file":"/app/src/main/res/layout/activity_main.xml","tags":{"FILE_LINE_OF_CODE":"213"}}
{"ts":1710929640939,"action":"FILE_OPENED","file":"/crow-attr-text/src/main/kotlin/com/crow/attr/text/AttrTextView.kt","tags":{"FILE_LINE_OF_CODE":"781"}}
{"ts":1710929671396,"action":"IDE_DEACTIVATED"}
{"ts":1710929673107,"action":"IDE_ACTIVATED"}
{"ts":1710929681336,"action":"FILE_CLOSED","file":"/crow-attr-text/src/main/kotlin/com/crow/attr/text/AttrTextView.kt","tags":{"FILE_LINE_OF_CODE":"781"}}
{"ts":1710929681336,"action":"FILE_OPENED","file":"/crow-attr-text/build.gradle.kts","tags":{"FILE_LINE_OF_CODE":"95"}}
{"ts":1710929688676,"action":"FILE_CLOSED","file":"/crow-attr-text/build.gradle.kts","tags":{"FILE_LINE_OF_CODE":"95"}}
{"ts":1710929688676,"action":"FILE_OPENED","file":"/crow-attr-text/src/main/kotlin/com/crow/attr/text/AttrTextLayout.kt","tags":{"FILE_LINE_OF_CODE":"1878"}}
{"ts":1710929699484,"action":"IDE_DEACTIVATED"}
{"ts":1710929699615,"action":"IDE_ACTIVATED"}
{"ts":1710929699618,"action":"IDE_DEACTIVATED"}
{"ts":1710929700314,"action":"IDE_ACTIVATED"}
{"ts":1710929700607,"action":"IDE_DEACTIVATED"}
{"ts":1710929704763,"action":"IDE_ACTIVATED"}
{"ts":1710929707058,"action":"IDE_DEACTIVATED"}
{"ts":1710929730540,"action":"IDE_ACTIVATED"}
{"ts":1710929737110,"action":"IDE_DEACTIVATED"}
{"ts":1710929739056,"action":"IDE_ACTIVATED"}
{"ts":1710929757029,"action":"FILE_CLOSED","file":"/crow-attr-text/src/main/kotlin/com/crow/attr/text/AttrTextLayout.kt","tags":{"FILE_LINE_OF_CODE":"1878"}}
{"ts":1710929757029,"action":"FILE_OPENED","file":"/crow-attr-text/src/main/kotlin/com/crow/attr/text/AttrTextFrameConfig.kt","tags":{"FILE_LINE_OF_CODE":"32"}}
{"ts":1710929802074,"action":"IDE_DEACTIVATED"}
{"ts":1710929807726,"action":"IDE_ACTIVATED"}
{"ts":1710929832598,"action":"FILE_CLOSED","file":"/crow-attr-text/src/main/kotlin/com/crow/attr/text/AttrTextFrameConfig.kt","tags":{"FILE_LINE_OF_CODE":"32"}}
{"ts":1710929832598,"action":"FILE_OPENED","file":"/crow-attr-text/src/main/kotlin/com/crow/attr/text/AttrTextLayout.kt","tags":{"FILE_LINE_OF_CODE":"1878"}}
{"ts":1710929887762,"action":"IDE_DEACTIVATED"}
{"ts":1710929894574,"action":"IDE_ACTIVATED"}
{"ts":1710929920510,"action":"FILE_CLOSED","file":"/crow-attr-text/src/main/kotlin/com/crow/attr/text/AttrTextLayout.kt","tags":{"FILE_LINE_OF_CODE":"1878"}}
{"ts":1710929920510,"action":"FILE_OPENED","file":"/crow-attr-text/src/main/kotlin/com/crow/attr/text/AttrTextView.kt","tags":{"FILE_LINE_OF_CODE":"781"}}
{"ts":1710929925810,"action":"FILE_CLOSED","file":"/crow-attr-text/src/main/kotlin/com/crow/attr/text/AttrTextView.kt","tags":{"FILE_LINE_OF_CODE":"781"}}
{"ts":1710929925810,"action":"FILE_OPENED","file":"/crow-attr-text/build.gradle.kts","tags":{"FILE_LINE_OF_CODE":"95"}}
{"ts":1710929926887,"action":"FILE_CLOSED","file":"/crow-attr-text/build.gradle.kts","tags":{"FILE_LINE_OF_CODE":"95"}}
{"ts":1710929926887,"action":"FILE_OPENED","file":"/crow-attr-text/src/main/kotlin/com/crow/attr/text/AttrTextLayout.kt","tags":{"FILE_LINE_OF_CODE":"1878"}}
{"ts":1710929927725,"action":"FILE_CLOSED","file":"/crow-attr-text/src/main/kotlin/com/crow/attr/text/AttrTextLayout.kt","tags":{"FILE_LINE_OF_CODE":"1878"}}
{"ts":1710929927725,"action":"FILE_OPENED","file":"/crow-attr-text/src/main/kotlin/com/crow/attr/text/AttrTextView.kt","tags":{"FILE_LINE_OF_CODE":"781"}}
{"ts":1710929931422,"action":"FILE_CLOSED","file":"/crow-attr-text/src/main/kotlin/com/crow/attr/text/AttrTextView.kt","tags":{"FILE_LINE_OF_CODE":"781"}}
{"ts":1710929931422,"action":"FILE_OPENED","file":"/crow-attr-text/src/main/kotlin/com/crow/attr/text/AttrTextLayout.kt","tags":{"FILE_LINE_OF_CODE":"1878"}}
{"ts":1710929932800,"action":"FILE_CLOSED","file":"/crow-attr-text/src/main/kotlin/com/crow/attr/text/AttrTextLayout.kt","tags":{"FILE_LINE_OF_CODE":"1878"}}
{"ts":1710929932800,"action":"FILE_OPENED","file":"/crow-attr-text/src/main/kotlin/com/crow/attr/text/AttrTextFrameConfig.kt","tags":{"FILE_LINE_OF_CODE":"32"}}
{"ts":1710929933637,"action":"FILE_CLOSED","file":"/crow-attr-text/src/main/kotlin/com/crow/attr/text/AttrTextFrameConfig.kt","tags":{"FILE_LINE_OF_CODE":"32"}}
{"ts":1710929933637,"action":"FILE_OPENED","file":"/crow-attr-text/src/main/kotlin/com/crow/attr/text/AttrTextLayout.kt","tags":{"FILE_LINE_OF_CODE":"1878"}}
{"ts":1710929933898,"action":"FILE_CLOSED","file":"/crow-attr-text/src/main/kotlin/com/crow/attr/text/AttrTextLayout.kt","tags":{"FILE_LINE_OF_CODE":"1878"}}
{"ts":1710929933898,"action":"FILE_OPENED","file":"/crow-attr-text/src/main/kotlin/com/crow/attr/text/AttrTextFrameConfig.kt","tags":{"FILE_LINE_OF_CODE":"32"}}
{"ts":1710929940767,"action":"FILE_CLOSED","file":"/crow-attr-text/src/main/kotlin/com/crow/attr/text/AttrTextFrameConfig.kt","tags":{"FILE_LINE_OF_CODE":"32"}}
{"ts":1710929940767,"action":"FILE_OPENED","file":"/app/src/main/kotlin/com/crow/attrtextlayout/MainActivity.kt","tags":{"FILE_LINE_OF_CODE":"123"}}
{"ts":1710929947300,"action":"IDE_DEACTIVATED"}
{"ts":1710929990973,"action":"IDE_ACTIVATED"}
{"ts":1710930000196,"action":"IDE_DEACTIVATED"}
{"ts":1710930001160,"action":"IDE_ACTIVATED"}
{"ts":1710930004929,"action":"FILE_CLOSED","file":"/app/src/main/kotlin/com/crow/attrtextlayout/MainActivity.kt","tags":{"FILE_LINE_OF_CODE":"123"}}
{"ts":1710930004929,"action":"FILE_OPENED","file":"/crow-attr-text/src/main/kotlin/com/crow/attr/text/AttrTextLayout.kt","tags":{"FILE_LINE_OF_CODE":"1878"}}
{"ts":1710930006952,"action":"FILE_CLOSED","file":"/crow-attr-text/src/main/kotlin/com/crow/attr/text/AttrTextLayout.kt","tags":{"FILE_LINE_OF_CODE":"1878"}}
{"ts":1710930006952,"action":"FILE_OPENED","file":"/app/src/main/kotlin/com/crow/attrtextlayout/MainActivity.kt","tags":{"FILE_LINE_OF_CODE":"123"}}
{"ts":1710930013329,"action":"IDE_DEACTIVATED"}
{"ts":1710930013907,"action":"IDE_ACTIVATED"}
{"ts":1710930014841,"action":"IDE_DEACTIVATED"}
{"ts":1710930015525,"action":"IDE_ACTIVATED"}
{"ts":1710930016223,"action":"IDE_DEACTIVATED"}
{"ts":1710930017137,"action":"IDE_ACTIVATED"}
{"ts":1710930021262,"action":"IDE_DEACTIVATED"}
{"ts":1710930023295,"action":"IDE_ACTIVATED"}
{"ts":1710930024283,"action":"IDE_DEACTIVATED"}
{"ts":1710930024625,"action":"IDE_ACTIVATED"}
{"ts":1710930025569,"action":"IDE_DEACTIVATED"}
{"ts":1710930026238,"action":"IDE_ACTIVATED"}
{"ts":1710930026731,"action":"IDE_DEACTIVATED"}
{"ts":1710930028717,"action":"IDE_ACTIVATED"}
{"ts":1710930031025,"action":"IDE_DEACTIVATED"}
{"ts":1710930031904,"action":"IDE_ACTIVATED"}
{"ts":1710930034536,"action":"IDE_DEACTIVATED"}
{"ts":1710930037730,"action":"IDE_ACTIVATED"}
{"ts":1710930051812,"action":"IDE_DEACTIVATED"}
{"ts":1710930184671,"action":"IDE_ACTIVATED"}
{"ts":1710930187342,"action":"FILE_CLOSED","file":"/app/src/main/kotlin/com/crow/attrtextlayout/MainActivity.kt","tags":{"FILE_LINE_OF_CODE":"123"}}
{"ts":1710930187342,"action":"FILE_OPENED","file":"/crow-attr-text/src/main/kotlin/com/crow/attr/text/AttrTextView.kt","tags":{"FILE_LINE_OF_CODE":"781"}}
{"ts":1710930193946,"action":"IDE_DEACTIVATED"}
{"ts":1710930213181,"action":"IDE_ACTIVATED"}
{"ts":1710930215181,"action":"IDE_DEACTIVATED"}
{"ts":1710930216354,"action":"IDE_ACTIVATED"}
{"ts":1710930217642,"action":"FILE_CLOSED","file":"/crow-attr-text/src/main/kotlin/com/crow/attr/text/AttrTextView.kt","tags":{"FILE_LINE_OF_CODE":"781"}}
{"ts":1710930217642,"action":"FILE_OPENED","file":"/crow-attr-text/src/main/kotlin/com/crow/attr/text/AttrTextLayout.kt","tags":{"FILE_LINE_OF_CODE":"1878"}}
{"ts":1710930227952,"action":"IDE_DEACTIVATED"}
{"ts":1710930726817,"action":"IDE_ACTIVATED"}
{"ts":1710930747728,"action":"FILE_CLOSED","file":"/crow-attr-text/src/main/kotlin/com/crow/attr/text/AttrTextLayout.kt","tags":{"FILE_LINE_OF_CODE":"1878"}}
{"ts":1710930747728,"action":"FILE_OPENED","file":"/crow-attr-text/src/main/kotlin/com/crow/attr/text/AttrTextExt.kt","tags":{"FILE_LINE_OF_CODE":"107"}}
{"ts":1710930749553,"action":"IDE_DEACTIVATED"}
{"ts":1710930781042,"action":"IDE_ACTIVATED"}
{"ts":1710930799314,"action":"IDE_DEACTIVATED"}
{"ts":1710930810220,"action":"IDE_ACTIVATED"}
{"ts":1710930812013,"action":"IDE_DEACTIVATED"}
{"ts":1710930975346,"action":"IDE_ACTIVATED"}
{"ts":1710930976495,"action":"IDE_DEACTIVATED"}
{"ts":1710930987884,"action":"IDE_ACTIVATED"}
{"ts":1710930991052,"action":"FILE_CLOSED","file":"/crow-attr-text/src/main/kotlin/com/crow/attr/text/AttrTextExt.kt","tags":{"FILE_LINE_OF_CODE":"107"}}
{"ts":1710930991052,"action":"FILE_OPENED","file":"/crow-attr-text/src/main/kotlin/com/crow/attr/text/AttrTextLayout.kt","tags":{"FILE_LINE_OF_CODE":"1878"}}
{"ts":1710931019307,"action":"FILE_CLOSED","file":"/crow-attr-text/src/main/kotlin/com/crow/attr/text/AttrTextLayout.kt","tags":{"FILE_LINE_OF_CODE":"1878"}}
{"ts":1710931019308,"action":"FILE_OPENED","file":"/crow-attr-text/src/main/kotlin/com/crow/attr/text/AttrTextView.kt","tags":{"FILE_LINE_OF_CODE":"781"}}
{"ts":1710931035989,"action":"FILE_CLOSED","file":"/crow-attr-text/src/main/kotlin/com/crow/attr/text/AttrTextView.kt","tags":{"FILE_LINE_OF_CODE":"781"}}
{"ts":1710931035989,"action":"FILE_OPENED","file":"/crow-attr-text/src/main/kotlin/com/crow/attr/text/AttrTextLayout.kt","tags":{"FILE_LINE_OF_CODE":"1878"}}
{"ts":1710931042454,"action":"FILE_CLOSED","file":"/crow-attr-text/src/main/kotlin/com/crow/attr/text/AttrTextLayout.kt","tags":{"FILE_LINE_OF_CODE":"1878"}}
{"ts":1710931042454,"action":"FILE_OPENED","file":"/crow-attr-text/src/main/kotlin/com/crow/attr/text/AttrTextExt.kt","tags":{"FILE_LINE_OF_CODE":"107"}}
{"ts":1710931045546,"action":"FILE_CLOSED","file":"/crow-attr-text/src/main/kotlin/com/crow/attr/text/AttrTextExt.kt","tags":{"FILE_LINE_OF_CODE":"107"}}
{"ts":1710931045546,"action":"FILE_OPENED","file":"/crow-attr-text/src/main/kotlin/com/crow/attr/text/AttrTextView.kt","tags":{"FILE_LINE_OF_CODE":"781"}}
{"ts":1710931065327,"action":"IDE_DEACTIVATED"}
{"ts":1710931068742,"action":"IDE_ACTIVATED"}
{"ts":1710931071476,"action":"FILE_CLOSED","file":"/crow-attr-text/src/main/kotlin/com/crow/attr/text/AttrTextView.kt","tags":{"FILE_LINE_OF_CODE":"781"}}
{"ts":1710931071476,"action":"FILE_OPENED","file":"/app/src/main/kotlin/com/crow/attrtextlayout/MainActivity.kt","tags":{"FILE_LINE_OF_CODE":"123"}}
{"ts":1710931087384,"action":"IDE_DEACTIVATED"}
{"ts":1710931533867,"action":"IDE_ACTIVATED"}
{"ts":1710931536757,"action":"FILE_CLOSED","file":"/app/src/main/kotlin/com/crow/attrtextlayout/MainActivity.kt","tags":{"FILE_LINE_OF_CODE":"123"}}
{"ts":1710931536757,"action":"FILE_OPENED","file":"/app/src/main/AndroidManifest.xml","tags":{"FILE_LINE_OF_CODE":"26"}}
{"ts":1710931543130,"action":"IDE_DEACTIVATED"}
{"ts":1710931558821,"action":"IDE_ACTIVATED"}
{"ts":1710931559940,"action":"IDE_DEACTIVATED"}
{"ts":1710931592560,"action":"IDE_ACTIVATED"}
{"ts":1710931595452,"action":"FILE_CLOSED","file":"/app/src/main/AndroidManifest.xml","tags":{"FILE_LINE_OF_CODE":"27"}}
{"ts":1710931595452,"action":"FILE_OPENED","file":"/crow-attr-text/src/main/kotlin/com/crow/attr/text/AttrTextView.kt","tags":{"FILE_LINE_OF_CODE":"781"}}
{"ts":1710931597749,"action":"FILE_CLOSED","file":"/crow-attr-text/src/main/kotlin/com/crow/attr/text/AttrTextView.kt","tags":{"FILE_LINE_OF_CODE":"781"}}
{"ts":1710931597749,"action":"FILE_OPENED","file":"/crow-attr-text/src/main/kotlin/com/crow/attr/text/AttrTextLayout.kt","tags":{"FILE_LINE_OF_CODE":"1878"}}
{"ts":1710931615663,"action":"IDE_DEACTIVATED"}
{"ts":1710931642932,"action":"IDE_ACTIVATED"}
{"ts":1710931646726,"action":"IDE_DEACTIVATED"}
{"ts":1710931664832,"action":"IDE_ACTIVATED"}
{"ts":1710931667221,"action":"FILE_CLOSED","file":"/crow-attr-text/src/main/kotlin/com/crow/attr/text/AttrTextLayout.kt","tags":{"FILE_LINE_OF_CODE":"1878"}}
{"ts":1710931667221,"action":"FILE_OPENED","file":"/app/src/main/AndroidManifest.xml","tags":{"FILE_LINE_OF_CODE":"27"}}
{"ts":1710931670167,"action":"FILE_CLOSED","file":"/app/src/main/AndroidManifest.xml","tags":{"FILE_LINE_OF_CODE":"27"}}
{"ts":1710931670167,"action":"FILE_OPENED","file":"/crow-attr-text/src/main/kotlin/com/crow/attr/text/AttrTextFrameConfig.kt","tags":{"FILE_LINE_OF_CODE":"32"}}
{"ts":1710931670691,"action":"FILE_CLOSED","file":"/crow-attr-text/src/main/kotlin/com/crow/attr/text/AttrTextFrameConfig.kt","tags":{"FILE_LINE_OF_CODE":"32"}}
{"ts":1710931670691,"action":"FILE_OPENED","file":"/crow-attr-text/src/main/kotlin/com/crow/attr/text/AttrTextView.kt","tags":{"FILE_LINE_OF_CODE":"781"}}
{"ts":1710931676553,"action":"FILE_CLOSED","file":"/crow-attr-text/src/main/kotlin/com/crow/attr/text/AttrTextView.kt","tags":{"FILE_LINE_OF_CODE":"781"}}
{"ts":1710931676553,"action":"FILE_OPENED","file":"/crow-attr-text/src/main/kotlin/com/crow/attr/text/AttrTextLayout.kt","tags":{"FILE_LINE_OF_CODE":"1878"}}
{"ts":1710931695916,"action":"IDE_DEACTIVATED"}
{"ts":1710931721848,"action":"IDE_ACTIVATED"}
{"ts":1710931726188,"action":"IDE_DEACTIVATED"}
{"ts":1710931755498,"action":"IDE_ACTIVATED"}
{"ts":1710931758632,"action":"IDE_DEACTIVATED"}
{"ts":1710931963061,"action":"IDE_ACTIVATED"}
{"ts":1710931965578,"action":"FILE_CLOSED","file":"/crow-attr-text/src/main/kotlin/com/crow/attr/text/AttrTextLayout.kt","tags":{"FILE_LINE_OF_CODE":"1878"}}
{"ts":1710931965578,"action":"FILE_OPENED","file":"/crow-attr-text/src/main/kotlin/com/crow/attr/text/AttrTextView.kt","tags":{"FILE_LINE_OF_CODE":"781"}}
{"ts":1710931967166,"action":"FILE_CLOSED","file":"/crow-attr-text/src/main/kotlin/com/crow/attr/text/AttrTextView.kt","tags":{"FILE_LINE_OF_CODE":"781"}}
{"ts":1710931967166,"action":"FILE_OPENED","file":"/crow-attr-text/src/main/kotlin/com/crow/attr/text/AttrTextLayout.kt","tags":{"FILE_LINE_OF_CODE":"1878"}}
{"ts":1710932006767,"action":"IDE_DEACTIVATED"}
{"ts":1710932014701,"action":"IDE_ACTIVATED"}
{"ts":1710932017448,"action":"IDE_DEACTIVATED"}
{"ts":1710932408974,"action":"IDE_ACTIVATED"}
{"ts":1710932414178,"action":"IDE_DEACTIVATED"}
{"ts":1710932620591,"action":"IDE_ACTIVATED"}
{"ts":1710932622204,"action":"IDE_DEACTIVATED"}
{"ts":1710932624708,"action":"IDE_ACTIVATED"}
{"ts":1710932632623,"action":"IDE_DEACTIVATED"}
{"ts":1710932632633,"action":"IDE_ACTIVATED"}
{"ts":1710932632727,"action":"IDE_DEACTIVATED"}
{"ts":1710984629017,"action":"IDE_ACTIVATED"}
{"ts":1710984629283,"action":"IDE_DEACTIVATED"}
{"ts":1710984629383,"action":"IDE_ACTIVATED"}
{"ts":1710984630450,"action":"IDE_DEACTIVATED"}
{"ts":1710984646726,"action":"IDE_ACTIVATED"}
{"ts":1710984649373,"action":"FILE_CLOSED","file":"/crow-attr-text/src/main/kotlin/com/crow/attr/text/AttrTextLayout.kt","tags":{"FILE_LINE_OF_CODE":"1878"}}
{"ts":1710984649373,"action":"FILE_OPENED","file":"/app/src/main/res/layout/activity_main.xml","tags":{"FILE_LINE_OF_CODE":"213"}}
{"ts":1710984683611,"action":"IDE_DEACTIVATED"}
{"ts":1710984763782,"action":"IDE_ACTIVATED"}
{"ts":1710984767243,"action":"IDE_DEACTIVATED"}
{"ts":1710984767736,"action":"IDE_ACTIVATED"}
{"ts":1710984769162,"action":"FILE_CLOSED","file":"/app/src/main/res/layout/activity_main.xml","tags":{"FILE_LINE_OF_CODE":"217"}}
{"ts":1710984769162,"action":"FILE_OPENED","file":"/crow-attr-text/src/main/kotlin/com/crow/attr/text/AttrTextView.kt","tags":{"FILE_LINE_OF_CODE":"781"}}
{"ts":1710984770814,"action":"FILE_CLOSED","file":"/crow-attr-text/src/main/kotlin/com/crow/attr/text/AttrTextView.kt","tags":{"FILE_LINE_OF_CODE":"781"}}
{"ts":1710984770814,"action":"FILE_OPENED","file":"/crow-attr-text/src/main/kotlin/com/crow/attr/text/AttrTextFrameConfig.kt","tags":{"FILE_LINE_OF_CODE":"32"}}
{"ts":1710984771414,"action":"FILE_CLOSED","file":"/crow-attr-text/src/main/kotlin/com/crow/attr/text/AttrTextFrameConfig.kt","tags":{"FILE_LINE_OF_CODE":"32"}}
{"ts":1710984771414,"action":"FILE_OPENED","file":"/crow-attr-text/src/main/kotlin/com/crow/attr/text/AttrTextView.kt","tags":{"FILE_LINE_OF_CODE":"781"}}
{"ts":1710984772124,"action":"FILE_CLOSED","file":"/crow-attr-text/src/main/kotlin/com/crow/attr/text/AttrTextView.kt","tags":{"FILE_LINE_OF_CODE":"781"}}
{"ts":1710984772124,"action":"FILE_OPENED","file":"/crow-attr-text/build.gradle.kts","tags":{"FILE_LINE_OF_CODE":"95"}}
{"ts":1710984772763,"action":"FILE_CLOSED","file":"/crow-attr-text/build.gradle.kts","tags":{"FILE_LINE_OF_CODE":"95"}}
{"ts":1710984772763,"action":"FILE_OPENED","file":"/app/src/main/res/layout/activity_main.xml","tags":{"FILE_LINE_OF_CODE":"217"}}
{"ts":1710984849162,"action":"IDE_DEACTIVATED"}
{"ts":1710984855900,"action":"IDE_ACTIVATED"}
{"ts":1710984857073,"action":"IDE_DEACTIVATED"}
{"ts":1710984859314,"action":"IDE_ACTIVATED"}
{"ts":1710984859753,"action":"IDE_DEACTIVATED"}
{"ts":1710984864697,"action":"IDE_ACTIVATED"}
{"ts":1710984866235,"action":"IDE_DEACTIVATED"}
{"ts":1710984866413,"action":"IDE_ACTIVATED"}
{"ts":1710984866422,"action":"IDE_DEACTIVATED"}
{"ts":1710984867312,"action":"IDE_ACTIVATED"}
{"ts":1710984873295,"action":"IDE_DEACTIVATED"}
{"ts":1710984881173,"action":"IDE_ACTIVATED"}
{"ts":1710984888524,"action":"IDE_DEACTIVATED"}
{"ts":1710984905637,"action":"IDE_ACTIVATED"}
{"ts":1710984907318,"action":"FILE_CLOSED","file":"/app/src/main/res/layout/activity_main.xml","tags":{"FILE_LINE_OF_CODE":"217"}}
{"ts":1710984907318,"action":"FILE_OPENED","file":"/crow-attr-text/src/main/kotlin/com/crow/attr/text/AttrTextView.kt","tags":{"FILE_LINE_OF_CODE":"781"}}
{"ts":1710984908578,"action":"FILE_CLOSED","file":"/crow-attr-text/src/main/kotlin/com/crow/attr/text/AttrTextView.kt","tags":{"FILE_LINE_OF_CODE":"781"}}
{"ts":1710984908578,"action":"FILE_OPENED","file":"/crow-attr-text/src/main/kotlin/com/crow/attr/text/AttrTextLayout.kt","tags":{"FILE_LINE_OF_CODE":"1878"}}
{"ts":1710984952301,"action":"IDE_DEACTIVATED"}
{"ts":1710984960357,"action":"IDE_ACTIVATED"}
{"ts":1710984967212,"action":"IDE_DEACTIVATED"}
{"ts":1710984968947,"action":"IDE_ACTIVATED"}
{"ts":1710984969621,"action":"IDE_DEACTIVATED"}
{"ts":1710984977195,"action":"IDE_ACTIVATED"}
{"ts":1710985020751,"action":"IDE_DEACTIVATED"}
{"ts":1710985054940,"action":"IDE_ACTIVATED"}
{"ts":1710985055406,"action":"IDE_DEACTIVATED"}
{"ts":1710985058416,"action":"IDE_ACTIVATED"}
{"ts":1710985108867,"action":"FILE_CLOSED","file":"/crow-attr-text/src/main/kotlin/com/crow/attr/text/AttrTextLayout.kt","tags":{"FILE_LINE_OF_CODE":"1878"}}
{"ts":1710985108867,"action":"FILE_OPENED","file":"/crow-attr-text/src/main/kotlin/com/crow/attr/text/AttrTextFrameConfig.kt","tags":{"FILE_LINE_OF_CODE":"32"}}
{"ts":1710985110555,"action":"FILE_CLOSED","file":"/crow-attr-text/src/main/kotlin/com/crow/attr/text/AttrTextFrameConfig.kt","tags":{"FILE_LINE_OF_CODE":"32"}}
{"ts":1710985110555,"action":"FILE_OPENED","file":"/crow-attr-text/src/main/kotlin/com/crow/attr/text/AttrTextLayout.kt","tags":{"FILE_LINE_OF_CODE":"1878"}}
{"ts":1710985117006,"action":"IDE_DEACTIVATED"}
{"ts":1710985125576,"action":"IDE_ACTIVATED"}
{"ts":1710985137629,"action":"IDE_DEACTIVATED"}
{"ts":1710985140963,"action":"IDE_ACTIVATED"}
{"ts":1710985143646,"action":"IDE_DEACTIVATED"}
{"ts":1710985148377,"action":"IDE_ACTIVATED"}
{"ts":1710985162208,"action":"FILE_CLOSED","file":"/crow-attr-text/src/main/kotlin/com/crow/attr/text/AttrTextLayout.kt","tags":{"FILE_LINE_OF_CODE":"1878"}}
{"ts":1710985162208,"action":"FILE_OPENED","file":"/app/src/main/res/layout/activity_main.xml","tags":{"FILE_LINE_OF_CODE":"217"}}
{"ts":1710985202203,"action":"IDE_DEACTIVATED"}
{"ts":1710985215449,"action":"IDE_ACTIVATED"}
{"ts":1710985218754,"action":"FILE_CLOSED","file":"/app/src/main/res/layout/activity_main.xml","tags":{"FILE_LINE_OF_CODE":"216"}}
{"ts":1710985218754,"action":"FILE_OPENED","file":"/crow-attr-text/src/main/kotlin/com/crow/attr/text/AttrTextLayout.kt","tags":{"FILE_LINE_OF_CODE":"1878"}}
{"ts":1710985323673,"action":"IDE_DEACTIVATED"}
{"ts":1710985447290,"action":"IDE_ACTIVATED"}
{"ts":1710985487328,"action":"FILE_CLOSED","file":"/crow-attr-text/src/main/kotlin/com/crow/attr/text/AttrTextLayout.kt","tags":{"FILE_LINE_OF_CODE":"1878"}}
{"ts":1710985487328,"action":"FILE_OPENED","file":"/app/src/main/res/layout/activity_main.xml","tags":{"FILE_LINE_OF_CODE":"216"}}
{"ts":1710985496723,"action":"FILE_CLOSED","file":"/app/src/main/res/layout/activity_main.xml","tags":{"FILE_LINE_OF_CODE":"214"}}
{"ts":1710985496723,"action":"FILE_OPENED","file":"/crow-attr-text/build.gradle.kts","tags":{"FILE_LINE_OF_CODE":"95"}}
{"ts":1710985497210,"action":"FILE_CLOSED","file":"/crow-attr-text/build.gradle.kts","tags":{"FILE_LINE_OF_CODE":"95"}}
{"ts":1710985497210,"action":"FILE_OPENED","file":"/crow-attr-text/src/main/kotlin/com/crow/attr/text/AttrTextFrameConfig.kt","tags":{"FILE_LINE_OF_CODE":"32"}}
{"ts":1710985497846,"action":"FILE_CLOSED","file":"/crow-attr-text/src/main/kotlin/com/crow/attr/text/AttrTextFrameConfig.kt","tags":{"FILE_LINE_OF_CODE":"32"}}
{"ts":1710985497846,"action":"FILE_OPENED","file":"/crow-attr-text/src/main/kotlin/com/crow/attr/text/AttrTextView.kt","tags":{"FILE_LINE_OF_CODE":"781"}}
{"ts":1710985498684,"action":"FILE_CLOSED","file":"/crow-attr-text/src/main/kotlin/com/crow/attr/text/AttrTextView.kt","tags":{"FILE_LINE_OF_CODE":"781"}}
{"ts":1710985498684,"action":"FILE_OPENED","file":"/crow-attr-text/src/main/kotlin/com/crow/attr/text/AttrTextExt.kt","tags":{"FILE_LINE_OF_CODE":"107"}}
{"ts":1710985499015,"action":"FILE_CLOSED","file":"/crow-attr-text/src/main/kotlin/com/crow/attr/text/AttrTextExt.kt","tags":{"FILE_LINE_OF_CODE":"107"}}
{"ts":1710985499015,"action":"FILE_OPENED","file":"/crow-attr-text/src/main/kotlin/com/crow/attr/text/AttrTextLayout.kt","tags":{"FILE_LINE_OF_CODE":"1878"}}
{"ts":1710985533274,"action":"FILE_CLOSED","file":"/crow-attr-text/src/main/kotlin/com/crow/attr/text/AttrTextLayout.kt","tags":{"FILE_LINE_OF_CODE":"1878"}}
{"ts":1710985533274,"action":"FILE_OPENED","file":"/app/src/main/res/layout/activity_main.xml","tags":{"FILE_LINE_OF_CODE":"214"}}
{"ts":1710985540265,"action":"FILE_CLOSED","file":"/app/src/main/res/layout/activity_main.xml","tags":{"FILE_LINE_OF_CODE":"216"}}
{"ts":1710985540265,"action":"FILE_OPENED","file":"/crow-attr-text/build.gradle.kts","tags":{"FILE_LINE_OF_CODE":"95"}}
{"ts":1710985553139,"action":"FILE_CLOSED","file":"/crow-attr-text/build.gradle.kts","tags":{"FILE_LINE_OF_CODE":"95"}}
{"ts":1710985553139,"action":"FILE_OPENED","file":"/app/src/main/res/layout/activity_main.xml","tags":{"FILE_LINE_OF_CODE":"216"}}
{"ts":1710985599691,"action":"FILE_CLOSED","file":"/app/src/main/res/layout/activity_main.xml","tags":{"FILE_LINE_OF_CODE":"217"}}
{"ts":1710985599691,"action":"FILE_OPENED","file":"/crow-attr-text/src/main/kotlin/com/crow/attr/text/AttrTextLayout.kt","tags":{"FILE_LINE_OF_CODE":"1878"}}
{"ts":1710985682763,"action":"FILE_CLOSED","file":"/crow-attr-text/src/main/kotlin/com/crow/attr/text/AttrTextLayout.kt","tags":{"FILE_LINE_OF_CODE":"1878"}}
{"ts":1710985682763,"action":"FILE_OPENED","file":"/app/src/main/res/layout/activity_main.xml","tags":{"FILE_LINE_OF_CODE":"217"}}
{"ts":1710985695959,"action":"IDE_DEACTIVATED"}
{"ts":1710985739442,"action":"IDE_ACTIVATED"}
{"ts":1710985743510,"action":"FILE_CLOSED","file":"/app/src/main/res/layout/activity_main.xml","tags":{"FILE_LINE_OF_CODE":"217"}}
{"ts":1710985743510,"action":"FILE_OPENED","file":"/app/src/main/kotlin/com/crow/attrtextlayout/MainActivity.kt","tags":{"FILE_LINE_OF_CODE":"123"}}
{"ts":1710985769754,"action":"FILE_CLOSED","file":"/app/src/main/kotlin/com/crow/attrtextlayout/MainActivity.kt","tags":{"FILE_LINE_OF_CODE":"165"}}
{"ts":1710985769754,"action":"FILE_OPENED","file":"/app/src/main/res/layout/activity_main.xml","tags":{"FILE_LINE_OF_CODE":"217"}}
{"ts":1710985778046,"action":"FILE_CLOSED","file":"/app/src/main/res/layout/activity_main.xml","tags":{"FILE_LINE_OF_CODE":"218"}}
{"ts":1710985778046,"action":"FILE_OPENED","file":"/app/src/main/kotlin/com/crow/attrtextlayout/MainActivity.kt","tags":{"FILE_LINE_OF_CODE":"165"}}
{"ts":1710985933029,"action":"FILE_CLOSED","file":"/app/src/main/kotlin/com/crow/attrtextlayout/MainActivity.kt","tags":{"FILE_LINE_OF_CODE":"159"}}
{"ts":1710985933029,"action":"FILE_OPENED","file":"/crow-attr-text/build.gradle.kts","tags":{"FILE_LINE_OF_CODE":"95"}}
{"ts":1710985933801,"action":"FILE_CLOSED","file":"/crow-attr-text/build.gradle.kts","tags":{"FILE_LINE_OF_CODE":"95"}}
{"ts":1710985933801,"action":"FILE_OPENED","file":"/app/src/main/res/layout/activity_main.xml","tags":{"FILE_LINE_OF_CODE":"218"}}
{"ts":1710985945188,"action":"FILE_CLOSED","file":"/app/src/main/res/layout/activity_main.xml","tags":{"FILE_LINE_OF_CODE":"219"}}
{"ts":1710985945188,"action":"FILE_OPENED","file":"/app/src/main/kotlin/com/crow/attrtextlayout/MainActivity.kt","tags":{"FILE_LINE_OF_CODE":"159"}}
{"ts":1710985968505,"action":"FILE_CLOSED","file":"/app/src/main/kotlin/com/crow/attrtextlayout/MainActivity.kt","tags":{"FILE_LINE_OF_CODE":"159"}}
{"ts":1710985974421,"action":"FILE_OPENED","file":"/app/src/main/kotlin/com/crow/attrtextlayout/MainActivity.kt","tags":{"FILE_LINE_OF_CODE":"159"}}
{"ts":1710985978034,"action":"FILE_CLOSED","file":"/app/src/main/kotlin/com/crow/attrtextlayout/MainActivity.kt","tags":{"FILE_LINE_OF_CODE":"159"}}
{"ts":1710985978034,"action":"FILE_OPENED","file":"/app/src/main/res/layout/activity_main.xml","tags":{"FILE_LINE_OF_CODE":"219"}}
{"ts":1710985999848,"action":"FILE_CLOSED","file":"/app/src/main/res/layout/activity_main.xml","tags":{"FILE_LINE_OF_CODE":"219"}}
{"ts":1710985999848,"action":"FILE_OPENED","file":"/crow-attr-text/build.gradle.kts","tags":{"FILE_LINE_OF_CODE":"95"}}
{"ts":1710986001051,"action":"FILE_CLOSED","file":"/crow-attr-text/build.gradle.kts","tags":{"FILE_LINE_OF_CODE":"95"}}
{"ts":1710986001051,"action":"FILE_OPENED","file":"/app/src/main/kotlin/com/crow/attrtextlayout/MainActivity.kt","tags":{"FILE_LINE_OF_CODE":"159"}}
{"ts":1710986010408,"action":"IDE_DEACTIVATED"}
{"ts":1710986033148,"action":"IDE_ACTIVATED"}
{"ts":1710986062245,"action":"IDE_DEACTIVATED"}
{"ts":1710986062248,"action":"IDE_ACTIVATED"}
{"ts":1710986062815,"action":"IDE_DEACTIVATED"}
{"ts":1710986062967,"action":"IDE_ACTIVATED"}
{"ts":1710986065536,"action":"IDE_DEACTIVATED"}
{"ts":1710986067618,"action":"IDE_ACTIVATED"}
{"ts":1710986068250,"action":"IDE_DEACTIVATED"}
{"ts":1710986068705,"action":"IDE_ACTIVATED"}
{"ts":1710986069705,"action":"IDE_DEACTIVATED"}
{"ts":1710986073387,"action":"IDE_ACTIVATED"}
{"ts":1710986074476,"action":"IDE_DEACTIVATED"}
{"ts":1710986114135,"action":"IDE_ACTIVATED"}
{"ts":1710986126236,"action":"FILE_CLOSED","file":"/app/src/main/kotlin/com/crow/attrtextlayout/MainActivity.kt","tags":{"FILE_LINE_OF_CODE":"160"}}
{"ts":1710986128340,"action":"FILE_OPENED","file":"/app/src/main/kotlin/com/crow/attrtextlayout/MainActivity.kt","tags":{"FILE_LINE_OF_CODE":"160"}}
{"ts":1710986168338,"action":"FILE_CLOSED","file":"/app/src/main/kotlin/com/crow/attrtextlayout/MainActivity.kt","tags":{"FILE_LINE_OF_CODE":"160"}}
{"ts":1710986168338,"action":"FILE_OPENED","file":"/app/src/main/res/layout/activity_main.xml","tags":{"FILE_LINE_OF_CODE":"219"}}
{"ts":1710986171911,"action":"FILE_CLOSED","file":"/app/src/main/res/layout/activity_main.xml","tags":{"FILE_LINE_OF_CODE":"218"}}
{"ts":1710986171911,"action":"FILE_OPENED","file":"/crow-attr-text/build.gradle.kts","tags":{"FILE_LINE_OF_CODE":"95"}}
{"ts":1710986173208,"action":"FILE_CLOSED","file":"/crow-attr-text/build.gradle.kts","tags":{"FILE_LINE_OF_CODE":"95"}}
{"ts":1710986173208,"action":"FILE_OPENED","file":"/crow-attr-text/src/main/kotlin/com/crow/attr/text/AttrTextView.kt","tags":{"FILE_LINE_OF_CODE":"781"}}
{"ts":1710986174471,"action":"FILE_CLOSED","file":"/crow-attr-text/src/main/kotlin/com/crow/attr/text/AttrTextView.kt","tags":{"FILE_LINE_OF_CODE":"781"}}
{"ts":1710986174471,"action":"FILE_OPENED","file":"/app/src/main/kotlin/com/crow/attrtextlayout/MainActivity.kt","tags":{"FILE_LINE_OF_CODE":"160"}}
{"ts":1710986188189,"action":"IDE_DEACTIVATED"}
{"ts":1710986225282,"action":"IDE_ACTIVATED"}
{"ts":1710986226222,"action":"FILE_CLOSED","file":"/app/src/main/kotlin/com/crow/attrtextlayout/MainActivity.kt","tags":{"FILE_LINE_OF_CODE":"160"}}
{"ts":1710986226222,"action":"FILE_OPENED","file":"/app/src/main/res/layout/activity_main.xml","tags":{"FILE_LINE_OF_CODE":"218"}}
{"ts":1710986243284,"action":"IDE_DEACTIVATED"}
{"ts":1710986246099,"action":"IDE_ACTIVATED"}
{"ts":1710986247290,"action":"IDE_DEACTIVATED"}
{"ts":1710986274401,"action":"IDE_ACTIVATED"}
{"ts":1710986277852,"action":"FILE_CLOSED","file":"/app/src/main/res/layout/activity_main.xml","tags":{"FILE_LINE_OF_CODE":"219"}}
{"ts":1710986277852,"action":"FILE_OPENED","file":"/app/src/main/kotlin/com/crow/attrtextlayout/MainActivity.kt","tags":{"FILE_LINE_OF_CODE":"160"}}
{"ts":1710986279423,"action":"FILE_CLOSED","file":"/app/src/main/kotlin/com/crow/attrtextlayout/MainActivity.kt","tags":{"FILE_LINE_OF_CODE":"160"}}
{"ts":1710986279423,"action":"FILE_OPENED","file":"/crow-attr-text/build.gradle.kts","tags":{"FILE_LINE_OF_CODE":"95"}}
{"ts":1710986279767,"action":"FILE_CLOSED","file":"/crow-attr-text/build.gradle.kts","tags":{"FILE_LINE_OF_CODE":"95"}}
{"ts":1710986279767,"action":"FILE_OPENED","file":"/app/src/main/res/layout/activity_main.xml","tags":{"FILE_LINE_OF_CODE":"219"}}
{"ts":1710986286018,"action":"FILE_CLOSED","file":"/app/src/main/res/layout/activity_main.xml","tags":{"FILE_LINE_OF_CODE":"219"}}
{"ts":1710986286018,"action":"FILE_OPENED","file":"/app/src/main/kotlin/com/crow/attrtextlayout/MainActivity.kt","tags":{"FILE_LINE_OF_CODE":"160"}}
{"ts":1710986294796,"action":"IDE_DEACTIVATED"}
{"ts":1710986374491,"action":"IDE_ACTIVATED"}
{"ts":1710986401156,"action":"IDE_DEACTIVATED"}
{"ts":1710986402107,"action":"IDE_ACTIVATED"}
{"ts":1710986403024,"action":"FILE_CLOSED","file":"/app/src/main/kotlin/com/crow/attrtextlayout/MainActivity.kt","tags":{"FILE_LINE_OF_CODE":"132"}}
{"ts":1710986403024,"action":"FILE_OPENED","file":"/crow-attr-text/src/main/kotlin/com/crow/attr/text/AttrTextFrameConfig.kt","tags":{"FILE_LINE_OF_CODE":"32"}}
{"ts":1710986403687,"action":"FILE_CLOSED","file":"/crow-attr-text/src/main/kotlin/com/crow/attr/text/AttrTextFrameConfig.kt","tags":{"FILE_LINE_OF_CODE":"32"}}
{"ts":1710986403687,"action":"FILE_OPENED","file":"/app/src/main/res/layout/activity_main.xml","tags":{"FILE_LINE_OF_CODE":"219"}}
{"ts":1710986423669,"action":"FILE_CLOSED","file":"/app/src/main/res/layout/activity_main.xml","tags":{"FILE_LINE_OF_CODE":"218"}}
{"ts":1710986423669,"action":"FILE_OPENED","file":"/crow-attr-text/build.gradle.kts","tags":{"FILE_LINE_OF_CODE":"95"}}
{"ts":1710986424150,"action":"FILE_CLOSED","file":"/crow-attr-text/build.gradle.kts","tags":{"FILE_LINE_OF_CODE":"95"}}
{"ts":1710986424150,"action":"FILE_OPENED","file":"/crow-attr-text/src/main/kotlin/com/crow/attr/text/AttrTextFrameConfig.kt","tags":{"FILE_LINE_OF_CODE":"32"}}
{"ts":1710986425308,"action":"FILE_CLOSED","file":"/crow-attr-text/src/main/kotlin/com/crow/attr/text/AttrTextFrameConfig.kt","tags":{"FILE_LINE_OF_CODE":"32"}}
{"ts":1710986425308,"action":"FILE_OPENED","file":"/app/src/main/kotlin/com/crow/attrtextlayout/MainActivity.kt","tags":{"FILE_LINE_OF_CODE":"132"}}
{"ts":1710986429541,"action":"FILE_CLOSED","file":"/app/src/main/kotlin/com/crow/attrtextlayout/MainActivity.kt","tags":{"FILE_LINE_OF_CODE":"132"}}
{"ts":1710986429541,"action":"FILE_OPENED","file":"/app/src/main/res/layout/activity_main.xml","tags":{"FILE_LINE_OF_CODE":"218"}}
{"ts":1710986476541,"action":"IDE_DEACTIVATED"}
{"ts":1710986518615,"action":"IDE_ACTIVATED"}
{"ts":1710986534661,"action":"IDE_DEACTIVATED"}
{"ts":1710986534778,"action":"IDE_ACTIVATED"}
{"ts":1710986590546,"action":"IDE_DEACTIVATED"}
{"ts":1710986594921,"action":"IDE_ACTIVATED"}
{"ts":1710986596883,"action":"FILE_CLOSED","file":"/app/src/main/res/layout/activity_main.xml","tags":{"FILE_LINE_OF_CODE":"218"}}
{"ts":1710986596883,"action":"FILE_OPENED","file":"/crow-attr-text/src/main/kotlin/com/crow/attr/text/AttrTextLayout.kt","tags":{"FILE_LINE_OF_CODE":"1878"}}
{"ts":1710986631456,"action":"IDE_DEACTIVATED"}
{"ts":1710986653685,"action":"IDE_ACTIVATED"}
{"ts":1710986830598,"action":"IDE_DEACTIVATED"}
{"ts":1710986879858,"action":"IDE_ACTIVATED"}
{"ts":1710986922716,"action":"IDE_DEACTIVATED"}
{"ts":1710986937105,"action":"IDE_ACTIVATED"}
{"ts":1710986993998,"action":"IDE_DEACTIVATED"}
{"ts":1710987124141,"action":"IDE_ACTIVATED"}
{"ts":1710987212749,"action":"FILE_CLOSED","file":"/crow-attr-text/src/main/kotlin/com/crow/attr/text/AttrTextLayout.kt","tags":{"FILE_LINE_OF_CODE":"1879"}}
{"ts":1710987212749,"action":"FILE_OPENED","file":"/crow-attr-text/src/main/kotlin/com/crow/attr/text/AttrTextFrameConfig.kt","tags":{"FILE_LINE_OF_CODE":"32"}}
{"ts":1710987215647,"action":"FILE_CLOSED","file":"/crow-attr-text/src/main/kotlin/com/crow/attr/text/AttrTextFrameConfig.kt","tags":{"FILE_LINE_OF_CODE":"31"}}
{"ts":1710987215647,"action":"FILE_OPENED","file":"/crow-attr-text/src/main/kotlin/com/crow/attr/text/AttrTextView.kt","tags":{"FILE_LINE_OF_CODE":"781"}}
{"ts":1710987217467,"action":"FILE_CLOSED","file":"/crow-attr-text/src/main/kotlin/com/crow/attr/text/AttrTextView.kt","tags":{"FILE_LINE_OF_CODE":"781"}}
{"ts":1710987217467,"action":"FILE_OPENED","file":"/crow-attr-text/src/main/kotlin/com/crow/attr/text/AttrTextLayout.kt","tags":{"FILE_LINE_OF_CODE":"1879"}}
{"ts":1710987249014,"action":"FILE_CLOSED","file":"/crow-attr-text/src/main/kotlin/com/crow/attr/text/AttrTextLayout.kt","tags":{"FILE_LINE_OF_CODE":"1878"}}
{"ts":1710987249014,"action":"FILE_OPENED","file":"/crow-attr-text/build.gradle.kts","tags":{"FILE_LINE_OF_CODE":"95"}}
{"ts":1710987249659,"action":"FILE_CLOSED","file":"/crow-attr-text/build.gradle.kts","tags":{"FILE_LINE_OF_CODE":"95"}}
{"ts":1710987249659,"action":"FILE_OPENED","file":"/app/src/main/res/layout/activity_main.xml","tags":{"FILE_LINE_OF_CODE":"218"}}
{"ts":1710987283970,"action":"FILE_CLOSED","file":"/app/src/main/res/layout/activity_main.xml","tags":{"FILE_LINE_OF_CODE":"218"}}
{"ts":1710987283970,"action":"FILE_OPENED","file":"/crow-attr-text/src/main/kotlin/com/crow/attr/text/AttrTextView.kt","tags":{"FILE_LINE_OF_CODE":"781"}}
{"ts":1710987314771,"action":"FILE_CLOSED","file":"/crow-attr-text/src/main/kotlin/com/crow/attr/text/AttrTextView.kt","tags":{"FILE_LINE_OF_CODE":"785"}}
{"ts":1710987314771,"action":"FILE_OPENED","file":"/crow-attr-text/src/main/kotlin/com/crow/attr/text/AttrTextLayout.kt","tags":{"FILE_LINE_OF_CODE":"1878"}}
{"ts":1710987363889,"action":"FILE_CLOSED","file":"/crow-attr-text/src/main/kotlin/com/crow/attr/text/AttrTextLayout.kt","tags":{"FILE_LINE_OF_CODE":"1878"}}
{"ts":1710987363889,"action":"FILE_OPENED","file":"/crow-attr-text/src/main/kotlin/com/crow/attr/text/AttrTextFrameConfig.kt","tags":{"FILE_LINE_OF_CODE":"31"}}
{"ts":1710987365714,"action":"FILE_CLOSED","file":"/crow-attr-text/src/main/kotlin/com/crow/attr/text/AttrTextFrameConfig.kt","tags":{"FILE_LINE_OF_CODE":"32"}}
{"ts":1710987365714,"action":"FILE_OPENED","file":"/crow-attr-text/build.gradle.kts","tags":{"FILE_LINE_OF_CODE":"95"}}
{"ts":1710987366383,"action":"FILE_CLOSED","file":"/crow-attr-text/build.gradle.kts","tags":{"FILE_LINE_OF_CODE":"95"}}
{"ts":1710987366383,"action":"FILE_OPENED","file":"/app/src/main/res/layout/activity_main.xml","tags":{"FILE_LINE_OF_CODE":"218"}}
{"ts":1710987393711,"action":"IDE_DEACTIVATED"}
{"ts":1710987427429,"action":"IDE_ACTIVATED"}
{"ts":1710987427766,"action":"IDE_DEACTIVATED"}
{"ts":1710987434236,"action":"IDE_ACTIVATED"}
{"ts":1710987434490,"action":"IDE_DEACTIVATED"}
{"ts":1710987502266,"action":"IDE_ACTIVATED"}
{"ts":1710987534062,"action":"IDE_DEACTIVATED"}
{"ts":1710987620394,"action":"IDE_ACTIVATED"}
{"ts":1710987625539,"action":"IDE_DEACTIVATED"}
{"ts":1710987629009,"action":"IDE_ACTIVATED"}
{"ts":1710987631502,"action":"IDE_DEACTIVATED"}
{"ts":1710987631598,"action":"IDE_ACTIVATED"}
{"ts":1710987631965,"action":"IDE_DEACTIVATED"}
{"ts":1710987637445,"action":"IDE_ACTIVATED"}
{"ts":1710987652688,"action":"IDE_DEACTIVATED"}
{"ts":1710987664510,"action":"IDE_ACTIVATED"}
{"ts":1710987666183,"action":"IDE_DEACTIVATED"}
{"ts":1710987670165,"action":"IDE_ACTIVATED"}
{"ts":1710987679423,"action":"IDE_DEACTIVATED"}
{"ts":1710987728090,"action":"IDE_ACTIVATED"}
{"ts":1710987728754,"action":"IDE_DEACTIVATED"}
{"ts":1710987729399,"action":"IDE_ACTIVATED"}
{"ts":1710987732215,"action":"FILE_CLOSED","file":"/app/src/main/res/layout/activity_main.xml","tags":{"FILE_LINE_OF_CODE":"218"}}
{"ts":1710987732215,"action":"FILE_OPENED","file":"/app/src/main/kotlin/com/crow/attrtextlayout/MainActivity.kt","tags":{"FILE_LINE_OF_CODE":"132"}}
{"ts":1710987740055,"action":"FILE_CLOSED","file":"/app/src/main/kotlin/com/crow/attrtextlayout/MainActivity.kt","tags":{"FILE_LINE_OF_CODE":"160"}}
{"ts":1710987740055,"action":"FILE_OPENED","file":"/app/src/main/res/layout/activity_main.xml","tags":{"FILE_LINE_OF_CODE":"218"}}
{"ts":1710987754045,"action":"FILE_CLOSED","file":"/app/src/main/res/layout/activity_main.xml","tags":{"FILE_LINE_OF_CODE":"218"}}
{"ts":1710987754045,"action":"FILE_OPENED","file":"/crow-attr-text/build.gradle.kts","tags":{"FILE_LINE_OF_CODE":"95"}}
{"ts":1710987754852,"action":"FILE_CLOSED","file":"/crow-attr-text/build.gradle.kts","tags":{"FILE_LINE_OF_CODE":"95"}}
{"ts":1710987754852,"action":"FILE_OPENED","file":"/crow-attr-text/src/main/kotlin/com/crow/attr/text/AttrTextView.kt","tags":{"FILE_LINE_OF_CODE":"785"}}
{"ts":1710987755390,"action":"FILE_CLOSED","file":"/crow-attr-text/src/main/kotlin/com/crow/attr/text/AttrTextView.kt","tags":{"FILE_LINE_OF_CODE":"785"}}
{"ts":1710987755390,"action":"FILE_OPENED","file":"/crow-attr-text/src/main/kotlin/com/crow/attr/text/AttrTextLayout.kt","tags":{"FILE_LINE_OF_CODE":"1878"}}
{"ts":1710987759752,"action":"FILE_CLOSED","file":"/crow-attr-text/src/main/kotlin/com/crow/attr/text/AttrTextLayout.kt","tags":{"FILE_LINE_OF_CODE":"1878"}}
{"ts":1710987759752,"action":"FILE_OPENED","file":"/app/src/main/kotlin/com/crow/attrtextlayout/MainActivity.kt","tags":{"FILE_LINE_OF_CODE":"160"}}
{"ts":1710987763986,"action":"IDE_DEACTIVATED"}
{"ts":1710987774860,"action":"IDE_ACTIVATED"}
{"ts":1710987795285,"action":"IDE_DEACTIVATED"}
{"ts":1710987801379,"action":"IDE_ACTIVATED"}
{"ts":1710987816925,"action":"FILE_CLOSED","file":"/app/src/main/kotlin/com/crow/attrtextlayout/MainActivity.kt","tags":{"FILE_LINE_OF_CODE":"160"}}
{"ts":1710987816925,"action":"FILE_OPENED","file":"/app/src/main/res/layout/activity_main.xml","tags":{"FILE_LINE_OF_CODE":"218"}}
{"ts":1710987823878,"action":"IDE_DEACTIVATED"}
{"ts":1710987847224,"action":"IDE_ACTIVATED"}
{"ts":1710987857379,"action":"FILE_CLOSED","file":"/app/src/main/res/layout/activity_main.xml","tags":{"FILE_LINE_OF_CODE":"219"}}
{"ts":1710987857379,"action":"FILE_OPENED","file":"/crow-attr-text/src/main/kotlin/com/crow/attr/text/AttrTextLayout.kt","tags":{"FILE_LINE_OF_CODE":"1878"}}
{"ts":1710987859420,"action":"FILE_CLOSED","file":"/crow-attr-text/src/main/kotlin/com/crow/attr/text/AttrTextLayout.kt","tags":{"FILE_LINE_OF_CODE":"1878"}}
{"ts":1710987859420,"action":"FILE_OPENED","file":"/crow-attr-text/src/main/kotlin/com/crow/attr/text/AttrTextFrameConfig.kt","tags":{"FILE_LINE_OF_CODE":"32"}}
{"ts":1710987859915,"action":"FILE_CLOSED","file":"/crow-attr-text/src/main/kotlin/com/crow/attr/text/AttrTextFrameConfig.kt","tags":{"FILE_LINE_OF_CODE":"32"}}
{"ts":1710987859915,"action":"FILE_OPENED","file":"/crow-attr-text/build.gradle.kts","tags":{"FILE_LINE_OF_CODE":"95"}}
{"ts":1710987860826,"action":"FILE_CLOSED","file":"/crow-attr-text/build.gradle.kts","tags":{"FILE_LINE_OF_CODE":"95"}}
{"ts":1710987860826,"action":"FILE_OPENED","file":"/app/src/main/kotlin/com/crow/attrtextlayout/MainActivity.kt","tags":{"FILE_LINE_OF_CODE":"160"}}
{"ts":1710987876984,"action":"IDE_DEACTIVATED"}
{"ts":1710987879045,"action":"IDE_ACTIVATED"}
{"ts":1710987881577,"action":"IDE_DEACTIVATED"}
{"ts":1710987956902,"action":"IDE_ACTIVATED"}
{"ts":1710987957583,"action":"IDE_DEACTIVATED"}
{"ts":1710988392335,"action":"IDE_ACTIVATED"}
{"ts":1710988395924,"action":"IDE_DEACTIVATED"}
{"ts":1710989017767,"action":"IDE_ACTIVATED"}
{"ts":1710989018247,"action":"IDE_DEACTIVATED"}
{"ts":1710989018338,"action":"IDE_ACTIVATED"}
{"ts":1710989022736,"action":"IDE_DEACTIVATED"}
{"ts":1710989069410,"action":"IDE_ACTIVATED"}
{"ts":1710989069980,"action":"IDE_DEACTIVATED"}
{"ts":1710989865882,"action":"IDE_ACTIVATED"}
{"ts":1710989868125,"action":"IDE_DEACTIVATED"}
{"ts":1710989868234,"action":"IDE_ACTIVATED"}
{"ts":1710989868848,"action":"IDE_DEACTIVATED"}
{"ts":1710989869686,"action":"IDE_ACTIVATED"}
{"ts":1710989869764,"action":"IDE_DEACTIVATED"}
{"ts":1710991070887,"action":"IDE_ACTIVATED"}
{"ts":1710991071529,"action":"IDE_DEACTIVATED"}
{"ts":1710991071648,"action":"IDE_ACTIVATED"}
{"ts":1710991072225,"action":"IDE_DEACTIVATED"}
{"ts":1710991167936,"action":"IDE_ACTIVATED"}
{"ts":1710991168636,"action":"IDE_DEACTIVATED"}
{"ts":1710991168734,"action":"IDE_ACTIVATED"}
{"ts":1710991170887,"action":"IDE_DEACTIVATED"}
{"ts":1710991602870,"action":"IDE_ACTIVATED"}
{"ts":1710991641476,"action":"IDE_DEACTIVATED"}
{"ts":1710992388851,"action":"IDE_ACTIVATED"}
{"ts":1710992406715,"action":"IDE_DEACTIVATED"}
{"ts":1710992494066,"action":"IDE_ACTIVATED"}
{"ts":1710992494784,"action":"IDE_DEACTIVATED"}
{"ts":1710992496811,"action":"IDE_ACTIVATED"}
{"ts":1710992501352,"action":"IDE_DEACTIVATED"}
{"ts":1710992504816,"action":"IDE_ACTIVATED"}
{"ts":1710992523129,"action":"FILE_CLOSED","file":"/app/src/main/kotlin/com/crow/attrtextlayout/MainActivity.kt","tags":{"FILE_LINE_OF_CODE":"127"}}
{"ts":1710992523129,"action":"FILE_OPENED","file":"/app/src/main/res/layout/activity_main.xml","tags":{"FILE_LINE_OF_CODE":"219"}}
{"ts":1710992534317,"action":"FILE_CLOSED","file":"/app/src/main/res/layout/activity_main.xml","tags":{"FILE_LINE_OF_CODE":"218"}}
{"ts":1710992534317,"action":"FILE_OPENED","file":"/crow-attr-text/src/main/kotlin/com/crow/attr/text/AttrTextExt.kt","tags":{"FILE_LINE_OF_CODE":"107"}}
{"ts":1710992535504,"action":"FILE_CLOSED","file":"/crow-attr-text/src/main/kotlin/com/crow/attr/text/AttrTextExt.kt","tags":{"FILE_LINE_OF_CODE":"107"}}
{"ts":1710992535504,"action":"FILE_OPENED","file":"/app/src/main/res/layout/activity_main.xml","tags":{"FILE_LINE_OF_CODE":"218"}}
{"ts":1710992536303,"action":"FILE_CLOSED","file":"/app/src/main/res/layout/activity_main.xml","tags":{"FILE_LINE_OF_CODE":"218"}}
{"ts":1710992536303,"action":"FILE_OPENED","file":"/app/src/main/kotlin/com/crow/attrtextlayout/MainActivity.kt","tags":{"FILE_LINE_OF_CODE":"127"}}
{"ts":1710992554880,"action":"FILE_CLOSED","file":"/app/src/main/kotlin/com/crow/attrtextlayout/MainActivity.kt","tags":{"FILE_LINE_OF_CODE":"128"}}
{"ts":1710992554880,"action":"FILE_OPENED","file":"/app/src/main/res/layout/activity_main.xml","tags":{"FILE_LINE_OF_CODE":"218"}}
{"ts":1710992567135,"action":"FILE_CLOSED","file":"/app/src/main/res/layout/activity_main.xml","tags":{"FILE_LINE_OF_CODE":"219"}}
{"ts":1710992567135,"action":"FILE_OPENED","file":"/app/src/main/kotlin/com/crow/attrtextlayout/MainActivity.kt","tags":{"FILE_LINE_OF_CODE":"128"}}
{"ts":1710992572514,"action":"IDE_DEACTIVATED"}
{"ts":1710999263934,"action":"IDE_ACTIVATED"}
{"ts":1710999264664,"action":"IDE_DEACTIVATED"}
{"ts":1710999342574,"action":"IDE_ACTIVATED"}
{"ts":1710999343058,"action":"IDE_DEACTIVATED"}
{"ts":1710999346290,"action":"IDE_ACTIVATED"}
{"ts":1710999346806,"action":"IDE_DEACTIVATED"}
{"ts":1710999351262,"action":"IDE_ACTIVATED"}
{"ts":1710999351522,"action":"IDE_DEACTIVATED"}
{"ts":1710999406781,"action":"IDE_ACTIVATED"}
{"ts":1710999407886,"action":"IDE_DEACTIVATED"}
{"ts":1710999768079,"action":"IDE_ACTIVATED"}
{"ts":1710999778124,"action":"IDE_DEACTIVATED"}
{"ts":1710999916356,"action":"IDE_ACTIVATED"}
{"ts":1710999918859,"action":"FILE_CLOSED","file":"/app/src/main/kotlin/com/crow/attrtextlayout/MainActivity.kt","tags":{"FILE_LINE_OF_CODE":"127"}}
{"ts":1710999918859,"action":"FILE_OPENED","file":"/crow-attr-text/src/main/kotlin/com/crow/attr/text/AttrTextFrameConfig.kt","tags":{"FILE_LINE_OF_CODE":"32"}}
{"ts":1710999921342,"action":"FILE_CLOSED","file":"/crow-attr-text/src/main/kotlin/com/crow/attr/text/AttrTextFrameConfig.kt","tags":{"FILE_LINE_OF_CODE":"32"}}
{"ts":1710999921342,"action":"FILE_OPENED","file":"/crow-attr-text/src/main/kotlin/com/crow/attr/text/AttrTextLayout.kt","tags":{"FILE_LINE_OF_CODE":"1878"}}
{"ts":1711000115362,"action":"IDE_DEACTIVATED"}
{"ts":1711000319657,"action":"IDE_ACTIVATED"}
{"ts":1711000537593,"action":"IDE_DEACTIVATED"}
{"ts":1711000542214,"action":"IDE_ACTIVATED"}
{"ts":1711000549043,"action":"IDE_DEACTIVATED"}
{"ts":1711000550632,"action":"IDE_ACTIVATED"}
{"ts":1711000550994,"action":"IDE_DEACTIVATED"}
{"ts":1711000551099,"action":"IDE_ACTIVATED"}
{"ts":1711000551271,"action":"IDE_DEACTIVATED"}
{"ts":1711000553672,"action":"IDE_ACTIVATED"}
{"ts":1711000585720,"action":"IDE_DEACTIVATED"}
{"ts":1711000603053,"action":"IDE_ACTIVATED"}
{"ts":1711000927112,"action":"IDE_DEACTIVATED"}
{"ts":1711000927705,"action":"IDE_ACTIVATED"}
{"ts":1711000927839,"action":"IDE_DEACTIVATED"}
{"ts":1711000963608,"action":"IDE_ACTIVATED"}
{"ts":1711001046282,"action":"IDE_DEACTIVATED"}
{"ts":1711001053982,"action":"IDE_ACTIVATED"}
{"ts":1711001193089,"action":"IDE_DEACTIVATED"}
{"ts":1711001205524,"action":"IDE_ACTIVATED"}
{"ts":1711001208731,"action":"IDE_DEACTIVATED"}
{"ts":1711001229723,"action":"IDE_ACTIVATED"}
{"ts":1711001300826,"action":"IDE_DEACTIVATED"}
{"ts":1711001303124,"action":"IDE_ACTIVATED"}
{"ts":1711001391361,"action":"FILE_CLOSED","file":"/crow-attr-text/src/main/kotlin/com/crow/attr/text/AttrTextLayout.kt","tags":{"FILE_LINE_OF_CODE":"1902"}}
{"ts":1711001391361,"action":"FILE_OPENED","file":"/crow-attr-text/src/main/res/values/attrs_text.xml","tags":{"FILE_LINE_OF_CODE":"96"}}
{"ts":1711001447874,"action":"FILE_CLOSED","file":"/crow-attr-text/src/main/res/values/attrs_text.xml","tags":{"FILE_LINE_OF_CODE":"97"}}
{"ts":1711001447874,"action":"FILE_OPENED","file":"/crow-attr-text/src/main/kotlin/com/crow/attr/text/AttrTextLayout.kt","tags":{"FILE_LINE_OF_CODE":"1902"}}
{"ts":1711001450193,"action":"FILE_CLOSED","file":"/crow-attr-text/src/main/kotlin/com/crow/attr/text/AttrTextLayout.kt","tags":{"FILE_LINE_OF_CODE":"1902"}}
{"ts":1711001450193,"action":"FILE_OPENED","file":"/crow-attr-text/src/main/kotlin/com/crow/attr/text/AttrTextView.kt","tags":{"FILE_LINE_OF_CODE":"785"}}
{"ts":1711001466678,"action":"FILE_CLOSED","file":"/crow-attr-text/src/main/kotlin/com/crow/attr/text/AttrTextView.kt","tags":{"FILE_LINE_OF_CODE":"785"}}
{"ts":1711001466678,"action":"FILE_OPENED","file":"/crow-attr-text/src/main/kotlin/com/crow/attr/text/AttrTextExt.kt","tags":{"FILE_LINE_OF_CODE":"107"}}
{"ts":1711001468037,"action":"FILE_CLOSED","file":"/crow-attr-text/src/main/kotlin/com/crow/attr/text/AttrTextExt.kt","tags":{"FILE_LINE_OF_CODE":"107"}}
{"ts":1711001468037,"action":"FILE_OPENED","file":"/crow-attr-text/src/main/res/values/attrs_text.xml","tags":{"FILE_LINE_OF_CODE":"97"}}
{"ts":1711001468221,"action":"FILE_CLOSED","file":"/crow-attr-text/src/main/res/values/attrs_text.xml","tags":{"FILE_LINE_OF_CODE":"97"}}
{"ts":1711001468221,"action":"FILE_OPENED","file":"/crow-attr-text/src/main/kotlin/com/crow/attr/text/AttrTextLayout.kt","tags":{"FILE_LINE_OF_CODE":"1902"}}
{"ts":1711001545553,"action":"FILE_CLOSED","file":"/crow-attr-text/src/main/kotlin/com/crow/attr/text/AttrTextLayout.kt","tags":{"FILE_LINE_OF_CODE":"1903"}}
{"ts":1711001545553,"action":"FILE_OPENED","file":"/crow-attr-text/src/main/res/values/attrs_text.xml","tags":{"FILE_LINE_OF_CODE":"97"}}
{"ts":1711001552441,"action":"FILE_CLOSED","file":"/crow-attr-text/src/main/res/values/attrs_text.xml","tags":{"FILE_LINE_OF_CODE":"97"}}
{"ts":1711001552441,"action":"FILE_OPENED","file":"/crow-attr-text/src/main/kotlin/com/crow/attr/text/AttrTextLayout.kt","tags":{"FILE_LINE_OF_CODE":"1903"}}
{"ts":1711001568449,"action":"FILE_CLOSED","file":"/crow-attr-text/src/main/kotlin/com/crow/attr/text/AttrTextLayout.kt","tags":{"FILE_LINE_OF_CODE":"1903"}}
{"ts":1711001568449,"action":"FILE_OPENED","file":"/crow-attr-text/src/main/kotlin/com/crow/attr/text/AttrTextExt.kt","tags":{"FILE_LINE_OF_CODE":"107"}}
{"ts":1711001568956,"action":"FILE_CLOSED","file":"/crow-attr-text/src/main/kotlin/com/crow/attr/text/AttrTextExt.kt","tags":{"FILE_LINE_OF_CODE":"107"}}
{"ts":1711001568956,"action":"FILE_OPENED","file":"/crow-attr-text/src/main/kotlin/com/crow/attr/text/AttrTextView.kt","tags":{"FILE_LINE_OF_CODE":"785"}}
{"ts":1711001581533,"action":"FILE_CLOSED","file":"/crow-attr-text/src/main/kotlin/com/crow/attr/text/AttrTextView.kt","tags":{"FILE_LINE_OF_CODE":"781"}}
{"ts":1711001581533,"action":"FILE_OPENED","file":"/app/src/main/res/layout/activity_main.xml","tags":{"FILE_LINE_OF_CODE":"219"}}
{"ts":1711001590139,"action":"IDE_DEACTIVATED"}
{"ts":1711001618205,"action":"IDE_ACTIVATED"}
{"ts":1711001622084,"action":"IDE_DEACTIVATED"}
{"ts":1711001650111,"action":"IDE_ACTIVATED"}
{"ts":1711001653957,"action":"IDE_DEACTIVATED"}
{"ts":1711001655452,"action":"IDE_ACTIVATED"}
{"ts":1711001683795,"action":"IDE_DEACTIVATED"}
{"ts":1711001689731,"action":"IDE_ACTIVATED"}
{"ts":1711001700044,"action":"IDE_DEACTIVATED"}
{"ts":1711001748769,"action":"IDE_ACTIVATED"}
{"ts":1711001748924,"action":"IDE_DEACTIVATED"}
{"ts":1711001850453,"action":"IDE_ACTIVATED"}
{"ts":1711001872010,"action":"FILE_CLOSED","file":"/app/src/main/res/layout/activity_main.xml","tags":{"FILE_LINE_OF_CODE":"220"}}
{"ts":1711001872010,"action":"FILE_OPENED","file":"/crow-attr-text/src/main/kotlin/com/crow/attr/text/AttrTextLayout.kt","tags":{"FILE_LINE_OF_CODE":"1903"}}
{"ts":1711001874283,"action":"FILE_CLOSED","file":"/crow-attr-text/src/main/kotlin/com/crow/attr/text/AttrTextLayout.kt","tags":{"FILE_LINE_OF_CODE":"1903"}}
{"ts":1711001874283,"action":"FILE_OPENED","file":"/crow-attr-text/src/main/kotlin/com/crow/attr/text/AttrTextFrameConfig.kt","tags":{"FILE_LINE_OF_CODE":"32"}}
{"ts":1711001874827,"action":"FILE_CLOSED","file":"/crow-attr-text/src/main/kotlin/com/crow/attr/text/AttrTextFrameConfig.kt","tags":{"FILE_LINE_OF_CODE":"32"}}
{"ts":1711001874827,"action":"FILE_OPENED","file":"/crow-attr-text/build.gradle.kts","tags":{"FILE_LINE_OF_CODE":"95"}}
{"ts":1711001875438,"action":"FILE_CLOSED","file":"/crow-attr-text/build.gradle.kts","tags":{"FILE_LINE_OF_CODE":"95"}}
{"ts":1711001875438,"action":"FILE_OPENED","file":"/app/src/main/res/layout/activity_main.xml","tags":{"FILE_LINE_OF_CODE":"220"}}
{"ts":1711001890031,"action":"FILE_CLOSED","file":"/app/src/main/res/layout/activity_main.xml","tags":{"FILE_LINE_OF_CODE":"220"}}
{"ts":1711001890031,"action":"FILE_OPENED","file":"/crow-attr-text/src/main/kotlin/com/crow/attr/text/AttrTextLayout.kt","tags":{"FILE_LINE_OF_CODE":"1903"}}
{"ts":1711001902612,"action":"FILE_CLOSED","file":"/crow-attr-text/src/main/kotlin/com/crow/attr/text/AttrTextLayout.kt","tags":{"FILE_LINE_OF_CODE":"1903"}}
{"ts":1711001902612,"action":"FILE_OPENED","file":"/crow-attr-text/src/main/res/values/attrs_text.xml","tags":{"FILE_LINE_OF_CODE":"97"}}
{"ts":1711001904156,"action":"FILE_CLOSED","file":"/crow-attr-text/src/main/res/values/attrs_text.xml","tags":{"FILE_LINE_OF_CODE":"97"}}
{"ts":1711001904156,"action":"FILE_OPENED","file":"/app/src/main/res/layout/activity_main.xml","tags":{"FILE_LINE_OF_CODE":"220"}}
{"ts":1711001927751,"action":"FILE_CLOSED","file":"/app/src/main/res/layout/activity_main.xml","tags":{"FILE_LINE_OF_CODE":"220"}}
{"ts":1711001927751,"action":"FILE_OPENED","file":"/crow-attr-text/build.gradle.kts","tags":{"FILE_LINE_OF_CODE":"95"}}
{"ts":1711001928137,"action":"FILE_CLOSED","file":"/crow-attr-text/build.gradle.kts","tags":{"FILE_LINE_OF_CODE":"95"}}
{"ts":1711001928137,"action":"FILE_OPENED","file":"/crow-attr-text/src/main/kotlin/com/crow/attr/text/AttrTextFrameConfig.kt","tags":{"FILE_LINE_OF_CODE":"32"}}
{"ts":1711001928578,"action":"FILE_CLOSED","file":"/crow-attr-text/src/main/kotlin/com/crow/attr/text/AttrTextFrameConfig.kt","tags":{"FILE_LINE_OF_CODE":"32"}}
{"ts":1711001928578,"action":"FILE_OPENED","file":"/crow-attr-text/src/main/kotlin/com/crow/attr/text/AttrTextView.kt","tags":{"FILE_LINE_OF_CODE":"781"}}
{"ts":1711001928964,"action":"FILE_CLOSED","file":"/crow-attr-text/src/main/kotlin/com/crow/attr/text/AttrTextView.kt","tags":{"FILE_LINE_OF_CODE":"781"}}
{"ts":1711001928964,"action":"FILE_OPENED","file":"/crow-attr-text/src/main/kotlin/com/crow/attr/text/AttrTextExt.kt","tags":{"FILE_LINE_OF_CODE":"107"}}
{"ts":1711001929381,"action":"FILE_CLOSED","file":"/crow-attr-text/src/main/kotlin/com/crow/attr/text/AttrTextExt.kt","tags":{"FILE_LINE_OF_CODE":"107"}}
{"ts":1711001929381,"action":"FILE_OPENED","file":"/crow-attr-text/src/main/res/values/attrs_text.xml","tags":{"FILE_LINE_OF_CODE":"97"}}
{"ts":1711001929821,"action":"FILE_CLOSED","file":"/crow-attr-text/src/main/res/values/attrs_text.xml","tags":{"FILE_LINE_OF_CODE":"97"}}
{"ts":1711001929821,"action":"FILE_OPENED","file":"/crow-attr-text/src/main/kotlin/com/crow/attr/text/AttrTextLayout.kt","tags":{"FILE_LINE_OF_CODE":"1903"}}
{"ts":1711002022990,"action":"FILE_CLOSED","file":"/crow-attr-text/src/main/kotlin/com/crow/attr/text/AttrTextLayout.kt","tags":{"FILE_LINE_OF_CODE":"1904"}}
{"ts":1711002022990,"action":"FILE_OPENED","file":"/crow-attr-text/src/main/kotlin/com/crow/attr/text/IAttrText.kt","tags":{"FILE_LINE_OF_CODE":"276"}}
{"ts":1711002028794,"action":"FILE_CLOSED","file":"/crow-attr-text/src/main/kotlin/com/crow/attr/text/IAttrText.kt","tags":{"FILE_LINE_OF_CODE":"276"}}
{"ts":1711002028794,"action":"FILE_OPENED","file":"/crow-attr-text/src/main/kotlin/com/crow/attr/text/AttrTextLayout.kt","tags":{"FILE_LINE_OF_CODE":"1904"}}
{"ts":1711002138540,"action":"FILE_CLOSED","file":"/crow-attr-text/src/main/kotlin/com/crow/attr/text/AttrTextLayout.kt","tags":{"FILE_LINE_OF_CODE":"1903"}}
{"ts":1711002138540,"action":"FILE_OPENED","file":"/crow-attr-text/src/main/kotlin/com/crow/attr/text/AttrTextView.kt","tags":{"FILE_LINE_OF_CODE":"781"}}
{"ts":1711002159164,"action":"IDE_DEACTIVATED"}
{"ts":1711002160461,"action":"IDE_ACTIVATED"}
{"ts":1711002165120,"action":"FILE_CLOSED","file":"/crow-attr-text/src/main/kotlin/com/crow/attr/text/AttrTextView.kt","tags":{"FILE_LINE_OF_CODE":"785"}}
{"ts":1711002165120,"action":"FILE_OPENED","file":"/app/src/main/res/layout/activity_main.xml","tags":{"FILE_LINE_OF_CODE":"220"}}
{"ts":1711002166815,"action":"FILE_CLOSED","file":"/app/src/main/res/layout/activity_main.xml","tags":{"FILE_LINE_OF_CODE":"220"}}
{"ts":1711002166815,"action":"FILE_OPENED","file":"/crow-attr-text/src/main/kotlin/com/crow/attr/text/AttrTextExt.kt","tags":{"FILE_LINE_OF_CODE":"107"}}
{"ts":1711002169442,"action":"FILE_CLOSED","file":"/crow-attr-text/src/main/kotlin/com/crow/attr/text/AttrTextExt.kt","tags":{"FILE_LINE_OF_CODE":"107"}}
{"ts":1711002169442,"action":"FILE_OPENED","file":"/crow-attr-text/src/main/kotlin/com/crow/attr/text/AttrTextFrameConfig.kt","tags":{"FILE_LINE_OF_CODE":"32"}}
{"ts":1711002170005,"action":"FILE_CLOSED","file":"/crow-attr-text/src/main/kotlin/com/crow/attr/text/AttrTextFrameConfig.kt","tags":{"FILE_LINE_OF_CODE":"32"}}
{"ts":1711002170005,"action":"FILE_OPENED","file":"/crow-attr-text/src/main/kotlin/com/crow/attr/text/AttrTextView.kt","tags":{"FILE_LINE_OF_CODE":"785"}}
{"ts":1711002170414,"action":"FILE_CLOSED","file":"/crow-attr-text/src/main/kotlin/com/crow/attr/text/AttrTextView.kt","tags":{"FILE_LINE_OF_CODE":"785"}}
{"ts":1711002170414,"action":"FILE_OPENED","file":"/crow-attr-text/src/main/kotlin/com/crow/attr/text/AttrTextExt.kt","tags":{"FILE_LINE_OF_CODE":"107"}}
{"ts":1711002170970,"action":"FILE_CLOSED","file":"/crow-attr-text/src/main/kotlin/com/crow/attr/text/AttrTextExt.kt","tags":{"FILE_LINE_OF_CODE":"107"}}
{"ts":1711002170970,"action":"FILE_OPENED","file":"/crow-attr-text/src/main/res/values/attrs_text.xml","tags":{"FILE_LINE_OF_CODE":"97"}}
{"ts":1711002171959,"action":"FILE_CLOSED","file":"/crow-attr-text/src/main/res/values/attrs_text.xml","tags":{"FILE_LINE_OF_CODE":"97"}}
{"ts":1711002171960,"action":"FILE_OPENED","file":"/crow-attr-text/src/main/kotlin/com/crow/attr/text/AttrTextLayout.kt","tags":{"FILE_LINE_OF_CODE":"1903"}}
{"ts":1711002200296,"action":"IDE_DEACTIVATED"}
{"ts":1711002208050,"action":"IDE_ACTIVATED"}
{"ts":1711002208472,"action":"IDE_DEACTIVATED"}
{"ts":1711002208547,"action":"IDE_ACTIVATED"}
{"ts":1711002323773,"action":"IDE_DEACTIVATED"}
{"ts":1711002794706,"action":"IDE_ACTIVATED"}
{"ts":1711002795953,"action":"IDE_DEACTIVATED"}
{"ts":1711003529273,"action":"IDE_ACTIVATED"}
{"ts":1711003529797,"action":"IDE_DEACTIVATED"}
{"ts":1711003529903,"action":"IDE_ACTIVATED"}
{"ts":1711003530929,"action":"IDE_DEACTIVATED"}
{"ts":1711007795685,"action":"IDE_ACTIVATED"}
{"ts":1711007797376,"action":"FILE_CLOSED","file":"/crow-attr-text/src/main/kotlin/com/crow/attr/text/AttrTextLayout.kt","tags":{"FILE_LINE_OF_CODE":"1903"}}
{"ts":1711007797376,"action":"FILE_OPENED","file":"/crow-attr-text/src/main/kotlin/com/crow/attr/text/AttrTextFrameConfig.kt","tags":{"FILE_LINE_OF_CODE":"32"}}
{"ts":1711007797927,"action":"FILE_CLOSED","file":"/crow-attr-text/src/main/kotlin/com/crow/attr/text/AttrTextFrameConfig.kt","tags":{"FILE_LINE_OF_CODE":"32"}}
{"ts":1711007797927,"action":"FILE_OPENED","file":"/crow-attr-text/src/main/res/values/attrs_text.xml","tags":{"FILE_LINE_OF_CODE":"97"}}
{"ts":1711007798884,"action":"FILE_CLOSED","file":"/crow-attr-text/src/main/res/values/attrs_text.xml","tags":{"FILE_LINE_OF_CODE":"97"}}
{"ts":1711007798884,"action":"FILE_OPENED","file":"/app/src/main/res/layout/activity_main.xml","tags":{"FILE_LINE_OF_CODE":"220"}}
{"ts":1711007829147,"action":"IDE_DEACTIVATED"}
{"ts":1711007877494,"action":"IDE_ACTIVATED"}
{"ts":1711007878298,"action":"IDE_DEACTIVATED"}
{"ts":1711007900328,"action":"IDE_ACTIVATED"}
{"ts":1711007902306,"action":"IDE_DEACTIVATED"}
{"ts":1711007903837,"action":"IDE_ACTIVATED"}
{"ts":1711007904378,"action":"IDE_DEACTIVATED"}
{"ts":1711007905683,"action":"IDE_ACTIVATED"}
{"ts":1711007906819,"action":"IDE_DEACTIVATED"}
{"ts":1711008135804,"action":"IDE_ACTIVATED"}
{"ts":1711008202428,"action":"FILE_CLOSED","file":"/app/src/main/res/layout/activity_main.xml","tags":{"FILE_LINE_OF_CODE":"219"}}
{"ts":1711008202428,"action":"FILE_OPENED","file":"/crow-attr-text/src/main/kotlin/com/crow/attr/text/AttrTextLayout.kt","tags":{"FILE_LINE_OF_CODE":"1903"}}
{"ts":1711008204271,"action":"FILE_CLOSED","file":"/crow-attr-text/src/main/kotlin/com/crow/attr/text/AttrTextLayout.kt","tags":{"FILE_LINE_OF_CODE":"1903"}}
{"ts":1711008204271,"action":"FILE_OPENED","file":"/app/src/main/kotlin/com/crow/attrtextlayout/MainActivity.kt","tags":{"FILE_LINE_OF_CODE":"127"}}
{"ts":1711008220053,"action":"FILE_CLOSED","file":"/app/src/main/kotlin/com/crow/attrtextlayout/MainActivity.kt","tags":{"FILE_LINE_OF_CODE":"161"}}
{"ts":1711008220053,"action":"FILE_OPENED","file":"/app/src/main/res/layout/activity_main.xml","tags":{"FILE_LINE_OF_CODE":"219"}}
{"ts":1711008220482,"action":"FILE_CLOSED","file":"/app/src/main/res/layout/activity_main.xml","tags":{"FILE_LINE_OF_CODE":"219"}}
{"ts":1711008220482,"action":"FILE_OPENED","file":"/crow-attr-text/build.gradle.kts","tags":{"FILE_LINE_OF_CODE":"95"}}
{"ts":1711008221851,"action":"FILE_CLOSED","file":"/crow-attr-text/build.gradle.kts","tags":{"FILE_LINE_OF_CODE":"95"}}
{"ts":1711008221851,"action":"FILE_OPENED","file":"/app/src/main/res/layout/activity_main.xml","tags":{"FILE_LINE_OF_CODE":"219"}}
{"ts":1711008225415,"action":"FILE_CLOSED","file":"/app/src/main/res/layout/activity_main.xml","tags":{"FILE_LINE_OF_CODE":"219"}}
{"ts":1711008225416,"action":"FILE_OPENED","file":"/crow-attr-text/src/main/res/values/attrs_text.xml","tags":{"FILE_LINE_OF_CODE":"97"}}
{"ts":1711008248915,"action":"FILE_CLOSED","file":"/crow-attr-text/src/main/res/values/attrs_text.xml","tags":{"FILE_LINE_OF_CODE":"97"}}
{"ts":1711008248915,"action":"FILE_OPENED","file":"/app/src/main/kotlin/com/crow/attrtextlayout/MainActivity.kt","tags":{"FILE_LINE_OF_CODE":"161"}}
{"ts":1711008250221,"action":"FILE_CLOSED","file":"/app/src/main/kotlin/com/crow/attrtextlayout/MainActivity.kt","tags":{"FILE_LINE_OF_CODE":"161"}}
{"ts":1711008250221,"action":"FILE_OPENED","file":"/app/src/main/res/layout/activity_main.xml","tags":{"FILE_LINE_OF_CODE":"219"}}
{"ts":1711008278063,"action":"IDE_DEACTIVATED"}
{"ts":1711008284445,"action":"IDE_ACTIVATED"}
{"ts":1711008317578,"action":"FILE_CLOSED","file":"/app/src/main/res/layout/activity_main.xml","tags":{"FILE_LINE_OF_CODE":"220"}}
{"ts":1711008317578,"action":"FILE_OPENED","file":"/crow-attr-text/src/main/kotlin/com/crow/attr/text/AttrTextLayout.kt","tags":{"FILE_LINE_OF_CODE":"1903"}}
{"ts":1711008332800,"action":"FILE_CLOSED","file":"/crow-attr-text/src/main/kotlin/com/crow/attr/text/AttrTextLayout.kt","tags":{"FILE_LINE_OF_CODE":"1904"}}
{"ts":1711008332800,"action":"FILE_OPENED","file":"/app/src/main/res/layout/activity_main.xml","tags":{"FILE_LINE_OF_CODE":"220"}}
{"ts":1711008335657,"action":"FILE_CLOSED","file":"/app/src/main/res/layout/activity_main.xml","tags":{"FILE_LINE_OF_CODE":"220"}}
{"ts":1711008335657,"action":"FILE_OPENED","file":"/crow-attr-text/src/main/kotlin/com/crow/attr/text/AttrTextFrameConfig.kt","tags":{"FILE_LINE_OF_CODE":"32"}}
{"ts":1711008339601,"action":"FILE_CLOSED","file":"/crow-attr-text/src/main/kotlin/com/crow/attr/text/AttrTextFrameConfig.kt","tags":{"FILE_LINE_OF_CODE":"32"}}
{"ts":1711008339601,"action":"FILE_OPENED","file":"/crow-attr-text/src/main/kotlin/com/crow/attr/text/AttrTextLayout.kt","tags":{"FILE_LINE_OF_CODE":"1904"}}
{"ts":1711008340083,"action":"FILE_CLOSED","file":"/crow-attr-text/src/main/kotlin/com/crow/attr/text/AttrTextLayout.kt","tags":{"FILE_LINE_OF_CODE":"1904"}}
{"ts":1711008340083,"action":"FILE_OPENED","file":"/crow-attr-text/src/main/kotlin/com/crow/attr/text/AttrTextFrameConfig.kt","tags":{"FILE_LINE_OF_CODE":"32"}}
{"ts":1711008342113,"action":"FILE_CLOSED","file":"/crow-attr-text/src/main/kotlin/com/crow/attr/text/AttrTextFrameConfig.kt","tags":{"FILE_LINE_OF_CODE":"32"}}
{"ts":1711008342113,"action":"FILE_OPENED","file":"/app/src/main/res/layout/activity_main.xml","tags":{"FILE_LINE_OF_CODE":"220"}}
{"ts":1711008343647,"action":"FILE_CLOSED","file":"/app/src/main/res/layout/activity_main.xml","tags":{"FILE_LINE_OF_CODE":"220"}}
{"ts":1711008343647,"action":"FILE_OPENED","file":"/crow-attr-text/src/main/kotlin/com/crow/attr/text/AttrTextLayout.kt","tags":{"FILE_LINE_OF_CODE":"1904"}}
{"ts":1711008354529,"action":"FILE_CLOSED","file":"/crow-attr-text/src/main/kotlin/com/crow/attr/text/AttrTextLayout.kt","tags":{"FILE_LINE_OF_CODE":"1904"}}
{"ts":1711008354529,"action":"FILE_OPENED","file":"/crow-attr-text/src/main/kotlin/com/crow/attr/text/AttrTextView.kt","tags":{"FILE_LINE_OF_CODE":"785"}}
{"ts":1711008358687,"action":"FILE_CLOSED","file":"/crow-attr-text/src/main/kotlin/com/crow/attr/text/AttrTextView.kt","tags":{"FILE_LINE_OF_CODE":"785"}}
{"ts":1711008358687,"action":"FILE_OPENED","file":"/crow-attr-text/src/main/kotlin/com/crow/attr/text/AttrTextFrameConfig.kt","tags":{"FILE_LINE_OF_CODE":"32"}}
{"ts":1711008359468,"action":"FILE_CLOSED","file":"/crow-attr-text/src/main/kotlin/com/crow/attr/text/AttrTextFrameConfig.kt","tags":{"FILE_LINE_OF_CODE":"32"}}
{"ts":1711008359468,"action":"FILE_OPENED","file":"/app/src/main/res/layout/activity_main.xml","tags":{"FILE_LINE_OF_CODE":"220"}}
{"ts":1711008387720,"action":"FILE_CLOSED","file":"/app/src/main/res/layout/activity_main.xml","tags":{"FILE_LINE_OF_CODE":"219"}}
{"ts":1711008387720,"action":"FILE_OPENED","file":"/app/src/main/kotlin/com/crow/attrtextlayout/MainActivity.kt","tags":{"FILE_LINE_OF_CODE":"161"}}
{"ts":1711008393530,"action":"FILE_CLOSED","file":"/app/src/main/kotlin/com/crow/attrtextlayout/MainActivity.kt","tags":{"FILE_LINE_OF_CODE":"161"}}
{"ts":1711008393530,"action":"FILE_OPENED","file":"/app/src/main/res/layout/activity_main.xml","tags":{"FILE_LINE_OF_CODE":"219"}}
{"ts":1711008394513,"action":"FILE_CLOSED","file":"/app/src/main/res/layout/activity_main.xml","tags":{"FILE_LINE_OF_CODE":"219"}}
{"ts":1711008394513,"action":"FILE_OPENED","file":"/crow-attr-text/src/main/kotlin/com/crow/attr/text/AttrTextView.kt","tags":{"FILE_LINE_OF_CODE":"785"}}
{"ts":1711008394942,"action":"FILE_CLOSED","file":"/crow-attr-text/src/main/kotlin/com/crow/attr/text/AttrTextView.kt","tags":{"FILE_LINE_OF_CODE":"785"}}
{"ts":1711008394942,"action":"FILE_OPENED","file":"/crow-attr-text/src/main/kotlin/com/crow/attr/text/AttrTextLayout.kt","tags":{"FILE_LINE_OF_CODE":"1904"}}
{"ts":1711008396602,"action":"FILE_CLOSED","file":"/crow-attr-text/src/main/kotlin/com/crow/attr/text/AttrTextLayout.kt","tags":{"FILE_LINE_OF_CODE":"1904"}}
{"ts":1711008396602,"action":"FILE_OPENED","file":"/app/src/main/res/layout/activity_main.xml","tags":{"FILE_LINE_OF_CODE":"219"}}
{"ts":1711008397507,"action":"FILE_CLOSED","file":"/app/src/main/res/layout/activity_main.xml","tags":{"FILE_LINE_OF_CODE":"219"}}
{"ts":1711008397507,"action":"FILE_OPENED","file":"/app/src/main/kotlin/com/crow/attrtextlayout/MainActivity.kt","tags":{"FILE_LINE_OF_CODE":"161"}}
{"ts":1711008400319,"action":"FILE_CLOSED","file":"/app/src/main/kotlin/com/crow/attrtextlayout/MainActivity.kt","tags":{"FILE_LINE_OF_CODE":"161"}}
{"ts":1711008400319,"action":"FILE_OPENED","file":"/app/src/main/res/layout/activity_main.xml","tags":{"FILE_LINE_OF_CODE":"219"}}
{"ts":1711008400604,"action":"FILE_CLOSED","file":"/app/src/main/res/layout/activity_main.xml","tags":{"FILE_LINE_OF_CODE":"219"}}
{"ts":1711008400604,"action":"FILE_OPENED","file":"/crow-attr-text/src/main/kotlin/com/crow/attr/text/AttrTextFrameConfig.kt","tags":{"FILE_LINE_OF_CODE":"32"}}
{"ts":1711008401267,"action":"FILE_CLOSED","file":"/crow-attr-text/src/main/kotlin/com/crow/attr/text/AttrTextFrameConfig.kt","tags":{"FILE_LINE_OF_CODE":"32"}}
{"ts":1711008401267,"action":"FILE_OPENED","file":"/crow-attr-text/src/main/kotlin/com/crow/attr/text/AttrTextView.kt","tags":{"FILE_LINE_OF_CODE":"785"}}
{"ts":1711008401645,"action":"FILE_CLOSED","file":"/crow-attr-text/src/main/kotlin/com/crow/attr/text/AttrTextView.kt","tags":{"FILE_LINE_OF_CODE":"785"}}
{"ts":1711008401645,"action":"FILE_OPENED","file":"/crow-attr-text/src/main/kotlin/com/crow/attr/text/AttrTextLayout.kt","tags":{"FILE_LINE_OF_CODE":"1904"}}
{"ts":1711008419243,"action":"FILE_CLOSED","file":"/crow-attr-text/src/main/kotlin/com/crow/attr/text/AttrTextLayout.kt","tags":{"FILE_LINE_OF_CODE":"1904"}}
{"ts":1711008419243,"action":"FILE_OPENED","file":"/crow-attr-text/src/main/kotlin/com/crow/attr/text/AttrTextView.kt","tags":{"FILE_LINE_OF_CODE":"785"}}
{"ts":1711008426147,"action":"FILE_CLOSED","file":"/crow-attr-text/src/main/kotlin/com/crow/attr/text/AttrTextView.kt","tags":{"FILE_LINE_OF_CODE":"785"}}
{"ts":1711008426148,"action":"FILE_OPENED","file":"/crow-attr-text/src/main/kotlin/com/crow/attr/text/AttrTextFrameConfig.kt","tags":{"FILE_LINE_OF_CODE":"32"}}
{"ts":1711008426975,"action":"FILE_CLOSED","file":"/crow-attr-text/src/main/kotlin/com/crow/attr/text/AttrTextFrameConfig.kt","tags":{"FILE_LINE_OF_CODE":"32"}}
{"ts":1711008426975,"action":"FILE_OPENED","file":"/app/src/main/res/layout/activity_main.xml","tags":{"FILE_LINE_OF_CODE":"219"}}
{"ts":1711008427526,"action":"FILE_CLOSED","file":"/app/src/main/res/layout/activity_main.xml","tags":{"FILE_LINE_OF_CODE":"219"}}
{"ts":1711008427526,"action":"FILE_OPENED","file":"/app/src/main/AndroidManifest.xml","tags":{"FILE_LINE_OF_CODE":"27"}}
{"ts":1711008427845,"action":"FILE_CLOSED","file":"/app/src/main/AndroidManifest.xml","tags":{"FILE_LINE_OF_CODE":"27"}}
{"ts":1711008427845,"action":"FILE_OPENED","file":"/app/src/main/kotlin/com/crow/attrtextlayout/MainActivity.kt","tags":{"FILE_LINE_OF_CODE":"161"}}
{"ts":1711008457198,"action":"FILE_CLOSED","file":"/app/src/main/kotlin/com/crow/attrtextlayout/MainActivity.kt","tags":{"FILE_LINE_OF_CODE":"161"}}
{"ts":1711008457198,"action":"FILE_OPENED","file":"/crow-attr-text/src/main/kotlin/com/crow/attr/text/AttrTextLayout.kt","tags":{"FILE_LINE_OF_CODE":"1904"}}
{"ts":1711008458669,"action":"FILE_CLOSED","file":"/crow-attr-text/src/main/kotlin/com/crow/attr/text/AttrTextLayout.kt","tags":{"FILE_LINE_OF_CODE":"1904"}}
{"ts":1711008459838,"action":"FILE_OPENED","file":"/crow-attr-text/src/main/kotlin/com/crow/attr/text/AttrTextLayout.kt","tags":{"FILE_LINE_OF_CODE":"1904"}}
{"ts":1711008462500,"action":"FILE_CLOSED","file":"/crow-attr-text/src/main/kotlin/com/crow/attr/text/AttrTextLayout.kt","tags":{"FILE_LINE_OF_CODE":"1904"}}
{"ts":1711008462500,"action":"FILE_OPENED","file":"/app/src/main/kotlin/com/crow/attrtextlayout/MainActivity.kt","tags":{"FILE_LINE_OF_CODE":"161"}}
{"ts":1711008471897,"action":"IDE_DEACTIVATED"}
{"ts":1711008479619,"action":"IDE_ACTIVATED"}
{"ts":1711008480423,"action":"IDE_DEACTIVATED"}
{"ts":1711008521196,"action":"IDE_ACTIVATED"}
{"ts":1711008524137,"action":"IDE_DEACTIVATED"}
{"ts":1711008529539,"action":"IDE_ACTIVATED"}
{"ts":1711008531357,"action":"FILE_CLOSED","file":"/app/src/main/kotlin/com/crow/attrtextlayout/MainActivity.kt","tags":{"FILE_LINE_OF_CODE":"161"}}
{"ts":1711008531358,"action":"FILE_OPENED","file":"/crow-attr-text/src/main/kotlin/com/crow/attr/text/AttrTextFrameConfig.kt","tags":{"FILE_LINE_OF_CODE":"32"}}
{"ts":1711008531943,"action":"FILE_CLOSED","file":"/crow-attr-text/src/main/kotlin/com/crow/attr/text/AttrTextFrameConfig.kt","tags":{"FILE_LINE_OF_CODE":"32"}}
{"ts":1711008531943,"action":"FILE_OPENED","file":"/app/src/main/res/layout/activity_main.xml","tags":{"FILE_LINE_OF_CODE":"219"}}
{"ts":1711008535680,"action":"FILE_CLOSED","file":"/app/src/main/res/layout/activity_main.xml","tags":{"FILE_LINE_OF_CODE":"219"}}
{"ts":1711008535680,"action":"FILE_OPENED","file":"/crow-attr-text/src/main/kotlin/com/crow/attr/text/AttrTextView.kt","tags":{"FILE_LINE_OF_CODE":"785"}}
{"ts":1711008536209,"action":"FILE_CLOSED","file":"/crow-attr-text/src/main/kotlin/com/crow/attr/text/AttrTextView.kt","tags":{"FILE_LINE_OF_CODE":"785"}}
{"ts":1711008536209,"action":"FILE_OPENED","file":"/crow-attr-text/src/main/kotlin/com/crow/attr/text/AttrTextLayout.kt","tags":{"FILE_LINE_OF_CODE":"1904"}}
{"ts":1711008565203,"action":"FILE_CLOSED","file":"/crow-attr-text/src/main/kotlin/com/crow/attr/text/AttrTextLayout.kt","tags":{"FILE_LINE_OF_CODE":"1904"}}
{"ts":1711008565203,"action":"FILE_OPENED","file":"/app/src/main/kotlin/com/crow/attrtextlayout/MainActivity.kt","tags":{"FILE_LINE_OF_CODE":"161"}}
{"ts":1711008565687,"action":"FILE_CLOSED","file":"/app/src/main/kotlin/com/crow/attrtextlayout/MainActivity.kt","tags":{"FILE_LINE_OF_CODE":"161"}}
{"ts":1711008565687,"action":"FILE_OPENED","file":"/crow-attr-text/src/main/kotlin/com/crow/attr/text/AttrTextFrameConfig.kt","tags":{"FILE_LINE_OF_CODE":"32"}}
{"ts":1711008566401,"action":"FILE_CLOSED","file":"/crow-attr-text/src/main/kotlin/com/crow/attr/text/AttrTextFrameConfig.kt","tags":{"FILE_LINE_OF_CODE":"32"}}
{"ts":1711008566401,"action":"FILE_OPENED","file":"/app/src/main/res/layout/activity_main.xml","tags":{"FILE_LINE_OF_CODE":"219"}}
{"ts":1711008567002,"action":"FILE_CLOSED","file":"/app/src/main/res/layout/activity_main.xml","tags":{"FILE_LINE_OF_CODE":"219"}}
{"ts":1711008567002,"action":"FILE_OPENED","file":"/crow-attr-text/src/main/kotlin/com/crow/attr/text/AttrTextView.kt","tags":{"FILE_LINE_OF_CODE":"785"}}
{"ts":1711008568175,"action":"FILE_CLOSED","file":"/crow-attr-text/src/main/kotlin/com/crow/attr/text/AttrTextView.kt","tags":{"FILE_LINE_OF_CODE":"785"}}
{"ts":1711008568175,"action":"FILE_OPENED","file":"/crow-attr-text/src/main/kotlin/com/crow/attr/text/AttrTextLayout.kt","tags":{"FILE_LINE_OF_CODE":"1904"}}
{"ts":1711008569237,"action":"FILE_CLOSED","file":"/crow-attr-text/src/main/kotlin/com/crow/attr/text/AttrTextLayout.kt","tags":{"FILE_LINE_OF_CODE":"1904"}}
{"ts":1711008569237,"action":"FILE_OPENED","file":"/app/src/main/kotlin/com/crow/attrtextlayout/MainActivity.kt","tags":{"FILE_LINE_OF_CODE":"161"}}
{"ts":1711008570085,"action":"FILE_CLOSED","file":"/app/src/main/kotlin/com/crow/attrtextlayout/MainActivity.kt","tags":{"FILE_LINE_OF_CODE":"161"}}
{"ts":1711008570085,"action":"FILE_OPENED","file":"/app/src/main/res/layout/activity_main.xml","tags":{"FILE_LINE_OF_CODE":"219"}}
{"ts":1711008577108,"action":"FILE_CLOSED","file":"/app/src/main/res/layout/activity_main.xml","tags":{"FILE_LINE_OF_CODE":"219"}}
{"ts":1711008577108,"action":"FILE_OPENED","file":"/app/src/main/kotlin/com/crow/attrtextlayout/MainActivity.kt","tags":{"FILE_LINE_OF_CODE":"161"}}
{"ts":1711008577496,"action":"FILE_CLOSED","file":"/app/src/main/kotlin/com/crow/attrtextlayout/MainActivity.kt","tags":{"FILE_LINE_OF_CODE":"161"}}
{"ts":1711008577496,"action":"FILE_OPENED","file":"/crow-attr-text/src/main/kotlin/com/crow/attr/text/AttrTextFrameConfig.kt","tags":{"FILE_LINE_OF_CODE":"32"}}
{"ts":1711008577908,"action":"FILE_CLOSED","file":"/crow-attr-text/src/main/kotlin/com/crow/attr/text/AttrTextFrameConfig.kt","tags":{"FILE_LINE_OF_CODE":"32"}}
{"ts":1711008577908,"action":"FILE_OPENED","file":"/app/src/main/res/layout/activity_main.xml","tags":{"FILE_LINE_OF_CODE":"219"}}
{"ts":1711008579295,"action":"FILE_CLOSED","file":"/app/src/main/res/layout/activity_main.xml","tags":{"FILE_LINE_OF_CODE":"219"}}
{"ts":1711008579295,"action":"FILE_OPENED","file":"/crow-attr-text/src/main/kotlin/com/crow/attr/text/AttrTextLayout.kt","tags":{"FILE_LINE_OF_CODE":"1904"}}
{"ts":1711008586777,"action":"IDE_DEACTIVATED"}
{"ts":1711008588835,"action":"IDE_ACTIVATED"}
{"ts":1711008590574,"action":"IDE_DEACTIVATED"}
{"ts":1711008592112,"action":"IDE_ACTIVATED"}
{"ts":1711008596312,"action":"FILE_CLOSED","file":"/crow-attr-text/src/main/kotlin/com/crow/attr/text/AttrTextLayout.kt","tags":{"FILE_LINE_OF_CODE":"1903"}}
{"ts":1711008596312,"action":"FILE_OPENED","file":"/crow-attr-text/src/main/kotlin/com/crow/attr/text/AttrTextFrameConfig.kt","tags":{"FILE_LINE_OF_CODE":"32"}}
{"ts":1711008596881,"action":"FILE_CLOSED","file":"/crow-attr-text/src/main/kotlin/com/crow/attr/text/AttrTextFrameConfig.kt","tags":{"FILE_LINE_OF_CODE":"32"}}
{"ts":1711008596881,"action":"FILE_OPENED","file":"/app/src/main/kotlin/com/crow/attrtextlayout/MainActivity.kt","tags":{"FILE_LINE_OF_CODE":"161"}}
{"ts":1711008597671,"action":"FILE_CLOSED","file":"/app/src/main/kotlin/com/crow/attrtextlayout/MainActivity.kt","tags":{"FILE_LINE_OF_CODE":"161"}}
{"ts":1711008597671,"action":"FILE_OPENED","file":"/crow-attr-text/src/main/kotlin/com/crow/attr/text/AttrTextFrameConfig.kt","tags":{"FILE_LINE_OF_CODE":"32"}}
{"ts":1711008598106,"action":"FILE_CLOSED","file":"/crow-attr-text/src/main/kotlin/com/crow/attr/text/AttrTextFrameConfig.kt","tags":{"FILE_LINE_OF_CODE":"32"}}
{"ts":1711008598106,"action":"FILE_OPENED","file":"/app/src/main/res/layout/activity_main.xml","tags":{"FILE_LINE_OF_CODE":"219"}}
{"ts":1711008600210,"action":"FILE_CLOSED","file":"/app/src/main/res/layout/activity_main.xml","tags":{"FILE_LINE_OF_CODE":"219"}}
{"ts":1711008600210,"action":"FILE_OPENED","file":"/crow-attr-text/src/main/kotlin/com/crow/attr/text/AttrTextFrameConfig.kt","tags":{"FILE_LINE_OF_CODE":"32"}}
{"ts":1711008600617,"action":"FILE_CLOSED","file":"/crow-attr-text/src/main/kotlin/com/crow/attr/text/AttrTextFrameConfig.kt","tags":{"FILE_LINE_OF_CODE":"32"}}
{"ts":1711008600617,"action":"FILE_OPENED","file":"/app/src/main/res/layout/activity_main.xml","tags":{"FILE_LINE_OF_CODE":"219"}}
{"ts":1711008600993,"action":"FILE_CLOSED","file":"/app/src/main/res/layout/activity_main.xml","tags":{"FILE_LINE_OF_CODE":"219"}}
{"ts":1711008600993,"action":"FILE_OPENED","file":"/crow-attr-text/src/main/kotlin/com/crow/attr/text/AttrTextView.kt","tags":{"FILE_LINE_OF_CODE":"785"}}
{"ts":1711008601479,"action":"FILE_CLOSED","file":"/crow-attr-text/src/main/kotlin/com/crow/attr/text/AttrTextView.kt","tags":{"FILE_LINE_OF_CODE":"785"}}
{"ts":1711008601895,"action":"FILE_OPENED","file":"/crow-attr-text/src/main/kotlin/com/crow/attr/text/AttrTextLayout.kt","tags":{"FILE_LINE_OF_CODE":"1903"}}
{"ts":1711008621898,"action":"IDE_DEACTIVATED"}
{"ts":1711008645894,"action":"IDE_ACTIVATED"}
{"ts":1711008648279,"action":"IDE_DEACTIVATED"}
{"ts":1711008696970,"action":"IDE_ACTIVATED"}
{"ts":1711008697368,"action":"IDE_DEACTIVATED"}
{"ts":1711010064930,"action":"IDE_ACTIVATED"}
{"ts":1711010067701,"action":"IDE_DEACTIVATED"}
{"ts":1711012947603,"action":"IDE_ACTIVATED"}
{"ts":1711012950485,"action":"IDE_DEACTIVATED"}
{"ts":1711012951160,"action":"IDE_ACTIVATED"}
{"ts":1711012953652,"action":"IDE_DEACTIVATED"}
{"ts":1711012953749,"action":"IDE_ACTIVATED"}
{"ts":1711012955283,"action":"IDE_DEACTIVATED"}
{"ts":1711012963133,"action":"IDE_ACTIVATED"}
{"ts":1711012964203,"action":"IDE_DEACTIVATED"}
{"ts":1711012981355,"action":"IDE_ACTIVATED"}
{"ts":1711012981923,"action":"IDE_DEACTIVATED"}
{"ts":1711014002822,"action":"IDE_ACTIVATED"}
{"ts":1711014003055,"action":"IDE_DEACTIVATED"}
{"ts":1711014003168,"action":"IDE_ACTIVATED"}
{"ts":1711014003480,"action":"IDE_DEACTIVATED"}
{"ts":1711014032817,"action":"IDE_ACTIVATED"}
{"ts":1711014034183,"action":"IDE_DEACTIVATED"}
{"ts":1711014089325,"action":"IDE_ACTIVATED"}
{"ts":1711014091814,"action":"IDE_DEACTIVATED"}
{"ts":1711014113175,"action":"IDE_ACTIVATED"}
{"ts":1711014113805,"action":"IDE_DEACTIVATED"}
{"ts":1711014115269,"action":"IDE_ACTIVATED"}
{"ts":1711014115631,"action":"IDE_DEACTIVATED"}
{"ts":1711014116528,"action":"IDE_ACTIVATED"}
{"ts":1711014116830,"action":"IDE_DEACTIVATED"}
{"ts":1711014150122,"action":"IDE_ACTIVATED"}
{"ts":1711014150720,"action":"IDE_DEACTIVATED"}
{"ts":1711014530434,"action":"IDE_ACTIVATED"}
{"ts":1711014556470,"action":"IDE_DEACTIVATED"}
{"ts":1711017823124,"action":"IDE_ACTIVATED"}
{"ts":1711017848146,"action":"FILE_CLOSED","file":"/crow-attr-text/src/main/kotlin/com/crow/attr/text/AttrTextLayout.kt","tags":{"FILE_LINE_OF_CODE":"1905"}}
{"ts":1711017857229,"action":"FILE_OPENED","file":"/crow-attr-text/src/main/kotlin/com/crow/attr/text/AttrTextLayout.kt","tags":{"FILE_LINE_OF_CODE":"1905"}}
{"ts":1711017863980,"action":"FILE_CLOSED","file":"/crow-attr-text/src/main/kotlin/com/crow/attr/text/AttrTextLayout.kt","tags":{"FILE_LINE_OF_CODE":"1905"}}
{"ts":1711017863980,"action":"FILE_OPENED","file":"/app/src/main/kotlin/com/crow/attrtextlayout/MainActivity.kt","tags":{"FILE_LINE_OF_CODE":"161"}}
{"ts":1711017866373,"action":"FILE_CLOSED","file":"/app/src/main/kotlin/com/crow/attrtextlayout/MainActivity.kt","tags":{"FILE_LINE_OF_CODE":"161"}}
{"ts":1711017866373,"action":"FILE_OPENED","file":"/app/src/main/res/layout/activity_main.xml","tags":{"FILE_LINE_OF_CODE":"219"}}
{"ts":1711017868987,"action":"FILE_CLOSED","file":"/app/src/main/res/layout/activity_main.xml","tags":{"FILE_LINE_OF_CODE":"219"}}
{"ts":1711017874384,"action":"FILE_OPENED","file":"/app/src/main/kotlin/com/crow/attrtextlayout/MainActivity.kt","tags":{"FILE_LINE_OF_CODE":"161"}}
{"ts":1711017880113,"action":"IDE_DEACTIVATED"}
{"ts":1711073534538,"action":"IDE_ACTIVATED"}
{"ts":1711073536627,"action":"IDE_DEACTIVATED"}
{"ts":1711073766051,"action":"IDE_ACTIVATED"}
{"ts":1711073768921,"action":"IDE_DEACTIVATED"}
{"ts":1711073769128,"action":"IDE_ACTIVATED"}
{"ts":1711073770882,"action":"IDE_DEACTIVATED"}
{"ts":1711073886809,"action":"IDE_ACTIVATED"}
{"ts":1711073887595,"action":"IDE_DEACTIVATED"}
{"ts":1711075057195,"action":"IDE_ACTIVATED"}
{"ts":1711075057742,"action":"IDE_DEACTIVATED"}
{"ts":1711075057868,"action":"IDE_ACTIVATED"}
{"ts":1711075058508,"action":"IDE_DEACTIVATED"}
{"ts":1711075672888,"action":"IDE_ACTIVATED"}
{"ts":1711075673635,"action":"IDE_DEACTIVATED"}
{"ts":1711075767630,"action":"IDE_ACTIVATED"}
{"ts":1711075769107,"action":"IDE_DEACTIVATED"}
{"ts":1711075874013,"action":"IDE_ACTIVATED"}
{"ts":1711075879310,"action":"IDE_DEACTIVATED"}
{"ts":1711075906809,"action":"IDE_ACTIVATED"}
{"ts":1711075907470,"action":"IDE_DEACTIVATED"}
{"ts":1711085760520,"action":"IDE_ACTIVATED"}
{"ts":1711085761558,"action":"IDE_DEACTIVATED"}
{"ts":1711087834551,"action":"IDE_ACTIVATED"}
{"ts":1711087836093,"action":"IDE_DEACTIVATED"}
{"ts":1711087836751,"action":"IDE_ACTIVATED"}
{"ts":1711087842854,"action":"IDE_DEACTIVATED"}
{"ts":1711087879725,"action":"IDE_ACTIVATED"}
{"ts":1711087934475,"action":"FILE_CLOSED","file":"/app/src/main/kotlin/com/crow/attrtextlayout/MainActivity.kt","tags":{"FILE_LINE_OF_CODE":"129"}}
{"ts":1711087934475,"action":"FILE_OPENED","file":"/README.md","tags":{"FILE_LINE_OF_CODE":"264"}}
{"ts":1711087968843,"action":"FILE_CLOSED","file":"/README.md","tags":{"FILE_LINE_OF_CODE":"267"}}
{"ts":1711087968843,"action":"FILE_OPENED","file":"/app/src/main/res/layout/activity_main.xml","tags":{"FILE_LINE_OF_CODE":"219"}}
{"ts":1711087982557,"action":"FILE_CLOSED","file":"/app/src/main/res/layout/activity_main.xml","tags":{"FILE_LINE_OF_CODE":"220"}}
{"ts":1711087982557,"action":"FILE_OPENED","file":"/crow-attr-text/src/main/kotlin/com/crow/attr/text/AttrTextFrameConfig.kt","tags":{"FILE_LINE_OF_CODE":"32"}}
{"ts":1711087983877,"action":"FILE_CLOSED","file":"/crow-attr-text/src/main/kotlin/com/crow/attr/text/AttrTextFrameConfig.kt","tags":{"FILE_LINE_OF_CODE":"32"}}
{"ts":1711087983877,"action":"FILE_OPENED","file":"/app/src/main/res/layout/activity_main.xml","tags":{"FILE_LINE_OF_CODE":"220"}}
{"ts":1711087984902,"action":"FILE_CLOSED","file":"/app/src/main/res/layout/activity_main.xml","tags":{"FILE_LINE_OF_CODE":"220"}}
{"ts":1711087984902,"action":"FILE_OPENED","file":"/app/src/main/kotlin/com/crow/attrtextlayout/MainActivity.kt","tags":{"FILE_LINE_OF_CODE":"129"}}
{"ts":1711087987512,"action":"FILE_CLOSED","file":"/app/src/main/kotlin/com/crow/attrtextlayout/MainActivity.kt","tags":{"FILE_LINE_OF_CODE":"129"}}
{"ts":1711087987512,"action":"FILE_OPENED","file":"/crow-attr-text/src/main/kotlin/com/crow/attr/text/AttrTextFrameConfig.kt","tags":{"FILE_LINE_OF_CODE":"32"}}
{"ts":1711087988160,"action":"FILE_CLOSED","file":"/crow-attr-text/src/main/kotlin/com/crow/attr/text/AttrTextFrameConfig.kt","tags":{"FILE_LINE_OF_CODE":"32"}}
{"ts":1711087988160,"action":"FILE_OPENED","file":"/app/src/main/res/layout/activity_main.xml","tags":{"FILE_LINE_OF_CODE":"220"}}
{"ts":1711087994569,"action":"FILE_CLOSED","file":"/app/src/main/res/layout/activity_main.xml","tags":{"FILE_LINE_OF_CODE":"220"}}
{"ts":1711087994569,"action":"FILE_OPENED","file":"/README.md","tags":{"FILE_LINE_OF_CODE":"267"}}
{"ts":1711088047127,"action":"FILE_CLOSED","file":"/README.md","tags":{"FILE_LINE_OF_CODE":"268"}}
{"ts":1711088047127,"action":"FILE_OPENED","file":"/crow-attr-text/src/main/kotlin/com/crow/attr/text/AttrTextLayout.kt","tags":{"FILE_LINE_OF_CODE":"1905"}}
{"ts":1711088049740,"action":"FILE_CLOSED","file":"/crow-attr-text/src/main/kotlin/com/crow/attr/text/AttrTextLayout.kt","tags":{"FILE_LINE_OF_CODE":"1905"}}
{"ts":1711088049740,"action":"FILE_OPENED","file":"/crow-attr-text/src/main/kotlin/com/crow/attr/text/AttrTextFrameConfig.kt","tags":{"FILE_LINE_OF_CODE":"32"}}
{"ts":1711088058039,"action":"FILE_CLOSED","file":"/crow-attr-text/src/main/kotlin/com/crow/attr/text/AttrTextFrameConfig.kt","tags":{"FILE_LINE_OF_CODE":"32"}}
{"ts":1711088058039,"action":"FILE_OPENED","file":"/crow-attr-text/src/main/kotlin/com/crow/attr/text/AttrTextView.kt","tags":{"FILE_LINE_OF_CODE":"785"}}
{"ts":1711088059134,"action":"FILE_CLOSED","file":"/crow-attr-text/src/main/kotlin/com/crow/attr/text/AttrTextView.kt","tags":{"FILE_LINE_OF_CODE":"785"}}
{"ts":1711088059134,"action":"FILE_OPENED","file":"/crow-attr-text/src/main/kotlin/com/crow/attr/text/AttrTextFrameConfig.kt","tags":{"FILE_LINE_OF_CODE":"32"}}
{"ts":1711088060689,"action":"FILE_CLOSED","file":"/crow-attr-text/src/main/kotlin/com/crow/attr/text/AttrTextFrameConfig.kt","tags":{"FILE_LINE_OF_CODE":"32"}}
{"ts":1711088060689,"action":"FILE_OPENED","file":"/crow-attr-text/src/main/kotlin/com/crow/attr/text/AttrTextLayout.kt","tags":{"FILE_LINE_OF_CODE":"1905"}}
{"ts":1711088063388,"action":"FILE_CLOSED","file":"/crow-attr-text/src/main/kotlin/com/crow/attr/text/AttrTextLayout.kt","tags":{"FILE_LINE_OF_CODE":"1905"}}
{"ts":1711088063389,"action":"FILE_OPENED","file":"/crow-attr-text/src/main/kotlin/com/crow/attr/text/AttrTextFrameConfig.kt","tags":{"FILE_LINE_OF_CODE":"32"}}
{"ts":1711088083136,"action":"FILE_CLOSED","file":"/crow-attr-text/src/main/kotlin/com/crow/attr/text/AttrTextFrameConfig.kt","tags":{"FILE_LINE_OF_CODE":"32"}}
{"ts":1711088083136,"action":"FILE_OPENED","file":"/crow-attr-text/src/main/kotlin/com/crow/attr/text/AttrTextLayout.kt","tags":{"FILE_LINE_OF_CODE":"1905"}}
{"ts":1711088121671,"action":"FILE_CLOSED","file":"/crow-attr-text/src/main/kotlin/com/crow/attr/text/AttrTextLayout.kt","tags":{"FILE_LINE_OF_CODE":"1896"}}
{"ts":1711088121671,"action":"FILE_OPENED","file":"/app/src/main/res/layout/activity_main.xml","tags":{"FILE_LINE_OF_CODE":"220"}}
{"ts":1711088122220,"action":"FILE_CLOSED","file":"/app/src/main/res/layout/activity_main.xml","tags":{"FILE_LINE_OF_CODE":"220"}}
{"ts":1711088122220,"action":"FILE_OPENED","file":"/crow-attr-text/src/main/kotlin/com/crow/attr/text/AttrTextView.kt","tags":{"FILE_LINE_OF_CODE":"785"}}
{"ts":1711088128752,"action":"FILE_CLOSED","file":"/crow-attr-text/src/main/kotlin/com/crow/attr/text/AttrTextView.kt","tags":{"FILE_LINE_OF_CODE":"781"}}
{"ts":1711088128752,"action":"FILE_OPENED","file":"/crow-attr-text/src/main/kotlin/com/crow/attr/text/AttrTextFrameConfig.kt","tags":{"FILE_LINE_OF_CODE":"32"}}
{"ts":1711088139837,"action":"FILE_CLOSED","file":"/crow-attr-text/src/main/kotlin/com/crow/attr/text/AttrTextFrameConfig.kt","tags":{"FILE_LINE_OF_CODE":"30"}}
{"ts":1711088139837,"action":"FILE_OPENED","file":"/app/src/main/res/layout/activity_main.xml","tags":{"FILE_LINE_OF_CODE":"220"}}
{"ts":1711088152131,"action":"FILE_CLOSED","file":"/app/src/main/res/layout/activity_main.xml","tags":{"FILE_LINE_OF_CODE":"214"}}
{"ts":1711088152131,"action":"FILE_OPENED","file":"/crow-attr-text/src/main/kotlin/com/crow/attr/text/AttrTextView.kt","tags":{"FILE_LINE_OF_CODE":"781"}}
{"ts":1711088155077,"action":"FILE_CLOSED","file":"/crow-attr-text/src/main/kotlin/com/crow/attr/text/AttrTextView.kt","tags":{"FILE_LINE_OF_CODE":"781"}}
{"ts":1711088155077,"action":"FILE_OPENED","file":"/app/src/main/kotlin/com/crow/attrtextlayout/MainActivity.kt","tags":{"FILE_LINE_OF_CODE":"129"}}
{"ts":1711088162612,"action":"FILE_CLOSED","file":"/app/src/main/kotlin/com/crow/attrtextlayout/MainActivity.kt","tags":{"FILE_LINE_OF_CODE":"125"}}
{"ts":1711088177460,"action":"FILE_OPENED","file":"/crow-attr-text/src/main/kotlin/com/crow/attr/text/AttrTextLayout.kt","tags":{"FILE_LINE_OF_CODE":"1896"}}
{"ts":1711088248148,"action":"IDE_DEACTIVATED"}
{"ts":1711088256011,"action":"IDE_ACTIVATED"}
{"ts":1711088265046,"action":"IDE_DEACTIVATED"}
{"ts":1711088282617,"action":"IDE_ACTIVATED"}
{"ts":1711088283540,"action":"IDE_DEACTIVATED"}
{"ts":1711088437446,"action":"IDE_ACTIVATED"}
{"ts":1711088437904,"action":"IDE_DEACTIVATED"}
{"ts":1711089385428,"action":"IDE_ACTIVATED"}
{"ts":1711089388852,"action":"IDE_DEACTIVATED"}
{"ts":1711089446714,"action":"IDE_ACTIVATED"}
{"ts":1711089450487,"action":"IDE_DEACTIVATED"}
{"ts":1711089451506,"action":"IDE_ACTIVATED"}
{"ts":1711089452942,"action":"IDE_DEACTIVATED"}
{"ts":1711089514819,"action":"IDE_ACTIVATED"}
{"ts":1711089602002,"action":"IDE_DEACTIVATED"}
{"ts":1711089630014,"action":"IDE_ACTIVATED"}
{"ts":1711089630112,"action":"IDE_DEACTIVATED"}
{"ts":1711089633982,"action":"IDE_ACTIVATED"}
{"ts":1711089798068,"action":"IDE_DEACTIVATED"}
{"ts":1711090105965,"action":"IDE_ACTIVATED"}
{"ts":1711090108630,"action":"IDE_DEACTIVATED"}
{"ts":1711090298589,"action":"IDE_ACTIVATED"}
{"ts":1711090313640,"action":"IDE_DEACTIVATED"}
{"ts":1711090402907,"action":"IDE_ACTIVATED"}
{"ts":1711090405746,"action":"IDE_DEACTIVATED"}
{"ts":1711090406625,"action":"IDE_ACTIVATED"}
{"ts":1711090407059,"action":"IDE_DEACTIVATED"}
{"ts":1711090415649,"action":"IDE_ACTIVATED"}
{"ts":1711090422417,"action":"FILE_CLOSED","file":"/crow-attr-text/src/main/kotlin/com/crow/attr/text/AttrTextLayout.kt","tags":{"FILE_LINE_OF_CODE":"1836"}}
{"ts":1711090422417,"action":"FILE_OPENED","file":"/app/src/main/res/layout/activity_main.xml","tags":{"FILE_LINE_OF_CODE":"214"}}
{"ts":1711090449503,"action":"IDE_DEACTIVATED"}
{"ts":1711090452738,"action":"IDE_ACTIVATED"}
{"ts":1711090456139,"action":"IDE_DEACTIVATED"}
{"ts":1711090479873,"action":"IDE_ACTIVATED"}
{"ts":1711090480804,"action":"IDE_DEACTIVATED"}
{"ts":1711090494694,"action":"IDE_ACTIVATED"}
{"ts":1711090541123,"action":"IDE_DEACTIVATED"}
{"ts":1711090559175,"action":"IDE_ACTIVATED"}
{"ts":1711090571725,"action":"IDE_DEACTIVATED"}
{"ts":1711090608232,"action":"IDE_ACTIVATED"}
{"ts":1711090611174,"action":"IDE_DEACTIVATED"}
{"ts":1711092347053,"action":"IDE_ACTIVATED"}
{"ts":1711092379878,"action":"IDE_DEACTIVATED"}
{"ts":1711092387573,"action":"IDE_ACTIVATED"}
{"ts":1711092389101,"action":"IDE_DEACTIVATED"}
{"ts":1711092632880,"action":"IDE_ACTIVATED"}
{"ts":1711092634216,"action":"FILE_CLOSED","file":"/app/src/main/res/layout/activity_main.xml","tags":{"FILE_LINE_OF_CODE":"214"}}
{"ts":1711092634216,"action":"FILE_OPENED","file":"/crow-attr-text/src/main/kotlin/com/crow/attr/text/AttrTextLayout.kt","tags":{"FILE_LINE_OF_CODE":"1836"}}
{"ts":1711092651005,"action":"IDE_DEACTIVATED"}
{"ts":1711092939869,"action":"IDE_ACTIVATED"}
{"ts":1711092940674,"action":"IDE_DEACTIVATED"}
{"ts":1711093876436,"action":"IDE_ACTIVATED"}
{"ts":1711093878682,"action":"IDE_DEACTIVATED"}
{"ts":1711093954973,"action":"IDE_ACTIVATED"}
{"ts":1711093955594,"action":"IDE_DEACTIVATED"}
{"ts":1711094186289,"action":"IDE_ACTIVATED"}
{"ts":1711094190701,"action":"IDE_DEACTIVATED"}
{"ts":1711094319972,"action":"IDE_ACTIVATED"}
{"ts":1711094323653,"action":"IDE_DEACTIVATED"}
{"ts":1711094341077,"action":"IDE_ACTIVATED"}
{"ts":1711094363813,"action":"IDE_DEACTIVATED"}
{"ts":1711094883124,"action":"IDE_ACTIVATED"}
{"ts":1711094884075,"action":"IDE_DEACTIVATED"}
{"ts":1711094983019,"action":"IDE_ACTIVATED"}
{"ts":1711094983731,"action":"IDE_DEACTIVATED"}
{"ts":1711096370657,"action":"IDE_ACTIVATED"}
{"ts":1711096375009,"action":"IDE_DEACTIVATED"}
{"ts":1711096375013,"action":"IDE_ACTIVATED"}
{"ts":1711096375015,"action":"IDE_DEACTIVATED"}
{"ts":1711096414439,"action":"IDE_ACTIVATED"}
{"ts":1711096415607,"action":"IDE_DEACTIVATED"}
{"ts":1711096466556,"action":"IDE_ACTIVATED"}
{"ts":1711096466918,"action":"IDE_DEACTIVATED"}
{"ts":1711096519396,"action":"IDE_ACTIVATED"}
{"ts":1711096522327,"action":"IDE_DEACTIVATED"}
{"ts":1711096523813,"action":"IDE_ACTIVATED"}
{"ts":1711096523921,"action":"IDE_DEACTIVATED"}
{"ts":1711096590575,"action":"IDE_ACTIVATED"}
{"ts":1711096592014,"action":"IDE_DEACTIVATED"}
{"ts":1711096811531,"action":"IDE_ACTIVATED"}
{"ts":1711096815321,"action":"FILE_CLOSED","file":"/crow-attr-text/src/main/kotlin/com/crow/attr/text/AttrTextLayout.kt","tags":{"FILE_LINE_OF_CODE":"1836"}}
{"ts":1711096815322,"action":"FILE_OPENED","file":"/app/src/main/res/layout/activity_main.xml","tags":{"FILE_LINE_OF_CODE":"214"}}
{"ts":1711096815703,"action":"FILE_CLOSED","file":"/app/src/main/res/layout/activity_main.xml","tags":{"FILE_LINE_OF_CODE":"214"}}
{"ts":1711096815703,"action":"FILE_OPENED","file":"/crow-attr-text/src/main/kotlin/com/crow/attr/text/AttrTextLayout.kt","tags":{"FILE_LINE_OF_CODE":"1836"}}
{"ts":1711096816537,"action":"FILE_CLOSED","file":"/crow-attr-text/src/main/kotlin/com/crow/attr/text/AttrTextLayout.kt","tags":{"FILE_LINE_OF_CODE":"1836"}}
{"ts":1711096816537,"action":"FILE_OPENED","file":"/app/src/main/res/layout/activity_main.xml","tags":{"FILE_LINE_OF_CODE":"214"}}
{"ts":1711096827158,"action":"IDE_DEACTIVATED"}
{"ts":1711096827986,"action":"IDE_ACTIVATED"}
{"ts":1711096830267,"action":"FILE_CLOSED","file":"/app/src/main/res/layout/activity_main.xml","tags":{"FILE_LINE_OF_CODE":"214"}}
{"ts":1711096830267,"action":"FILE_OPENED","file":"/crow-attr-text/src/main/kotlin/com/crow/attr/text/AttrTextLayout.kt","tags":{"FILE_LINE_OF_CODE":"1836"}}
{"ts":1711096841562,"action":"IDE_DEACTIVATED"}
{"ts":1711097502695,"action":"IDE_ACTIVATED"}
{"ts":1711097510058,"action":"FILE_CLOSED","file":"/crow-attr-text/src/main/kotlin/com/crow/attr/text/AttrTextLayout.kt","tags":{"FILE_LINE_OF_CODE":"1836"}}
{"ts":1711097510058,"action":"FILE_OPENED","file":"/app/src/main/res/layout/activity_main.xml","tags":{"FILE_LINE_OF_CODE":"214"}}
{"ts":1711097524212,"action":"FILE_CLOSED","file":"/app/src/main/res/layout/activity_main.xml","tags":{"FILE_LINE_OF_CODE":"214"}}
{"ts":1711097524213,"action":"FILE_OPENED","file":"/crow-attr-text/src/main/kotlin/com/crow/attr/text/AttrTextLayout.kt","tags":{"FILE_LINE_OF_CODE":"1836"}}
{"ts":1711097527309,"action":"IDE_DEACTIVATED"}
{"ts":1711097557719,"action":"IDE_ACTIVATED"}
{"ts":1711097561447,"action":"IDE_DEACTIVATED"}
{"ts":1711097564516,"action":"IDE_ACTIVATED"}
{"ts":1711097565136,"action":"IDE_DEACTIVATED"}
{"ts":1711097567653,"action":"IDE_ACTIVATED"}
{"ts":1711097570104,"action":"IDE_DEACTIVATED"}
{"ts":1711098770050,"action":"IDE_ACTIVATED"}
{"ts":1711098771017,"action":"IDE_DEACTIVATED"}
{"ts":1711098774909,"action":"IDE_ACTIVATED"}
{"ts":1711098775737,"action":"IDE_DEACTIVATED"}
{"ts":1711098854006,"action":"IDE_ACTIVATED"}
{"ts":1711098854551,"action":"IDE_DEACTIVATED"}
{"ts":1711099031283,"action":"IDE_ACTIVATED"}
{"ts":1711099031795,"action":"IDE_DEACTIVATED"}
{"ts":1711100078124,"action":"IDE_ACTIVATED"}
{"ts":1711100097013,"action":"IDE_DEACTIVATED"}
{"ts":1711100241638,"action":"IDE_ACTIVATED"}
{"ts":1711100256443,"action":"IDE_DEACTIVATED"}
{"ts":1711100256449,"action":"IDE_ACTIVATED"}
{"ts":1711100395975,"action":"IDE_DEACTIVATED"}
{"ts":1711100396614,"action":"IDE_ACTIVATED"}
{"ts":1711100397448,"action":"IDE_DEACTIVATED"}
{"ts":1711100715664,"action":"IDE_ACTIVATED"}
{"ts":1711100722239,"action":"IDE_DEACTIVATED"}
{"ts":1711100723043,"action":"IDE_ACTIVATED"}
{"ts":1711100723398,"action":"IDE_DEACTIVATED"}
{"ts":1711100790442,"action":"IDE_ACTIVATED"}
{"ts":1711100795810,"action":"IDE_DEACTIVATED"}
{"ts":1711100798949,"action":"IDE_ACTIVATED"}
{"ts":1711100805482,"action":"IDE_DEACTIVATED"}
{"ts":1711100865139,"action":"IDE_ACTIVATED"}
{"ts":1711100866004,"action":"IDE_DEACTIVATED"}
{"ts":1711100866800,"action":"IDE_ACTIVATED"}
{"ts":1711100867167,"action":"IDE_DEACTIVATED"}
{"ts":1711100868051,"action":"IDE_ACTIVATED"}
{"ts":1711100873581,"action":"FILE_CLOSED","file":"/crow-attr-text/src/main/kotlin/com/crow/attr/text/AttrTextLayout.kt","tags":{"FILE_LINE_OF_CODE":"1836"}}
{"ts":1711100873581,"action":"FILE_OPENED","file":"/app/src/main/res/layout/activity_main.xml","tags":{"FILE_LINE_OF_CODE":"214"}}
{"ts":1711100900703,"action":"IDE_DEACTIVATED"}
{"ts":1711100901660,"action":"IDE_ACTIVATED"}
{"ts":1711100945199,"action":"IDE_DEACTIVATED"}
{"ts":1711100988410,"action":"IDE_ACTIVATED"}
{"ts":1711100989737,"action":"IDE_DEACTIVATED"}
{"ts":1711101051513,"action":"IDE_ACTIVATED"}
{"ts":1711101092932,"action":"IDE_DEACTIVATED"}
{"ts":1711101098911,"action":"IDE_ACTIVATED"}
{"ts":1711101099690,"action":"IDE_DEACTIVATED"}
{"ts":1711101143249,"action":"IDE_ACTIVATED"}
{"ts":1711101160832,"action":"IDE_DEACTIVATED"}
{"ts":1711101175548,"action":"IDE_ACTIVATED"}
{"ts":1711101177883,"action":"IDE_DEACTIVATED"}
{"ts":1711101180076,"action":"IDE_ACTIVATED"}
{"ts":1711101208085,"action":"IDE_DEACTIVATED"}
{"ts":1711101209604,"action":"IDE_ACTIVATED"}
{"ts":1711101211507,"action":"IDE_DEACTIVATED"}
{"ts":1711101218491,"action":"IDE_ACTIVATED"}
{"ts":1711101234841,"action":"IDE_DEACTIVATED"}
{"ts":1711101242477,"action":"IDE_ACTIVATED"}
{"ts":1711101243734,"action":"FILE_CLOSED","file":"/app/src/main/res/layout/activity_main.xml","tags":{"FILE_LINE_OF_CODE":"214"}}
{"ts":1711101243734,"action":"FILE_OPENED","file":"/crow-attr-text/src/main/kotlin/com/crow/attr/text/AttrTextLayout.kt","tags":{"FILE_LINE_OF_CODE":"1836"}}
{"ts":1711101244401,"action":"IDE_DEACTIVATED"}
{"ts":1711101252711,"action":"IDE_ACTIVATED"}
{"ts":1711101259042,"action":"IDE_DEACTIVATED"}
{"ts":1711101351064,"action":"IDE_ACTIVATED"}
{"ts":1711101351442,"action":"IDE_DEACTIVATED"}
{"ts":1711101738137,"action":"IDE_ACTIVATED"}
{"ts":1711101749131,"action":"IDE_DEACTIVATED"}
{"ts":1711105051141,"action":"IDE_ACTIVATED"}
{"ts":1711105055125,"action":"FILE_CLOSED","file":"/crow-attr-text/src/main/kotlin/com/crow/attr/text/AttrTextLayout.kt","tags":{"FILE_LINE_OF_CODE":"1836"}}
{"ts":1711105055125,"action":"FILE_OPENED","file":"/app/src/main/res/layout/activity_main.xml","tags":{"FILE_LINE_OF_CODE":"214"}}
{"ts":1711105064657,"action":"IDE_DEACTIVATED"}
{"ts":1711331259454,"action":"FILE_OPENED","file":"/crow-attr-text/src/main/kotlin/com/crow/attr/text/AttrTextLayout.kt","tags":{"FILE_LINE_OF_CODE":"1836"}}
{"ts":1711331259580,"action":"PROJECT_OPENED","tags":{"PROJECT_NAME":"AttrTextLayout"}}
{"ts":1711331378204,"action":"IDE_ACTIVATED"}
{"ts":1711331399757,"action":"IDE_DEACTIVATED"}
{"ts":1711331540232,"action":"IDE_ACTIVATED"}
{"ts":1711331715941,"action":"IDE_DEACTIVATED"}
{"ts":1711331717664,"action":"IDE_ACTIVATED"}
{"ts":1711331719078,"action":"IDE_DEACTIVATED"}
{"ts":1711331721298,"action":"IDE_ACTIVATED"}
{"ts":1711331722481,"action":"IDE_DEACTIVATED"}
{"ts":1711331725969,"action":"IDE_ACTIVATED"}
{"ts":1711331799576,"action":"FILE_CLOSED","file":"/crow-attr-text/src/main/kotlin/com/crow/attr/text/AttrTextLayout.kt","tags":{"FILE_LINE_OF_CODE":"1837"}}
{"ts":1711331799576,"action":"FILE_OPENED","file":"/crow-attr-text/src/main/res/values/attrs_text.xml","tags":{"FILE_LINE_OF_CODE":"97"}}
{"ts":1711331801885,"action":"FILE_CLOSED","file":"/crow-attr-text/src/main/res/values/attrs_text.xml","tags":{"FILE_LINE_OF_CODE":"97"}}
{"ts":1711331801885,"action":"FILE_OPENED","file":"/crow-attr-text/src/main/kotlin/com/crow/attr/text/AttrTextLayout.kt","tags":{"FILE_LINE_OF_CODE":"1837"}}
{"ts":1711331818788,"action":"IDE_DEACTIVATED"}
{"ts":1711331932497,"action":"IDE_ACTIVATED"}
{"ts":1711331934732,"action":"IDE_DEACTIVATED"}
{"ts":1711331937965,"action":"IDE_ACTIVATED"}
{"ts":1711331951611,"action":"IDE_DEACTIVATED"}
{"ts":1711331963672,"action":"IDE_ACTIVATED"}
{"ts":1711331976298,"action":"FILE_CLOSED","file":"/crow-attr-text/src/main/kotlin/com/crow/attr/text/AttrTextLayout.kt","tags":{"FILE_LINE_OF_CODE":"1836"}}
{"ts":1711331976298,"action":"FILE_OPENED","file":"/crow-attr-text/.gitignore","tags":{"FILE_LINE_OF_CODE":"2"}}
{"ts":1711332020884,"action":"FILE_CLOSED","file":"/crow-attr-text/.gitignore","tags":{"FILE_LINE_OF_CODE":"3"}}
{"ts":1711332020884,"action":"FILE_OPENED","file":"/.gitignore","tags":{"FILE_LINE_OF_CODE":"17"}}
{"ts":1711332027383,"action":"FILE_CLOSED","file":"/.gitignore","tags":{"FILE_LINE_OF_CODE":"17"}}
{"ts":1711332033280,"action":"FILE_OPENED","file":"/.gitignore","tags":{"FILE_LINE_OF_CODE":"17"}}
{"ts":1711332058161,"action":"FILE_CLOSED","file":"/.gitignore","tags":{"FILE_LINE_OF_CODE":"17"}}
{"ts":1711332058161,"action":"FILE_OPENED","file":"/app/.gitignore","tags":{"FILE_LINE_OF_CODE":"1"}}
{"ts":1711332136186,"action":"FILE_CLOSED","file":"/app/.gitignore","tags":{"FILE_LINE_OF_CODE":"2"}}
{"ts":1711332136186,"action":"FILE_OPENED","file":"/crow-attr-text/.gitignore","tags":{"FILE_LINE_OF_CODE":"3"}}
{"ts":1711332143743,"action":"FILE_CLOSED","file":"/crow-attr-text/.gitignore","tags":{"FILE_LINE_OF_CODE":"3"}}
{"ts":1711332143743,"action":"FILE_OPENED","file":"/.gitignore","tags":{"FILE_LINE_OF_CODE":"17"}}
{"ts":1711332176233,"action":"FILE_CLOSED","file":"/.gitignore","tags":{"FILE_LINE_OF_CODE":"17"}}
{"ts":1711332176233,"action":"FILE_OPENED","file":"/crow-attr-text/src/main/kotlin/com/crow/attr/text/AttrTextFrameConfig.kt","tags":{"FILE_LINE_OF_CODE":"30"}}
{"ts":1711332176719,"action":"FILE_CLOSED","file":"/crow-attr-text/src/main/kotlin/com/crow/attr/text/AttrTextFrameConfig.kt","tags":{"FILE_LINE_OF_CODE":"30"}}
{"ts":1711332176719,"action":"FILE_OPENED","file":"/crow-attr-text/src/main/res/values/attrs_text.xml","tags":{"FILE_LINE_OF_CODE":"97"}}
{"ts":1711332178248,"action":"FILE_CLOSED","file":"/crow-attr-text/src/main/res/values/attrs_text.xml","tags":{"FILE_LINE_OF_CODE":"97"}}
{"ts":1711332178248,"action":"FILE_OPENED","file":"/crow-attr-text/src/main/kotlin/com/crow/attr/text/AttrTextLayout.kt","tags":{"FILE_LINE_OF_CODE":"1836"}}
{"ts":1711332210350,"action":"FILE_CLOSED","file":"/crow-attr-text/src/main/kotlin/com/crow/attr/text/AttrTextLayout.kt","tags":{"FILE_LINE_OF_CODE":"1836"}}
{"ts":1711332210351,"action":"FILE_OPENED","file":"/crow-attr-text/src/main/kotlin/com/crow/attr/text/AttrTextFrameConfig.kt","tags":{"FILE_LINE_OF_CODE":"30"}}
{"ts":1711332217318,"action":"FILE_CLOSED","file":"/crow-attr-text/src/main/kotlin/com/crow/attr/text/AttrTextFrameConfig.kt","tags":{"FILE_LINE_OF_CODE":"30"}}
{"ts":1711332217318,"action":"FILE_OPENED","file":"/crow-attr-text/src/main/kotlin/com/crow/attr/text/AttrTextLayout.kt","tags":{"FILE_LINE_OF_CODE":"1836"}}
{"ts":1711332219988,"action":"FILE_CLOSED","file":"/crow-attr-text/src/main/kotlin/com/crow/attr/text/AttrTextLayout.kt","tags":{"FILE_LINE_OF_CODE":"1836"}}
{"ts":1711332219988,"action":"FILE_OPENED","file":"/crow-attr-text/src/main/kotlin/com/crow/attr/text/AttrTextView.kt","tags":{"FILE_LINE_OF_CODE":"780"}}
{"ts":1711332679912,"action":"FILE_CLOSED","file":"/crow-attr-text/src/main/kotlin/com/crow/attr/text/AttrTextView.kt","tags":{"FILE_LINE_OF_CODE":"784"}}
{"ts":1711332679912,"action":"FILE_OPENED","file":"/crow-attr-text/src/main/kotlin/com/crow/attr/text/AttrTextLayout.kt","tags":{"FILE_LINE_OF_CODE":"1836"}}
{"ts":1711332904155,"action":"IDE_DEACTIVATED"}
{"ts":1711333013569,"action":"IDE_ACTIVATED"}
{"ts":1711333014763,"action":"IDE_DEACTIVATED"}
{"ts":1711333622266,"action":"IDE_ACTIVATED"}
{"ts":1711333623326,"action":"IDE_DEACTIVATED"}
{"ts":1711333964538,"action":"IDE_ACTIVATED"}
{"ts":1711333967694,"action":"IDE_DEACTIVATED"}
{"ts":1711334066206,"action":"IDE_ACTIVATED"}
{"ts":1711334088964,"action":"IDE_DEACTIVATED"}
{"ts":1711334098897,"action":"IDE_ACTIVATED"}
{"ts":1711334107676,"action":"FILE_CLOSED","file":"/crow-attr-text/src/main/kotlin/com/crow/attr/text/AttrTextLayout.kt","tags":{"FILE_LINE_OF_CODE":"1836"}}
{"ts":1711334107676,"action":"FILE_OPENED","file":"/crow-attr-text/src/main/kotlin/com/crow/attr/text/AttrTextView.kt","tags":{"FILE_LINE_OF_CODE":"784"}}
{"ts":1711334111356,"action":"FILE_CLOSED","file":"/crow-attr-text/src/main/kotlin/com/crow/attr/text/AttrTextView.kt","tags":{"FILE_LINE_OF_CODE":"784"}}
{"ts":1711334111356,"action":"FILE_OPENED","file":"/crow-attr-text/src/main/kotlin/com/crow/attr/text/AttrTextLayout.kt","tags":{"FILE_LINE_OF_CODE":"1836"}}
{"ts":1711334133429,"action":"IDE_DEACTIVATED"}
{"ts":1711334134743,"action":"IDE_ACTIVATED"}
{"ts":1711334137126,"action":"IDE_DEACTIVATED"}
{"ts":1711334138318,"action":"IDE_ACTIVATED"}
{"ts":1711334150654,"action":"IDE_DEACTIVATED"}
{"ts":1711334152388,"action":"IDE_ACTIVATED"}
{"ts":1711334155453,"action":"IDE_DEACTIVATED"}
{"ts":1711334157581,"action":"IDE_ACTIVATED"}
{"ts":1711334158204,"action":"IDE_DEACTIVATED"}
{"ts":1711334178782,"action":"IDE_ACTIVATED"}
{"ts":1711334179469,"action":"IDE_DEACTIVATED"}
{"ts":1711334181815,"action":"IDE_ACTIVATED"}
{"ts":1711334182371,"action":"IDE_DEACTIVATED"}
{"ts":1711334186125,"action":"IDE_ACTIVATED"}
{"ts":1711334186964,"action":"IDE_DEACTIVATED"}
{"ts":1711334206501,"action":"IDE_ACTIVATED"}
{"ts":1711334208828,"action":"IDE_DEACTIVATED"}
{"ts":1711334214901,"action":"IDE_ACTIVATED"}
{"ts":1711334215646,"action":"IDE_DEACTIVATED"}
{"ts":1711336742522,"action":"IDE_ACTIVATED"}
{"ts":1711336747326,"action":"IDE_DEACTIVATED"}
{"ts":1711346425613,"action":"IDE_ACTIVATED"}
{"ts":1711346429270,"action":"IDE_DEACTIVATED"}
{"ts":1711346429421,"action":"PROJECT_CLOSED","tags":{"PROJECT_NAME":"AttrTextLayout"}}
{"ts":1711362594596,"action":"FILE_OPENED","file":"/crow-attr-text/src/main/kotlin/com/crow/attr/text/AttrTextLayout.kt","tags":{"FILE_LINE_OF_CODE":"1836"}}
{"ts":1711362597218,"action":"PROJECT_OPENED","tags":{"PROJECT_NAME":"AttrTextLayout"}}
{"ts":1711362923677,"action":"IDE_DEACTIVATED"}
{"ts":1711362923684,"action":"IDE_ACTIVATED"}
{"ts":1711363293886,"action":"IDE_DEACTIVATED"}
{"ts":1711363297930,"action":"IDE_ACTIVATED"}
{"ts":1711363298896,"action":"IDE_DEACTIVATED"}
{"ts":1711363307479,"action":"IDE_ACTIVATED"}
{"ts":1711363312263,"action":"IDE_DEACTIVATED"}
{"ts":1711363314735,"action":"IDE_ACTIVATED"}
{"ts":1711363340149,"action":"FILE_CLOSED","file":"/crow-attr-text/src/main/kotlin/com/crow/attr/text/AttrTextLayout.kt","tags":{"FILE_LINE_OF_CODE":"1836"}}
{"ts":1711363340149,"action":"FILE_OPENED","file":"/crow-attr-text/src/main/kotlin/com/crow/attr/text/AttrTextView.kt","tags":{"FILE_LINE_OF_CODE":"784"}}
{"ts":1711363388485,"action":"FILE_CLOSED","file":"/crow-attr-text/src/main/kotlin/com/crow/attr/text/AttrTextView.kt","tags":{"FILE_LINE_OF_CODE":"784"}}
{"ts":1711363388485,"action":"FILE_OPENED","file":"/crow-attr-text/src/main/kotlin/com/crow/attr/text/AttrTextLayout.kt","tags":{"FILE_LINE_OF_CODE":"1836"}}
{"ts":1711363539094,"action":"FILE_CLOSED","file":"/crow-attr-text/src/main/kotlin/com/crow/attr/text/AttrTextLayout.kt","tags":{"FILE_LINE_OF_CODE":"1840"}}
{"ts":1711363539094,"action":"FILE_OPENED","file":"/crow-attr-text/src/main/kotlin/com/crow/attr/text/AttrTextView.kt","tags":{"FILE_LINE_OF_CODE":"784"}}
{"ts":1711363541115,"action":"FILE_CLOSED","file":"/crow-attr-text/src/main/kotlin/com/crow/attr/text/AttrTextView.kt","tags":{"FILE_LINE_OF_CODE":"784"}}
{"ts":1711363541120,"action":"FILE_OPENED","file":"/crow-attr-text/src/main/kotlin/com/crow/attr/text/AttrTextLayout.kt","tags":{"FILE_LINE_OF_CODE":"1840"}}
{"ts":1711363552223,"action":"FILE_CLOSED","file":"/crow-attr-text/src/main/kotlin/com/crow/attr/text/AttrTextLayout.kt","tags":{"FILE_LINE_OF_CODE":"1840"}}
{"ts":1711363552223,"action":"FILE_OPENED","file":"/crow-attr-text/src/main/kotlin/com/crow/attr/text/AttrTextView.kt","tags":{"FILE_LINE_OF_CODE":"784"}}
{"ts":1711363566858,"action":"FILE_CLOSED","file":"/crow-attr-text/src/main/kotlin/com/crow/attr/text/AttrTextView.kt","tags":{"FILE_LINE_OF_CODE":"784"}}
{"ts":1711363566858,"action":"FILE_OPENED","file":"/crow-attr-text/src/main/kotlin/com/crow/attr/text/AttrTextLayout.kt","tags":{"FILE_LINE_OF_CODE":"1840"}}
{"ts":1711363573415,"action":"IDE_DEACTIVATED"}
{"ts":1711363621706,"action":"IDE_ACTIVATED"}
{"ts":1711363622201,"action":"IDE_DEACTIVATED"}
{"ts":1711363622630,"action":"IDE_ACTIVATED"}
{"ts":1711363624529,"action":"IDE_DEACTIVATED"}
{"ts":1711363749846,"action":"IDE_ACTIVATED"}
{"ts":1711363750168,"action":"IDE_DEACTIVATED"}
{"ts":1711363765593,"action":"IDE_ACTIVATED"}
{"ts":1711363771419,"action":"IDE_DEACTIVATED"}
{"ts":1711363784627,"action":"IDE_ACTIVATED"}
{"ts":1711363912694,"action":"IDE_DEACTIVATED"}
{"ts":1711363918917,"action":"IDE_ACTIVATED"}
{"ts":1711363929140,"action":"IDE_DEACTIVATED"}
{"ts":1711363933507,"action":"IDE_ACTIVATED"}
{"ts":1711363934060,"action":"IDE_DEACTIVATED"}
{"ts":1711363936391,"action":"IDE_ACTIVATED"}
{"ts":1711363952708,"action":"IDE_DEACTIVATED"}
{"ts":1711364324377,"action":"IDE_ACTIVATED"}
{"ts":1711364378487,"action":"IDE_DEACTIVATED"}
{"ts":1711364379792,"action":"IDE_ACTIVATED"}
{"ts":1711364600143,"action":"IDE_DEACTIVATED"}
{"ts":1711416556379,"action":"IDE_ACTIVATED"}
{"ts":1711416558784,"action":"IDE_DEACTIVATED"}
{"ts":1711417104338,"action":"IDE_ACTIVATED"}
{"ts":1711417112673,"action":"IDE_DEACTIVATED"}
{"ts":1711417199992,"action":"IDE_ACTIVATED"}
{"ts":1711417258078,"action":"IDE_DEACTIVATED"}
{"ts":1711417258085,"action":"IDE_ACTIVATED"}
{"ts":1711417263096,"action":"IDE_DEACTIVATED"}
{"ts":1711417554486,"action":"IDE_ACTIVATED"}
{"ts":1711417557452,"action":"IDE_DEACTIVATED"}
{"ts":1711417687730,"action":"IDE_ACTIVATED"}
{"ts":1711417691245,"action":"IDE_DEACTIVATED"}
{"ts":1711417708499,"action":"IDE_ACTIVATED"}
{"ts":1711417710706,"action":"IDE_DEACTIVATED"}
{"ts":1711417748694,"action":"IDE_ACTIVATED"}
{"ts":1711417795293,"action":"IDE_DEACTIVATED"}
{"ts":1711417817472,"action":"IDE_ACTIVATED"}
{"ts":1711417999770,"action":"IDE_DEACTIVATED"}
{"ts":1711418228107,"action":"IDE_ACTIVATED"}
{"ts":1711418303908,"action":"FILE_CLOSED","file":"/crow-attr-text/src/main/kotlin/com/crow/attr/text/AttrTextLayout.kt","tags":{"FILE_LINE_OF_CODE":"1850"}}
{"ts":1711418303908,"action":"FILE_OPENED","file":"/crow-attr-text/src/main/kotlin/com/crow/attr/text/IAttrText.kt","tags":{"FILE_LINE_OF_CODE":"276"}}
{"ts":1711418310465,"action":"FILE_CLOSED","file":"/crow-attr-text/src/main/kotlin/com/crow/attr/text/IAttrText.kt","tags":{"FILE_LINE_OF_CODE":"276"}}
{"ts":1711418310465,"action":"FILE_OPENED","file":"/crow-attr-text/src/main/kotlin/com/crow/attr/text/AttrTextExt.kt","tags":{"FILE_LINE_OF_CODE":"107"}}
{"ts":1711418311546,"action":"FILE_CLOSED","file":"/crow-attr-text/src/main/kotlin/com/crow/attr/text/AttrTextExt.kt","tags":{"FILE_LINE_OF_CODE":"107"}}
{"ts":1711418311546,"action":"FILE_OPENED","file":"/crow-attr-text/src/main/kotlin/com/crow/attr/text/IAttrText.kt","tags":{"FILE_LINE_OF_CODE":"276"}}
{"ts":1711418326467,"action":"IDE_DEACTIVATED"}
{"ts":1711418327878,"action":"IDE_ACTIVATED"}
{"ts":1711418329762,"action":"IDE_DEACTIVATED"}
{"ts":1711418329897,"action":"IDE_ACTIVATED"}
{"ts":1711418359362,"action":"IDE_DEACTIVATED"}
{"ts":1711418398426,"action":"IDE_ACTIVATED"}
{"ts":1711418399151,"action":"IDE_DEACTIVATED"}
{"ts":1711418399232,"action":"IDE_ACTIVATED"}
{"ts":1711418404113,"action":"IDE_DEACTIVATED"}
{"ts":1711418404175,"action":"IDE_ACTIVATED"}
{"ts":1711418406541,"action":"IDE_DEACTIVATED"}
{"ts":1711419670878,"action":"IDE_ACTIVATED"}
{"ts":1711419672646,"action":"IDE_DEACTIVATED"}
{"ts":1711419696192,"action":"IDE_ACTIVATED"}
{"ts":1711419960294,"action":"FILE_CLOSED","file":"/crow-attr-text/src/main/kotlin/com/crow/attr/text/IAttrText.kt","tags":{"FILE_LINE_OF_CODE":"276"}}
{"ts":1711419960294,"action":"FILE_OPENED","file":"/crow-attr-text/src/main/kotlin/com/crow/attr/text/AttrTextLayout.kt","tags":{"FILE_LINE_OF_CODE":"1850"}}
{"ts":1711420142910,"action":"FILE_CLOSED","file":"/crow-attr-text/src/main/kotlin/com/crow/attr/text/AttrTextLayout.kt","tags":{"FILE_LINE_OF_CODE":"1857"}}
{"ts":1711420142910,"action":"FILE_OPENED","file":"/crow-attr-text/src/main/kotlin/com/crow/attr/text/AttrTextFrameConfig.kt","tags":{"FILE_LINE_OF_CODE":"30"}}
{"ts":1711420145753,"action":"FILE_CLOSED","file":"/crow-attr-text/src/main/kotlin/com/crow/attr/text/AttrTextFrameConfig.kt","tags":{"FILE_LINE_OF_CODE":"30"}}
{"ts":1711420145753,"action":"FILE_OPENED","file":"/crow-attr-text/src/main/kotlin/com/crow/attr/text/AttrTextView.kt","tags":{"FILE_LINE_OF_CODE":"784"}}
{"ts":1711420146312,"action":"FILE_CLOSED","file":"/crow-attr-text/src/main/kotlin/com/crow/attr/text/AttrTextView.kt","tags":{"FILE_LINE_OF_CODE":"784"}}
{"ts":1711420146312,"action":"FILE_OPENED","file":"/crow-attr-text/src/main/kotlin/com/crow/attr/text/AttrTextExt.kt","tags":{"FILE_LINE_OF_CODE":"107"}}
{"ts":1711420146787,"action":"FILE_CLOSED","file":"/crow-attr-text/src/main/kotlin/com/crow/attr/text/AttrTextExt.kt","tags":{"FILE_LINE_OF_CODE":"107"}}
{"ts":1711420146787,"action":"FILE_OPENED","file":"/crow-attr-text/src/main/kotlin/com/crow/attr/text/IAttrText.kt","tags":{"FILE_LINE_OF_CODE":"276"}}
{"ts":1711420147247,"action":"FILE_CLOSED","file":"/crow-attr-text/src/main/kotlin/com/crow/attr/text/IAttrText.kt","tags":{"FILE_LINE_OF_CODE":"276"}}
{"ts":1711420147247,"action":"FILE_OPENED","file":"/crow-attr-text/src/main/kotlin/com/crow/attr/text/AttrTextLayout.kt","tags":{"FILE_LINE_OF_CODE":"1857"}}
{"ts":1711420349525,"action":"IDE_DEACTIVATED"}
{"ts":1711420860368,"action":"IDE_ACTIVATED"}
{"ts":1711420959440,"action":"FILE_CLOSED","file":"/crow-attr-text/src/main/kotlin/com/crow/attr/text/AttrTextLayout.kt","tags":{"FILE_LINE_OF_CODE":"1851"}}
{"ts":1711420959440,"action":"FILE_OPENED","file":"/crow-attr-text/src/main/kotlin/com/crow/attr/text/AttrTextView.kt","tags":{"FILE_LINE_OF_CODE":"786"}}
{"ts":1711420989661,"action":"FILE_CLOSED","file":"/crow-attr-text/src/main/kotlin/com/crow/attr/text/AttrTextView.kt","tags":{"FILE_LINE_OF_CODE":"790"}}
{"ts":1711420989661,"action":"FILE_OPENED","file":"/crow-attr-text/src/main/kotlin/com/crow/attr/text/AttrTextLayout.kt","tags":{"FILE_LINE_OF_CODE":"1851"}}
{"ts":1711421010985,"action":"IDE_DEACTIVATED"}
{"ts":1711421055059,"action":"IDE_ACTIVATED"}
{"ts":1711421127610,"action":"FILE_CLOSED","file":"/crow-attr-text/src/main/kotlin/com/crow/attr/text/AttrTextLayout.kt","tags":{"FILE_LINE_OF_CODE":"1852"}}
{"ts":1711421127610,"action":"FILE_OPENED","file":"/crow-attr-text/src/main/kotlin/com/crow/attr/text/AttrTextView.kt","tags":{"FILE_LINE_OF_CODE":"790"}}
{"ts":1711421203720,"action":"FILE_CLOSED","file":"/crow-attr-text/src/main/kotlin/com/crow/attr/text/AttrTextView.kt","tags":{"FILE_LINE_OF_CODE":"791"}}
{"ts":1711421203720,"action":"FILE_OPENED","file":"/crow-attr-text/src/main/kotlin/com/crow/attr/text/AttrTextExt.kt","tags":{"FILE_LINE_OF_CODE":"107"}}
{"ts":1711421214286,"action":"FILE_CLOSED","file":"/crow-attr-text/src/main/kotlin/com/crow/attr/text/AttrTextExt.kt","tags":{"FILE_LINE_OF_CODE":"107"}}
{"ts":1711421214286,"action":"FILE_OPENED","file":"/crow-attr-text/src/main/kotlin/com/crow/attr/text/AttrTextLayout.kt","tags":{"FILE_LINE_OF_CODE":"1852"}}
{"ts":1711421215708,"action":"FILE_CLOSED","file":"/crow-attr-text/src/main/kotlin/com/crow/attr/text/AttrTextLayout.kt","tags":{"FILE_LINE_OF_CODE":"1852"}}
{"ts":1711421215708,"action":"FILE_OPENED","file":"/crow-attr-text/src/main/kotlin/com/crow/attr/text/AttrTextView.kt","tags":{"FILE_LINE_OF_CODE":"791"}}
{"ts":1711421219598,"action":"FILE_CLOSED","file":"/crow-attr-text/src/main/kotlin/com/crow/attr/text/AttrTextView.kt","tags":{"FILE_LINE_OF_CODE":"791"}}
{"ts":1711421219598,"action":"FILE_OPENED","file":"/crow-attr-text/src/main/kotlin/com/crow/attr/text/AttrTextFrameConfig.kt","tags":{"FILE_LINE_OF_CODE":"30"}}
{"ts":1711421224164,"action":"FILE_CLOSED","file":"/crow-attr-text/src/main/kotlin/com/crow/attr/text/AttrTextFrameConfig.kt","tags":{"FILE_LINE_OF_CODE":"30"}}
{"ts":1711421224164,"action":"FILE_OPENED","file":"/crow-attr-text/src/main/kotlin/com/crow/attr/text/AttrTextLayout.kt","tags":{"FILE_LINE_OF_CODE":"1852"}}
{"ts":1711421300801,"action":"IDE_DEACTIVATED"}
{"ts":1711421309698,"action":"IDE_ACTIVATED"}
{"ts":1711421399743,"action":"FILE_CLOSED","file":"/crow-attr-text/src/main/kotlin/com/crow/attr/text/AttrTextLayout.kt","tags":{"FILE_LINE_OF_CODE":"1868"}}
{"ts":1711421399743,"action":"FILE_OPENED","file":"/crow-attr-text/src/main/kotlin/com/crow/attr/text/AttrTextView.kt","tags":{"FILE_LINE_OF_CODE":"791"}}
{"ts":1711421708504,"action":"FILE_CLOSED","file":"/crow-attr-text/src/main/kotlin/com/crow/attr/text/AttrTextView.kt","tags":{"FILE_LINE_OF_CODE":"796"}}
{"ts":1711421708504,"action":"FILE_OPENED","file":"/crow-attr-text/src/main/kotlin/com/crow/attr/text/AttrTextLayout.kt","tags":{"FILE_LINE_OF_CODE":"1868"}}
{"ts":1711421777170,"action":"FILE_CLOSED","file":"/crow-attr-text/src/main/kotlin/com/crow/attr/text/AttrTextLayout.kt","tags":{"FILE_LINE_OF_CODE":"1868"}}
{"ts":1711421777170,"action":"FILE_OPENED","file":"/crow-attr-text/src/main/kotlin/com/crow/attr/text/AttrTextView.kt","tags":{"FILE_LINE_OF_CODE":"796"}}
{"ts":1711421825019,"action":"FILE_CLOSED","file":"/crow-attr-text/src/main/kotlin/com/crow/attr/text/AttrTextView.kt","tags":{"FILE_LINE_OF_CODE":"830"}}
{"ts":1711421825019,"action":"FILE_OPENED","file":"/crow-attr-text/src/main/kotlin/com/crow/attr/text/AttrTextLayout.kt","tags":{"FILE_LINE_OF_CODE":"1868"}}
{"ts":1711421832439,"action":"FILE_CLOSED","file":"/crow-attr-text/src/main/kotlin/com/crow/attr/text/AttrTextLayout.kt","tags":{"FILE_LINE_OF_CODE":"1868"}}
{"ts":1711421832439,"action":"FILE_OPENED","file":"/crow-attr-text/src/main/kotlin/com/crow/attr/text/IAttrText.kt","tags":{"FILE_LINE_OF_CODE":"276"}}
{"ts":1711421833369,"action":"FILE_CLOSED","file":"/crow-attr-text/src/main/kotlin/com/crow/attr/text/IAttrText.kt","tags":{"FILE_LINE_OF_CODE":"276"}}
{"ts":1711421833369,"action":"FILE_OPENED","file":"/crow-attr-text/src/main/kotlin/com/crow/attr/text/AttrTextExt.kt","tags":{"FILE_LINE_OF_CODE":"107"}}
{"ts":1711421833761,"action":"FILE_CLOSED","file":"/crow-attr-text/src/main/kotlin/com/crow/attr/text/AttrTextExt.kt","tags":{"FILE_LINE_OF_CODE":"107"}}
{"ts":1711421833761,"action":"FILE_OPENED","file":"/crow-attr-text/src/main/kotlin/com/crow/attr/text/AttrTextView.kt","tags":{"FILE_LINE_OF_CODE":"830"}}
{"ts":1711421863427,"action":"FILE_CLOSED","file":"/crow-attr-text/src/main/kotlin/com/crow/attr/text/AttrTextView.kt","tags":{"FILE_LINE_OF_CODE":"830"}}
{"ts":1711421863427,"action":"FILE_OPENED","file":"/crow-attr-text/src/main/kotlin/com/crow/attr/text/AttrTextLayout.kt","tags":{"FILE_LINE_OF_CODE":"1868"}}
{"ts":1711421884190,"action":"FILE_CLOSED","file":"/crow-attr-text/src/main/kotlin/com/crow/attr/text/AttrTextLayout.kt","tags":{"FILE_LINE_OF_CODE":"1868"}}
{"ts":1711421884190,"action":"FILE_OPENED","file":"/crow-attr-text/src/main/kotlin/com/crow/attr/text/AttrTextView.kt","tags":{"FILE_LINE_OF_CODE":"830"}}
{"ts":1711421959666,"action":"FILE_CLOSED","file":"/crow-attr-text/src/main/kotlin/com/crow/attr/text/AttrTextView.kt","tags":{"FILE_LINE_OF_CODE":"796"}}
{"ts":1711421959666,"action":"FILE_OPENED","file":"/crow-attr-text/src/main/kotlin/com/crow/attr/text/AttrTextLayout.kt","tags":{"FILE_LINE_OF_CODE":"1868"}}
{"ts":1711422301911,"action":"FILE_CLOSED","file":"/crow-attr-text/src/main/kotlin/com/crow/attr/text/AttrTextLayout.kt","tags":{"FILE_LINE_OF_CODE":"1854"}}
{"ts":1711422301911,"action":"FILE_OPENED","file":"/crow-attr-text/src/main/kotlin/com/crow/attr/text/AttrTextView.kt","tags":{"FILE_LINE_OF_CODE":"796"}}
{"ts":1711422326320,"action":"FILE_CLOSED","file":"/crow-attr-text/src/main/kotlin/com/crow/attr/text/AttrTextView.kt","tags":{"FILE_LINE_OF_CODE":"796"}}
{"ts":1711422326320,"action":"FILE_OPENED","file":"/crow-attr-text/src/main/kotlin/com/crow/attr/text/AttrTextLayout.kt","tags":{"FILE_LINE_OF_CODE":"1854"}}
{"ts":1711422345859,"action":"IDE_DEACTIVATED"}
{"ts":1711422349800,"action":"IDE_ACTIVATED"}
{"ts":1711422353315,"action":"IDE_DEACTIVATED"}
{"ts":1711422706086,"action":"IDE_ACTIVATED"}
{"ts":1711422708749,"action":"IDE_DEACTIVATED"}
{"ts":1711422712345,"action":"IDE_ACTIVATED"}
{"ts":1711422713426,"action":"IDE_DEACTIVATED"}
{"ts":1711423636874,"action":"IDE_ACTIVATED"}
{"ts":1711423645072,"action":"IDE_DEACTIVATED"}
{"ts":1711423647909,"action":"IDE_ACTIVATED"}
{"ts":1711423649744,"action":"IDE_DEACTIVATED"}
{"ts":1711423668181,"action":"IDE_ACTIVATED"}
{"ts":1711423693884,"action":"FILE_CLOSED","file":"/crow-attr-text/src/main/kotlin/com/crow/attr/text/AttrTextLayout.kt","tags":{"FILE_LINE_OF_CODE":"1858"}}
{"ts":1711423693884,"action":"FILE_OPENED","file":"/crow-attr-text/src/main/kotlin/com/crow/attr/text/AttrTextView.kt","tags":{"FILE_LINE_OF_CODE":"796"}}
{"ts":1711423752989,"action":"FILE_CLOSED","file":"/crow-attr-text/src/main/kotlin/com/crow/attr/text/AttrTextView.kt","tags":{"FILE_LINE_OF_CODE":"796"}}
{"ts":1711423752989,"action":"FILE_OPENED","file":"/crow-attr-text/src/main/kotlin/com/crow/attr/text/AttrTextExt.kt","tags":{"FILE_LINE_OF_CODE":"107"}}
{"ts":1711423753524,"action":"FILE_CLOSED","file":"/crow-attr-text/src/main/kotlin/com/crow/attr/text/AttrTextExt.kt","tags":{"FILE_LINE_OF_CODE":"107"}}
{"ts":1711423753524,"action":"FILE_OPENED","file":"/crow-attr-text/src/main/kotlin/com/crow/attr/text/IAttrText.kt","tags":{"FILE_LINE_OF_CODE":"276"}}
{"ts":1711423753899,"action":"FILE_CLOSED","file":"/crow-attr-text/src/main/kotlin/com/crow/attr/text/IAttrText.kt","tags":{"FILE_LINE_OF_CODE":"276"}}
{"ts":1711423753899,"action":"FILE_OPENED","file":"/crow-attr-text/src/main/kotlin/com/crow/attr/text/AttrTextLayout.kt","tags":{"FILE_LINE_OF_CODE":"1858"}}
{"ts":1711423839698,"action":"IDE_DEACTIVATED"}
{"ts":1711423919923,"action":"IDE_ACTIVATED"}
{"ts":1711424013989,"action":"FILE_CLOSED","file":"/crow-attr-text/src/main/kotlin/com/crow/attr/text/AttrTextLayout.kt","tags":{"FILE_LINE_OF_CODE":"1863"}}
{"ts":1711424013989,"action":"FILE_OPENED","file":"/crow-attr-text/src/main/kotlin/com/crow/attr/text/AttrTextView.kt","tags":{"FILE_LINE_OF_CODE":"796"}}
{"ts":1711424168754,"action":"FILE_CLOSED","file":"/crow-attr-text/src/main/kotlin/com/crow/attr/text/AttrTextView.kt","tags":{"FILE_LINE_OF_CODE":"796"}}
{"ts":1711424168754,"action":"FILE_OPENED","file":"/crow-attr-text/src/main/kotlin/com/crow/attr/text/AttrTextLayout.kt","tags":{"FILE_LINE_OF_CODE":"1863"}}
{"ts":1711424224339,"action":"IDE_DEACTIVATED"}
{"ts":1711424228550,"action":"IDE_ACTIVATED"}
{"ts":1711424236079,"action":"IDE_DEACTIVATED"}
{"ts":1711424238258,"action":"IDE_ACTIVATED"}
{"ts":1711424400773,"action":"FILE_CLOSED","file":"/crow-attr-text/src/main/kotlin/com/crow/attr/text/AttrTextLayout.kt","tags":{"FILE_LINE_OF_CODE":"1871"}}
{"ts":1711424400773,"action":"FILE_OPENED","file":"/crow-attr-text/src/main/res/values/attrs_text.xml","tags":{"FILE_LINE_OF_CODE":"97"}}
{"ts":1711424402135,"action":"FILE_CLOSED","file":"/crow-attr-text/src/main/res/values/attrs_text.xml","tags":{"FILE_LINE_OF_CODE":"97"}}
{"ts":1711424402135,"action":"FILE_OPENED","file":"/crow-attr-text/src/main/kotlin/com/crow/attr/text/AttrTextLayout.kt","tags":{"FILE_LINE_OF_CODE":"1871"}}
{"ts":1711424405771,"action":"FILE_CLOSED","file":"/crow-attr-text/src/main/kotlin/com/crow/attr/text/AttrTextLayout.kt","tags":{"FILE_LINE_OF_CODE":"1871"}}
{"ts":1711424405772,"action":"FILE_OPENED","file":"/app/src/main/res/layout/activity_main.xml","tags":{"FILE_LINE_OF_CODE":"214"}}
{"ts":1711424461662,"action":"FILE_CLOSED","file":"/app/src/main/res/layout/activity_main.xml","tags":{"FILE_LINE_OF_CODE":"214"}}
{"ts":1711424461662,"action":"FILE_OPENED","file":"/crow-attr-text/src/main/kotlin/com/crow/attr/text/AttrTextLayout.kt","tags":{"FILE_LINE_OF_CODE":"1871"}}
{"ts":1711424635225,"action":"IDE_DEACTIVATED"}
{"ts":1711424664957,"action":"IDE_ACTIVATED"}
{"ts":1711424818283,"action":"FILE_CLOSED","file":"/crow-attr-text/src/main/kotlin/com/crow/attr/text/AttrTextLayout.kt","tags":{"FILE_LINE_OF_CODE":"1852"}}
{"ts":1711424818283,"action":"FILE_OPENED","file":"/crow-attr-text/src/main/kotlin/com/crow/attr/text/AttrTextView.kt","tags":{"FILE_LINE_OF_CODE":"796"}}
{"ts":1711424826682,"action":"FILE_CLOSED","file":"/crow-attr-text/src/main/kotlin/com/crow/attr/text/AttrTextView.kt","tags":{"FILE_LINE_OF_CODE":"796"}}
{"ts":1711424826682,"action":"FILE_OPENED","file":"/crow-attr-text/src/main/kotlin/com/crow/attr/text/AttrTextExt.kt","tags":{"FILE_LINE_OF_CODE":"107"}}
{"ts":1711424827191,"action":"FILE_CLOSED","file":"/crow-attr-text/src/main/kotlin/com/crow/attr/text/AttrTextExt.kt","tags":{"FILE_LINE_OF_CODE":"107"}}
{"ts":1711424827191,"action":"FILE_OPENED","file":"/crow-attr-text/src/main/kotlin/com/crow/attr/text/AttrTextLayout.kt","tags":{"FILE_LINE_OF_CODE":"1852"}}
{"ts":1711424993368,"action":"FILE_CLOSED","file":"/crow-attr-text/src/main/kotlin/com/crow/attr/text/AttrTextLayout.kt","tags":{"FILE_LINE_OF_CODE":"1852"}}
{"ts":1711424993368,"action":"FILE_OPENED","file":"/crow-attr-text/src/main/kotlin/com/crow/attr/text/IAttrText.kt","tags":{"FILE_LINE_OF_CODE":"276"}}
{"ts":1711424995784,"action":"FILE_CLOSED","file":"/crow-attr-text/src/main/kotlin/com/crow/attr/text/IAttrText.kt","tags":{"FILE_LINE_OF_CODE":"276"}}
{"ts":1711424995784,"action":"FILE_OPENED","file":"/crow-attr-text/src/main/kotlin/com/crow/attr/text/AttrTextView.kt","tags":{"FILE_LINE_OF_CODE":"796"}}
{"ts":1711424996825,"action":"FILE_CLOSED","file":"/crow-attr-text/src/main/kotlin/com/crow/attr/text/AttrTextView.kt","tags":{"FILE_LINE_OF_CODE":"796"}}
{"ts":1711424996825,"action":"FILE_OPENED","file":"/crow-attr-text/src/main/kotlin/com/crow/attr/text/IAttrText.kt","tags":{"FILE_LINE_OF_CODE":"276"}}
{"ts":1711424997674,"action":"FILE_CLOSED","file":"/crow-attr-text/src/main/kotlin/com/crow/attr/text/IAttrText.kt","tags":{"FILE_LINE_OF_CODE":"276"}}
{"ts":1711424997674,"action":"FILE_OPENED","file":"/crow-attr-text/src/main/kotlin/com/crow/attr/text/AttrTextView.kt","tags":{"FILE_LINE_OF_CODE":"796"}}
{"ts":1711425007820,"action":"FILE_CLOSED","file":"/crow-attr-text/src/main/kotlin/com/crow/attr/text/AttrTextView.kt","tags":{"FILE_LINE_OF_CODE":"796"}}
{"ts":1711425007820,"action":"FILE_OPENED","file":"/crow-attr-text/src/main/kotlin/com/crow/attr/text/AttrTextLayout.kt","tags":{"FILE_LINE_OF_CODE":"1852"}}
{"ts":1711425014806,"action":"FILE_CLOSED","file":"/crow-attr-text/src/main/kotlin/com/crow/attr/text/AttrTextLayout.kt","tags":{"FILE_LINE_OF_CODE":"1852"}}
{"ts":1711425014806,"action":"FILE_OPENED","file":"/crow-attr-text/src/main/kotlin/com/crow/attr/text/AttrTextView.kt","tags":{"FILE_LINE_OF_CODE":"796"}}
{"ts":1711425029377,"action":"IDE_DEACTIVATED"}
{"ts":1711425647747,"action":"IDE_ACTIVATED"}
{"ts":1711425651538,"action":"IDE_DEACTIVATED"}
{"ts":1711431025457,"action":"IDE_ACTIVATED"}
{"ts":1711431027640,"action":"IDE_DEACTIVATED"}
{"ts":1711431493774,"action":"IDE_ACTIVATED"}
{"ts":1711431495913,"action":"IDE_DEACTIVATED"}
{"ts":1711431502278,"action":"IDE_ACTIVATED"}
{"ts":1711431504965,"action":"FILE_CLOSED","file":"/crow-attr-text/src/main/kotlin/com/crow/attr/text/AttrTextView.kt","tags":{"FILE_LINE_OF_CODE":"796"}}
{"ts":1711431504965,"action":"FILE_OPENED","file":"/crow-attr-text/src/main/kotlin/com/crow/attr/text/AttrTextLayout.kt","tags":{"FILE_LINE_OF_CODE":"1852"}}
{"ts":1711431583880,"action":"FILE_CLOSED","file":"/crow-attr-text/src/main/kotlin/com/crow/attr/text/AttrTextLayout.kt","tags":{"FILE_LINE_OF_CODE":"1854"}}
{"ts":1711431583880,"action":"FILE_OPENED","file":"/crow-attr-text/src/main/kotlin/com/crow/attr/text/AttrTextView.kt","tags":{"FILE_LINE_OF_CODE":"796"}}
{"ts":1711431587309,"action":"FILE_CLOSED","file":"/crow-attr-text/src/main/kotlin/com/crow/attr/text/AttrTextView.kt","tags":{"FILE_LINE_OF_CODE":"796"}}
{"ts":1711431587309,"action":"FILE_OPENED","file":"/crow-attr-text/src/main/kotlin/com/crow/attr/text/AttrTextLayout.kt","tags":{"FILE_LINE_OF_CODE":"1854"}}
{"ts":1711431593386,"action":"FILE_CLOSED","file":"/crow-attr-text/src/main/kotlin/com/crow/attr/text/AttrTextLayout.kt","tags":{"FILE_LINE_OF_CODE":"1854"}}
{"ts":1711431593386,"action":"FILE_OPENED","file":"/crow-attr-text/src/main/kotlin/com/crow/attr/text/AttrTextView.kt","tags":{"FILE_LINE_OF_CODE":"796"}}
{"ts":1711431628086,"action":"FILE_CLOSED","file":"/crow-attr-text/src/main/kotlin/com/crow/attr/text/AttrTextView.kt","tags":{"FILE_LINE_OF_CODE":"796"}}
{"ts":1711431628086,"action":"FILE_OPENED","file":"/crow-attr-text/src/main/kotlin/com/crow/attr/text/AttrTextLayout.kt","tags":{"FILE_LINE_OF_CODE":"1854"}}
{"ts":1711432115349,"action":"IDE_DEACTIVATED"}
{"ts":1711432172444,"action":"IDE_ACTIVATED"}
{"ts":1711432172667,"action":"FILE_CLOSED","file":"/crow-attr-text/src/main/kotlin/com/crow/attr/text/AttrTextLayout.kt","tags":{"FILE_LINE_OF_CODE":"1861"}}
{"ts":1711432172667,"action":"FILE_OPENED","file":"/app/src/main/res/layout/activity_main.xml","tags":{"FILE_LINE_OF_CODE":"214"}}
{"ts":1711432222300,"action":"FILE_CLOSED","file":"/app/src/main/res/layout/activity_main.xml","tags":{"FILE_LINE_OF_CODE":"214"}}
{"ts":1711432222300,"action":"FILE_OPENED","file":"/crow-attr-text/src/main/kotlin/com/crow/attr/text/AttrTextView.kt","tags":{"FILE_LINE_OF_CODE":"796"}}
{"ts":1711432222711,"action":"FILE_CLOSED","file":"/crow-attr-text/src/main/kotlin/com/crow/attr/text/AttrTextView.kt","tags":{"FILE_LINE_OF_CODE":"796"}}
{"ts":1711432222711,"action":"FILE_OPENED","file":"/crow-attr-text/src/main/kotlin/com/crow/attr/text/AttrTextLayout.kt","tags":{"FILE_LINE_OF_CODE":"1861"}}
{"ts":1711432440491,"action":"IDE_DEACTIVATED"}
{"ts":1711432440609,"action":"IDE_ACTIVATED"}
{"ts":1711432441037,"action":"IDE_DEACTIVATED"}
{"ts":1711432735520,"action":"IDE_ACTIVATED"}
{"ts":1711432761253,"action":"IDE_DEACTIVATED"}
{"ts":1711432908673,"action":"IDE_ACTIVATED"}
{"ts":1711432935932,"action":"IDE_DEACTIVATED"}
{"ts":1711433587384,"action":"IDE_ACTIVATED"}
{"ts":1711433588740,"action":"IDE_DEACTIVATED"}
{"ts":1711433588849,"action":"IDE_ACTIVATED"}
{"ts":1711433592077,"action":"IDE_DEACTIVATED"}
{"ts":1711433599483,"action":"IDE_ACTIVATED"}
{"ts":1711433602570,"action":"IDE_DEACTIVATED"}
{"ts":1711434210741,"action":"IDE_ACTIVATED"}
{"ts":1711434212175,"action":"IDE_DEACTIVATED"}
{"ts":1711434407732,"action":"IDE_ACTIVATED"}
{"ts":1711434412469,"action":"IDE_DEACTIVATED"}
{"ts":1711434588851,"action":"IDE_ACTIVATED"}
{"ts":1711434595203,"action":"IDE_DEACTIVATED"}
{"ts":1711435056939,"action":"IDE_ACTIVATED"}
{"ts":1711435157371,"action":"IDE_DEACTIVATED"}
{"ts":1711435204252,"action":"IDE_ACTIVATED"}
{"ts":1711435403203,"action":"IDE_DEACTIVATED"}
{"ts":1711435476189,"action":"IDE_ACTIVATED"}
{"ts":1711435502517,"action":"IDE_DEACTIVATED"}
{"ts":1711435504111,"action":"IDE_ACTIVATED"}
{"ts":1711435507668,"action":"IDE_DEACTIVATED"}
{"ts":1711435510117,"action":"IDE_ACTIVATED"}
{"ts":1711435511702,"action":"IDE_DEACTIVATED"}
{"ts":1711435512825,"action":"IDE_ACTIVATED"}
{"ts":1711435521963,"action":"IDE_DEACTIVATED"}
{"ts":1711435523001,"action":"IDE_ACTIVATED"}
{"ts":1711435528417,"action":"IDE_DEACTIVATED"}
{"ts":1711435529919,"action":"IDE_ACTIVATED"}
{"ts":1711435530459,"action":"IDE_DEACTIVATED"}
{"ts":1711435532037,"action":"IDE_ACTIVATED"}
{"ts":1711435535142,"action":"IDE_DEACTIVATED"}
{"ts":1711435535977,"action":"IDE_ACTIVATED"}
{"ts":1711435543097,"action":"IDE_DEACTIVATED"}
{"ts":1711435543721,"action":"IDE_ACTIVATED"}
{"ts":1711435548532,"action":"IDE_DEACTIVATED"}
{"ts":1711435553314,"action":"IDE_ACTIVATED"}
{"ts":1711435568317,"action":"IDE_DEACTIVATED"}
{"ts":1711435639594,"action":"IDE_ACTIVATED"}
{"ts":1711435737487,"action":"IDE_DEACTIVATED"}
{"ts":1711435738855,"action":"IDE_ACTIVATED"}
{"ts":1711436145637,"action":"IDE_DEACTIVATED"}
{"ts":1711436172861,"action":"IDE_ACTIVATED"}
{"ts":1711436656950,"action":"IDE_DEACTIVATED"}
{"ts":1711436657781,"action":"IDE_ACTIVATED"}
{"ts":1711436665197,"action":"IDE_DEACTIVATED"}
{"ts":1711436674052,"action":"IDE_ACTIVATED"}
{"ts":1711436795955,"action":"IDE_DEACTIVATED"}
{"ts":1711436797505,"action":"IDE_ACTIVATED"}
{"ts":1711436868082,"action":"IDE_DEACTIVATED"}
{"ts":1711436896037,"action":"IDE_ACTIVATED"}
{"ts":1711436897789,"action":"IDE_DEACTIVATED"}
{"ts":1711436898690,"action":"IDE_ACTIVATED"}
{"ts":1711436899953,"action":"IDE_DEACTIVATED"}
{"ts":1711436912947,"action":"IDE_ACTIVATED"}
{"ts":1711436919352,"action":"IDE_DEACTIVATED"}
{"ts":1711438122288,"action":"IDE_ACTIVATED"}
{"ts":1711438122479,"action":"IDE_DEACTIVATED"}
{"ts":1711438484280,"action":"IDE_ACTIVATED"}
{"ts":1711438487344,"action":"FILE_CLOSED","file":"/crow-attr-text/src/main/kotlin/com/crow/attr/text/AttrTextLayout.kt","tags":{"FILE_LINE_OF_CODE":"1863"}}
{"ts":1711438487344,"action":"FILE_OPENED","file":"/app/src/main/res/layout/activity_main.xml","tags":{"FILE_LINE_OF_CODE":"214"}}
{"ts":1711438550244,"action":"IDE_DEACTIVATED"}
{"ts":1711438579434,"action":"IDE_ACTIVATED"}
{"ts":1711438586169,"action":"IDE_DEACTIVATED"}
{"ts":1711438587125,"action":"IDE_ACTIVATED"}
{"ts":1711438587663,"action":"IDE_DEACTIVATED"}
{"ts":1711438588256,"action":"IDE_ACTIVATED"}
{"ts":1711438588590,"action":"IDE_DEACTIVATED"}
{"ts":1711438614534,"action":"IDE_ACTIVATED"}
{"ts":1711438620928,"action":"FILE_CLOSED","file":"/app/src/main/res/layout/activity_main.xml","tags":{"FILE_LINE_OF_CODE":"214"}}
{"ts":1711438620928,"action":"FILE_OPENED","file":"/crow-attr-text/src/main/kotlin/com/crow/attr/text/AttrTextLayout.kt","tags":{"FILE_LINE_OF_CODE":"1863"}}
{"ts":1711438669519,"action":"IDE_DEACTIVATED"}
{"ts":1711438677072,"action":"IDE_ACTIVATED"}
{"ts":1711438684136,"action":"IDE_DEACTIVATED"}
{"ts":1711438851378,"action":"IDE_ACTIVATED"}
{"ts":1711438852327,"action":"IDE_DEACTIVATED"}
{"ts":1711438852423,"action":"IDE_ACTIVATED"}
{"ts":1711438852963,"action":"IDE_DEACTIVATED"}
{"ts":1711438853049,"action":"IDE_ACTIVATED"}
{"ts":1711438855875,"action":"IDE_DEACTIVATED"}
{"ts":1711438855877,"action":"IDE_ACTIVATED"}
{"ts":1711438861527,"action":"IDE_DEACTIVATED"}
{"ts":1711438862200,"action":"IDE_ACTIVATED"}
{"ts":1711438864619,"action":"FILE_CLOSED","file":"/crow-attr-text/src/main/kotlin/com/crow/attr/text/AttrTextLayout.kt","tags":{"FILE_LINE_OF_CODE":"1863"}}
{"ts":1711438864619,"action":"FILE_OPENED","file":"/crow-attr-text/src/main/res/values/attrs_text.xml","tags":{"FILE_LINE_OF_CODE":"97"}}
{"ts":1711438865406,"action":"FILE_CLOSED","file":"/crow-attr-text/src/main/res/values/attrs_text.xml","tags":{"FILE_LINE_OF_CODE":"97"}}
{"ts":1711438865406,"action":"FILE_OPENED","file":"/app/src/main/res/layout/activity_main.xml","tags":{"FILE_LINE_OF_CODE":"214"}}
{"ts":1711438910248,"action":"FILE_CLOSED","file":"/app/src/main/res/layout/activity_main.xml","tags":{"FILE_LINE_OF_CODE":"214"}}
{"ts":1711438910248,"action":"FILE_OPENED","file":"/crow-attr-text/src/main/kotlin/com/crow/attr/text/AttrTextView.kt","tags":{"FILE_LINE_OF_CODE":"796"}}
{"ts":1711438910729,"action":"FILE_CLOSED","file":"/crow-attr-text/src/main/kotlin/com/crow/attr/text/AttrTextView.kt","tags":{"FILE_LINE_OF_CODE":"796"}}
{"ts":1711438910729,"action":"FILE_OPENED","file":"/crow-attr-text/src/main/kotlin/com/crow/attr/text/AttrTextLayout.kt","tags":{"FILE_LINE_OF_CODE":"1863"}}
{"ts":1711438929316,"action":"IDE_DEACTIVATED"}
{"ts":1711438935112,"action":"IDE_ACTIVATED"}
{"ts":1711438936706,"action":"IDE_DEACTIVATED"}
{"ts":1711439209013,"action":"IDE_ACTIVATED"}
{"ts":1711439214550,"action":"IDE_DEACTIVATED"}
{"ts":1711439224684,"action":"IDE_ACTIVATED"}
{"ts":1711439224687,"action":"IDE_DEACTIVATED"}
{"ts":1711439321842,"action":"IDE_ACTIVATED"}
{"ts":1711439324159,"action":"IDE_DEACTIVATED"}
{"ts":1711439447196,"action":"IDE_ACTIVATED"}
{"ts":1711439492924,"action":"FILE_CLOSED","file":"/crow-attr-text/src/main/kotlin/com/crow/attr/text/AttrTextLayout.kt","tags":{"FILE_LINE_OF_CODE":"1864"}}
{"ts":1711439492924,"action":"FILE_OPENED","file":"/crow-attr-text/src/main/kotlin/com/crow/attr/text/IAttrText.kt","tags":{"FILE_LINE_OF_CODE":"276"}}
{"ts":1711439494523,"action":"FILE_CLOSED","file":"/crow-attr-text/src/main/kotlin/com/crow/attr/text/IAttrText.kt","tags":{"FILE_LINE_OF_CODE":"276"}}
{"ts":1711439494523,"action":"FILE_OPENED","file":"/crow-attr-text/src/main/kotlin/com/crow/attr/text/AttrTextExt.kt","tags":{"FILE_LINE_OF_CODE":"107"}}
{"ts":1711439495772,"action":"FILE_CLOSED","file":"/crow-attr-text/src/main/kotlin/com/crow/attr/text/AttrTextExt.kt","tags":{"FILE_LINE_OF_CODE":"107"}}
{"ts":1711439495772,"action":"FILE_OPENED","file":"/crow-attr-text/src/main/kotlin/com/crow/attr/text/IAttrText.kt","tags":{"FILE_LINE_OF_CODE":"276"}}
{"ts":1711439498510,"action":"IDE_DEACTIVATED"}
{"ts":1711439529129,"action":"IDE_ACTIVATED"}
{"ts":1711439529798,"action":"IDE_DEACTIVATED"}
{"ts":1711439530613,"action":"IDE_ACTIVATED"}
{"ts":1711439532751,"action":"FILE_CLOSED","file":"/crow-attr-text/src/main/kotlin/com/crow/attr/text/IAttrText.kt","tags":{"FILE_LINE_OF_CODE":"276"}}
{"ts":1711439532751,"action":"FILE_OPENED","file":"/crow-attr-text/src/main/kotlin/com/crow/attr/text/AttrTextLayout.kt","tags":{"FILE_LINE_OF_CODE":"1864"}}
{"ts":1711439546374,"action":"IDE_DEACTIVATED"}
{"ts":1711439800518,"action":"IDE_ACTIVATED"}
{"ts":1711439802241,"action":"FILE_CLOSED","file":"/crow-attr-text/src/main/kotlin/com/crow/attr/text/AttrTextLayout.kt","tags":{"FILE_LINE_OF_CODE":"1863"}}
{"ts":1711439802241,"action":"FILE_OPENED","file":"/app/src/main/res/layout/activity_main.xml","tags":{"FILE_LINE_OF_CODE":"214"}}
{"ts":1711439863992,"action":"FILE_CLOSED","file":"/app/src/main/res/layout/activity_main.xml","tags":{"FILE_LINE_OF_CODE":"214"}}
{"ts":1711439863992,"action":"FILE_OPENED","file":"/crow-attr-text/src/main/kotlin/com/crow/attr/text/AttrTextLayout.kt","tags":{"FILE_LINE_OF_CODE":"1863"}}
{"ts":1711439879901,"action":"FILE_CLOSED","file":"/crow-attr-text/src/main/kotlin/com/crow/attr/text/AttrTextLayout.kt","tags":{"FILE_LINE_OF_CODE":"1864"}}
{"ts":1711439879901,"action":"FILE_OPENED","file":"/crow-attr-text/src/main/kotlin/com/crow/attr/text/AttrTextView.kt","tags":{"FILE_LINE_OF_CODE":"796"}}
{"ts":1711439883219,"action":"FILE_CLOSED","file":"/crow-attr-text/src/main/kotlin/com/crow/attr/text/AttrTextView.kt","tags":{"FILE_LINE_OF_CODE":"795"}}
{"ts":1711439883219,"action":"FILE_OPENED","file":"/crow-attr-text/src/main/kotlin/com/crow/attr/text/AttrTextLayout.kt","tags":{"FILE_LINE_OF_CODE":"1864"}}
{"ts":1711439923049,"action":"FILE_CLOSED","file":"/crow-attr-text/src/main/kotlin/com/crow/attr/text/AttrTextLayout.kt","tags":{"FILE_LINE_OF_CODE":"1862"}}
{"ts":1711439923049,"action":"FILE_OPENED","file":"/crow-attr-text/src/main/kotlin/com/crow/attr/text/AttrTextView.kt","tags":{"FILE_LINE_OF_CODE":"795"}}
{"ts":1711439927807,"action":"FILE_CLOSED","file":"/crow-attr-text/src/main/kotlin/com/crow/attr/text/AttrTextView.kt","tags":{"FILE_LINE_OF_CODE":"795"}}
{"ts":1711439927807,"action":"FILE_OPENED","file":"/crow-attr-text/src/main/kotlin/com/crow/attr/text/AttrTextLayout.kt","tags":{"FILE_LINE_OF_CODE":"1862"}}
{"ts":1711440074348,"action":"FILE_CLOSED","file":"/crow-attr-text/src/main/kotlin/com/crow/attr/text/AttrTextLayout.kt","tags":{"FILE_LINE_OF_CODE":"1862"}}
{"ts":1711440074348,"action":"FILE_OPENED","file":"/crow-attr-text/src/main/kotlin/com/crow/attr/text/AttrTextView.kt","tags":{"FILE_LINE_OF_CODE":"795"}}
{"ts":1711440146860,"action":"FILE_CLOSED","file":"/crow-attr-text/src/main/kotlin/com/crow/attr/text/AttrTextView.kt","tags":{"FILE_LINE_OF_CODE":"791"}}
{"ts":1711440146860,"action":"FILE_OPENED","file":"/crow-attr-text/src/main/kotlin/com/crow/attr/text/AttrTextLayout.kt","tags":{"FILE_LINE_OF_CODE":"1862"}}
{"ts":1711440227494,"action":"FILE_CLOSED","file":"/crow-attr-text/src/main/kotlin/com/crow/attr/text/AttrTextLayout.kt","tags":{"FILE_LINE_OF_CODE":"1864"}}
{"ts":1711440227494,"action":"FILE_OPENED","file":"/crow-attr-text/src/main/kotlin/com/crow/attr/text/AttrTextView.kt","tags":{"FILE_LINE_OF_CODE":"791"}}
{"ts":1711440231331,"action":"FILE_CLOSED","file":"/crow-attr-text/src/main/kotlin/com/crow/attr/text/AttrTextView.kt","tags":{"FILE_LINE_OF_CODE":"791"}}
{"ts":1711440231331,"action":"FILE_OPENED","file":"/crow-attr-text/src/main/kotlin/com/crow/attr/text/AttrTextLayout.kt","tags":{"FILE_LINE_OF_CODE":"1864"}}
{"ts":1711440289921,"action":"FILE_CLOSED","file":"/crow-attr-text/src/main/kotlin/com/crow/attr/text/AttrTextLayout.kt","tags":{"FILE_LINE_OF_CODE":"1865"}}
{"ts":1711440289921,"action":"FILE_OPENED","file":"/crow-attr-text/src/main/kotlin/com/crow/attr/text/AttrTextView.kt","tags":{"FILE_LINE_OF_CODE":"791"}}
{"ts":1711440290794,"action":"FILE_CLOSED","file":"/crow-attr-text/src/main/kotlin/com/crow/attr/text/AttrTextView.kt","tags":{"FILE_LINE_OF_CODE":"791"}}
{"ts":1711440290794,"action":"FILE_OPENED","file":"/crow-attr-text/src/main/kotlin/com/crow/attr/text/AttrTextLayout.kt","tags":{"FILE_LINE_OF_CODE":"1865"}}
{"ts":1711440291823,"action":"FILE_CLOSED","file":"/crow-attr-text/src/main/kotlin/com/crow/attr/text/AttrTextLayout.kt","tags":{"FILE_LINE_OF_CODE":"1865"}}
{"ts":1711440291823,"action":"FILE_OPENED","file":"/app/src/main/res/layout/activity_main.xml","tags":{"FILE_LINE_OF_CODE":"214"}}
{"ts":1711440292744,"action":"FILE_CLOSED","file":"/app/src/main/res/layout/activity_main.xml","tags":{"FILE_LINE_OF_CODE":"214"}}
{"ts":1711440292744,"action":"FILE_OPENED","file":"/crow-attr-text/src/main/kotlin/com/crow/attr/text/AttrTextView.kt","tags":{"FILE_LINE_OF_CODE":"791"}}
{"ts":1711440293633,"action":"FILE_CLOSED","file":"/crow-attr-text/src/main/kotlin/com/crow/attr/text/AttrTextView.kt","tags":{"FILE_LINE_OF_CODE":"791"}}
{"ts":1711440293633,"action":"FILE_OPENED","file":"/crow-attr-text/src/main/kotlin/com/crow/attr/text/IAttrText.kt","tags":{"FILE_LINE_OF_CODE":"276"}}
{"ts":1711440294996,"action":"FILE_CLOSED","file":"/crow-attr-text/src/main/kotlin/com/crow/attr/text/IAttrText.kt","tags":{"FILE_LINE_OF_CODE":"276"}}
{"ts":1711440294996,"action":"FILE_OPENED","file":"/crow-attr-text/src/main/kotlin/com/crow/attr/text/AttrTextView.kt","tags":{"FILE_LINE_OF_CODE":"791"}}
{"ts":1711440295601,"action":"FILE_CLOSED","file":"/crow-attr-text/src/main/kotlin/com/crow/attr/text/AttrTextView.kt","tags":{"FILE_LINE_OF_CODE":"791"}}
{"ts":1711440295601,"action":"FILE_OPENED","file":"/crow-attr-text/src/main/kotlin/com/crow/attr/text/AttrTextLayout.kt","tags":{"FILE_LINE_OF_CODE":"1865"}}
{"ts":1711440297168,"action":"FILE_CLOSED","file":"/crow-attr-text/src/main/kotlin/com/crow/attr/text/AttrTextLayout.kt","tags":{"FILE_LINE_OF_CODE":"1865"}}
{"ts":1711440297168,"action":"FILE_OPENED","file":"/crow-attr-text/src/main/kotlin/com/crow/attr/text/AttrTextView.kt","tags":{"FILE_LINE_OF_CODE":"791"}}
{"ts":1711440364419,"action":"FILE_CLOSED","file":"/crow-attr-text/src/main/kotlin/com/crow/attr/text/AttrTextView.kt","tags":{"FILE_LINE_OF_CODE":"790"}}
{"ts":1711440364419,"action":"FILE_OPENED","file":"/crow-attr-text/src/main/kotlin/com/crow/attr/text/AttrTextLayout.kt","tags":{"FILE_LINE_OF_CODE":"1865"}}
{"ts":1711440429418,"action":"IDE_DEACTIVATED"}
{"ts":1711440533069,"action":"IDE_ACTIVATED"}
{"ts":1711440547231,"action":"FILE_CLOSED","file":"/crow-attr-text/src/main/kotlin/com/crow/attr/text/AttrTextLayout.kt","tags":{"FILE_LINE_OF_CODE":"1867"}}
{"ts":1711440547231,"action":"FILE_OPENED","file":"/app/src/main/res/layout/activity_main.xml","tags":{"FILE_LINE_OF_CODE":"214"}}
{"ts":1711440550011,"action":"FILE_CLOSED","file":"/app/src/main/res/layout/activity_main.xml","tags":{"FILE_LINE_OF_CODE":"214"}}
{"ts":1711440550011,"action":"FILE_OPENED","file":"/crow-attr-text/src/main/kotlin/com/crow/attr/text/AttrTextLayout.kt","tags":{"FILE_LINE_OF_CODE":"1867"}}
{"ts":1711440554383,"action":"IDE_DEACTIVATED"}
{"ts":1711440556866,"action":"IDE_ACTIVATED"}
{"ts":1711440558273,"action":"IDE_DEACTIVATED"}
{"ts":1711440610218,"action":"IDE_ACTIVATED"}
{"ts":1711440611440,"action":"FILE_CLOSED","file":"/crow-attr-text/src/main/kotlin/com/crow/attr/text/AttrTextLayout.kt","tags":{"FILE_LINE_OF_CODE":"1867"}}
{"ts":1711440611440,"action":"FILE_OPENED","file":"/crow-attr-text/src/main/kotlin/com/crow/attr/text/AttrTextView.kt","tags":{"FILE_LINE_OF_CODE":"790"}}
{"ts":1711440612969,"action":"IDE_DEACTIVATED"}
{"ts":1711440613571,"action":"IDE_ACTIVATED"}
{"ts":1711440617648,"action":"IDE_DEACTIVATED"}
{"ts":1711440985414,"action":"IDE_ACTIVATED"}
{"ts":1711440986853,"action":"FILE_CLOSED","file":"/crow-attr-text/src/main/kotlin/com/crow/attr/text/AttrTextView.kt","tags":{"FILE_LINE_OF_CODE":"790"}}
{"ts":1711440986853,"action":"FILE_OPENED","file":"/app/src/main/res/layout/activity_main.xml","tags":{"FILE_LINE_OF_CODE":"214"}}
{"ts":1711440996217,"action":"FILE_CLOSED","file":"/app/src/main/res/layout/activity_main.xml","tags":{"FILE_LINE_OF_CODE":"214"}}
{"ts":1711440996217,"action":"FILE_OPENED","file":"/crow-attr-text/src/main/kotlin/com/crow/attr/text/AttrTextView.kt","tags":{"FILE_LINE_OF_CODE":"790"}}
{"ts":1711441004559,"action":"IDE_DEACTIVATED"}
{"ts":1711441032224,"action":"IDE_ACTIVATED"}
{"ts":1711441035248,"action":"FILE_CLOSED","file":"/crow-attr-text/src/main/kotlin/com/crow/attr/text/AttrTextView.kt","tags":{"FILE_LINE_OF_CODE":"790"}}
{"ts":1711441035248,"action":"FILE_OPENED","file":"/crow-attr-text/src/main/kotlin/com/crow/attr/text/AttrTextLayout.kt","tags":{"FILE_LINE_OF_CODE":"1867"}}
{"ts":1711441075100,"action":"FILE_CLOSED","file":"/crow-attr-text/src/main/kotlin/com/crow/attr/text/AttrTextLayout.kt","tags":{"FILE_LINE_OF_CODE":"1870"}}
{"ts":1711441075100,"action":"FILE_OPENED","file":"/app/src/main/res/layout/activity_main.xml","tags":{"FILE_LINE_OF_CODE":"214"}}
{"ts":1711441075370,"action":"FILE_CLOSED","file":"/app/src/main/res/layout/activity_main.xml","tags":{"FILE_LINE_OF_CODE":"214"}}
{"ts":1711441075370,"action":"FILE_OPENED","file":"/crow-attr-text/src/main/kotlin/com/crow/attr/text/AttrTextView.kt","tags":{"FILE_LINE_OF_CODE":"790"}}
{"ts":1711441150364,"action":"FILE_CLOSED","file":"/crow-attr-text/src/main/kotlin/com/crow/attr/text/AttrTextView.kt","tags":{"FILE_LINE_OF_CODE":"786"}}
{"ts":1711441150364,"action":"FILE_OPENED","file":"/crow-attr-text/src/main/kotlin/com/crow/attr/text/AttrTextLayout.kt","tags":{"FILE_LINE_OF_CODE":"1870"}}
{"ts":1711441154997,"action":"IDE_DEACTIVATED"}
{"ts":1711442762866,"action":"IDE_ACTIVATED"}
{"ts":1711442764753,"action":"IDE_DEACTIVATED"}
{"ts":1711448874023,"action":"IDE_ACTIVATED"}
{"ts":1711448874452,"action":"IDE_DEACTIVATED"}
{"ts":1711448891781,"action":"IDE_ACTIVATED"}
{"ts":1711448892144,"action":"IDE_DEACTIVATED"}
{"ts":1711449250046,"action":"IDE_ACTIVATED"}
{"ts":1711449256998,"action":"IDE_DEACTIVATED"}
{"ts":1711449264496,"action":"IDE_ACTIVATED"}
{"ts":1711449266007,"action":"IDE_DEACTIVATED"}
{"ts":1711449272870,"action":"IDE_ACTIVATED"}
{"ts":1711449273255,"action":"IDE_DEACTIVATED"}
{"ts":1711449283441,"action":"IDE_ACTIVATED"}
{"ts":1711449285127,"action":"IDE_DEACTIVATED"}
{"ts":1711449298332,"action":"IDE_ACTIVATED"}
{"ts":1711449299310,"action":"IDE_DEACTIVATED"}
{"ts":1711450182022,"action":"IDE_ACTIVATED"}
{"ts":1711450185497,"action":"IDE_DEACTIVATED"}
{"ts":1711450189415,"action":"IDE_ACTIVATED"}
{"ts":1711450193608,"action":"IDE_DEACTIVATED"}
{"ts":1711450197805,"action":"IDE_ACTIVATED"}
{"ts":1711450199450,"action":"IDE_DEACTIVATED"}
{"ts":1711450206020,"action":"IDE_ACTIVATED"}
{"ts":1711450207633,"action":"IDE_DEACTIVATED"}
{"ts":1711506105645,"action":"IDE_ACTIVATED"}
{"ts":1711506115408,"action":"PROJECT_CLOSED","tags":{"PROJECT_NAME":"AttrTextLayout"}}
{"ts":1711506420623,"action":"FILE_OPENED","file":"/crow-attr-text/src/main/kotlin/com/crow/attr/text/AttrTextLayout.kt","tags":{"FILE_LINE_OF_CODE":"1870"}}
{"ts":1711506420568,"action":"PROJECT_OPENED","tags":{"PROJECT_NAME":"AttrTextLayout"}}
{"ts":1711506434617,"action":"IDE_DEACTIVATED"}
{"ts":1711506434636,"action":"IDE_ACTIVATED"}
{"ts":1711506438552,"action":"IDE_DEACTIVATED"}
{"ts":1711506438608,"action":"IDE_ACTIVATED"}
{"ts":1711506444753,"action":"IDE_DEACTIVATED"}
{"ts":1711506444833,"action":"IDE_ACTIVATED"}
{"ts":1711506446754,"action":"IDE_DEACTIVATED"}
{"ts":1711506446817,"action":"IDE_ACTIVATED"}
{"ts":1711506447615,"action":"IDE_DEACTIVATED"}
{"ts":1711506447733,"action":"IDE_ACTIVATED"}
{"ts":1711506450725,"action":"FILE_CLOSED","file":"/crow-attr-text/src/main/kotlin/com/crow/attr/text/AttrTextLayout.kt","tags":{"FILE_LINE_OF_CODE":"1870"}}
{"ts":1711506450725,"action":"FILE_OPENED","file":"/settings.gradle.kts","tags":{"FILE_LINE_OF_CODE":"43"}}
{"ts":1711506458330,"action":"IDE_DEACTIVATED"}
{"ts":1711506458386,"action":"IDE_ACTIVATED"}
{"ts":1711506461544,"action":"IDE_DEACTIVATED"}
{"ts":1711506461612,"action":"IDE_ACTIVATED"}
{"ts":1711506462263,"action":"IDE_DEACTIVATED"}
{"ts":1711506462335,"action":"IDE_ACTIVATED"}
{"ts":1711506465899,"action":"IDE_DEACTIVATED"}
{"ts":1711506465952,"action":"IDE_ACTIVATED"}
{"ts":1711506467936,"action":"IDE_DEACTIVATED"}
{"ts":1711506468022,"action":"IDE_ACTIVATED"}
{"ts":1711506469578,"action":"IDE_DEACTIVATED"}
{"ts":1711506469676,"action":"IDE_ACTIVATED"}
{"ts":1711506470909,"action":"IDE_DEACTIVATED"}
{"ts":1711506471060,"action":"IDE_ACTIVATED"}
{"ts":1711506477743,"action":"IDE_DEACTIVATED"}
{"ts":1711506477827,"action":"IDE_ACTIVATED"}
{"ts":1711506482175,"action":"IDE_DEACTIVATED"}
{"ts":1711506482914,"action":"IDE_ACTIVATED"}
{"ts":1711506484057,"action":"IDE_DEACTIVATED"}
{"ts":1711506484163,"action":"IDE_ACTIVATED"}
{"ts":1711506484744,"action":"IDE_DEACTIVATED"}
{"ts":1711506488969,"action":"IDE_ACTIVATED"}
{"ts":1711506507857,"action":"IDE_DEACTIVATED"}
{"ts":1711507117478,"action":"IDE_ACTIVATED"}
{"ts":1711507123857,"action":"PROJECT_CLOSED","tags":{"PROJECT_NAME":"AttrTextLayout"}}
{"ts":1711525101702,"action":"FILE_OPENED","file":"/settings.gradle.kts","tags":{"FILE_LINE_OF_CODE":"43"}}
{"ts":1711525101672,"action":"PROJECT_OPENED","tags":{"PROJECT_NAME":"AttrTextLayout"}}
{"ts":1711525104727,"action":"FILE_CLOSED","file":"/settings.gradle.kts","tags":{"FILE_LINE_OF_CODE":"43"}}
{"ts":1711525104727,"action":"FILE_OPENED","file":"/crow-attr-text/src/main/kotlin/com/crow/attr/text/AttrTextLayout.kt","tags":{"FILE_LINE_OF_CODE":"1870"}}
{"ts":1711525116590,"action":"FILE_CLOSED","file":"/crow-attr-text/src/main/kotlin/com/crow/attr/text/AttrTextLayout.kt","tags":{"FILE_LINE_OF_CODE":"1870"}}
{"ts":1711525116590,"action":"FILE_OPENED","file":"/crow-attr-text/src/main/kotlin/com/crow/attr/text/AttrTextView.kt","tags":{"FILE_LINE_OF_CODE":"786"}}
{"ts":1711525135643,"action":"IDE_DEACTIVATED"}
{"ts":1711525135735,"action":"IDE_ACTIVATED"}
{"ts":1711525141496,"action":"IDE_DEACTIVATED"}
{"ts":1711525592109,"action":"IDE_ACTIVATED"}
{"ts":1711525623906,"action":"IDE_DEACTIVATED"}
{"ts":1711527956792,"action":"IDE_ACTIVATED"}
{"ts":1711527958593,"action":"IDE_DEACTIVATED"}
{"ts":1711527958723,"action":"IDE_ACTIVATED"}
{"ts":1711527963193,"action":"IDE_DEACTIVATED"}
{"ts":1711528409303,"action":"IDE_ACTIVATED"}
{"ts":1711528410074,"action":"IDE_DEACTIVATED"}
{"ts":1711528410877,"action":"IDE_ACTIVATED"}
{"ts":1711528412222,"action":"IDE_DEACTIVATED"}
{"ts":1711528452874,"action":"IDE_ACTIVATED"}
{"ts":1711528456854,"action":"IDE_DEACTIVATED"}
{"ts":1711528464542,"action":"IDE_ACTIVATED"}
{"ts":1711528465190,"action":"IDE_DEACTIVATED"}
{"ts":1711529326663,"action":"IDE_ACTIVATED"}
{"ts":1711529334395,"action":"IDE_DEACTIVATED"}
{"ts":1711529334398,"action":"IDE_ACTIVATED"}
{"ts":1711529334576,"action":"IDE_DEACTIVATED"}
{"ts":1711529334770,"action":"IDE_ACTIVATED"}
{"ts":1711529335293,"action":"PROJECT_CLOSED","tags":{"PROJECT_NAME":"AttrTextLayout"}}
{"ts":1712037990511,"action":"FILE_OPENED","file":"/crow-attr-text/src/main/kotlin/com/crow/attr/text/AttrTextView.kt","tags":{"FILE_LINE_OF_CODE":"786"}}
{"ts":1712037990728,"action":"PROJECT_OPENED","tags":{"PROJECT_NAME":"AttrTextLayout"}}
{"ts":1712037991904,"action":"IDE_ACTIVATED"}
{"ts":1712037992614,"action":"IDE_DEACTIVATED"}
{"ts":1712037992735,"action":"IDE_ACTIVATED"}
{"ts":1712037996038,"action":"IDE_DEACTIVATED"}
{"ts":1712037996171,"action":"IDE_ACTIVATED"}
{"ts":1712038000789,"action":"IDE_DEACTIVATED"}
{"ts":1712038001580,"action":"IDE_ACTIVATED"}
{"ts":1712038002711,"action":"IDE_DEACTIVATED"}
{"ts":1712038025988,"action":"IDE_ACTIVATED"}
{"ts":1712038026862,"action":"IDE_DEACTIVATED"}
{"ts":1712038167720,"action":"IDE_ACTIVATED"}
{"ts":1712038177404,"action":"FILE_CLOSED","file":"/crow-attr-text/src/main/kotlin/com/crow/attr/text/AttrTextView.kt","tags":{"FILE_LINE_OF_CODE":"786"}}
{"ts":1712038177404,"action":"FILE_OPENED","file":"/crow-attr-text/src/main/kotlin/com/crow/attr/text/AttrTextLayout.kt","tags":{"FILE_LINE_OF_CODE":"1870"}}
{"ts":1712038344660,"action":"IDE_DEACTIVATED"}
{"ts":1712038412471,"action":"IDE_ACTIVATED"}
{"ts":1712038413299,"action":"IDE_DEACTIVATED"}
{"ts":1712038426549,"action":"IDE_ACTIVATED"}
{"ts":1712038641253,"action":"IDE_DEACTIVATED"}
{"ts":1712038684134,"action":"IDE_ACTIVATED"}
{"ts":1712038686050,"action":"IDE_DEACTIVATED"}
{"ts":1712038712655,"action":"IDE_ACTIVATED"}
{"ts":1712038970934,"action":"IDE_DEACTIVATED"}
{"ts":1712039224988,"action":"IDE_ACTIVATED"}
{"ts":1712039229103,"action":"IDE_DEACTIVATED"}
{"ts":1712039231703,"action":"IDE_ACTIVATED"}
{"ts":1712039232145,"action":"IDE_DEACTIVATED"}
{"ts":1712039692896,"action":"IDE_ACTIVATED"}
{"ts":1712039721130,"action":"FILE_CLOSED","file":"/crow-attr-text/src/main/kotlin/com/crow/attr/text/AttrTextLayout.kt","tags":{"FILE_LINE_OF_CODE":"1870"}}
{"ts":1712039721130,"action":"FILE_OPENED","file":"/app/src/main/kotlin/com/crow/attrtextlayout/MainActivity.kt","tags":{"FILE_LINE_OF_CODE":"125"}}
{"ts":1712039825002,"action":"FILE_CLOSED","file":"/app/src/main/kotlin/com/crow/attrtextlayout/MainActivity.kt","tags":{"FILE_LINE_OF_CODE":"125"}}
{"ts":1712039825002,"action":"FILE_OPENED","file":"/app/src/main/res/layout/activity_main.xml","tags":{"FILE_LINE_OF_CODE":"214"}}
{"ts":1712039833207,"action":"FILE_CLOSED","file":"/app/src/main/res/layout/activity_main.xml","tags":{"FILE_LINE_OF_CODE":"214"}}
{"ts":1712039833207,"action":"FILE_OPENED","file":"/app/src/main/kotlin/com/crow/attrtextlayout/MainActivity.kt","tags":{"FILE_LINE_OF_CODE":"125"}}
{"ts":1712039906175,"action":"FILE_CLOSED","file":"/app/src/main/kotlin/com/crow/attrtextlayout/MainActivity.kt","tags":{"FILE_LINE_OF_CODE":"125"}}
{"ts":1712039906176,"action":"FILE_OPENED","file":"/app/src/main/res/layout/activity_main.xml","tags":{"FILE_LINE_OF_CODE":"214"}}
{"ts":1712039925739,"action":"FILE_CLOSED","file":"/app/src/main/res/layout/activity_main.xml","tags":{"FILE_LINE_OF_CODE":"214"}}
{"ts":1712039925739,"action":"FILE_OPENED","file":"/app/src/main/kotlin/com/crow/attrtextlayout/MainActivity.kt","tags":{"FILE_LINE_OF_CODE":"125"}}
{"ts":1712039973393,"action":"FILE_CLOSED","file":"/app/src/main/kotlin/com/crow/attrtextlayout/MainActivity.kt","tags":{"FILE_LINE_OF_CODE":"127"}}
{"ts":1712039973393,"action":"FILE_OPENED","file":"/app/src/main/res/layout/activity_main.xml","tags":{"FILE_LINE_OF_CODE":"214"}}
{"ts":1712039980899,"action":"FILE_CLOSED","file":"/app/src/main/res/layout/activity_main.xml","tags":{"FILE_LINE_OF_CODE":"215"}}
{"ts":1712039980899,"action":"FILE_OPENED","file":"/app/src/main/kotlin/com/crow/attrtextlayout/MainActivity.kt","tags":{"FILE_LINE_OF_CODE":"127"}}
{"ts":1712040072848,"action":"FILE_CLOSED","file":"/app/src/main/kotlin/com/crow/attrtextlayout/MainActivity.kt","tags":{"FILE_LINE_OF_CODE":"127"}}
{"ts":1712040072848,"action":"FILE_OPENED","file":"/app/src/main/res/layout/activity_main.xml","tags":{"FILE_LINE_OF_CODE":"215"}}
{"ts":1712040092642,"action":"FILE_CLOSED","file":"/app/src/main/res/layout/activity_main.xml","tags":{"FILE_LINE_OF_CODE":"215"}}
{"ts":1712040092642,"action":"FILE_OPENED","file":"/app/src/main/kotlin/com/crow/attrtextlayout/MainActivity.kt","tags":{"FILE_LINE_OF_CODE":"127"}}
{"ts":1712040161214,"action":"FILE_CLOSED","file":"/app/src/main/kotlin/com/crow/attrtextlayout/MainActivity.kt","tags":{"FILE_LINE_OF_CODE":"127"}}
{"ts":1712040161214,"action":"FILE_OPENED","file":"/app/src/main/res/layout/activity_main.xml","tags":{"FILE_LINE_OF_CODE":"215"}}
{"ts":1712040175347,"action":"FILE_CLOSED","file":"/app/src/main/res/layout/activity_main.xml","tags":{"FILE_LINE_OF_CODE":"215"}}
{"ts":1712040175347,"action":"FILE_OPENED","file":"/app/src/main/kotlin/com/crow/attrtextlayout/MainActivity.kt","tags":{"FILE_LINE_OF_CODE":"127"}}
{"ts":1712040207222,"action":"FILE_CLOSED","file":"/app/src/main/kotlin/com/crow/attrtextlayout/MainActivity.kt","tags":{"FILE_LINE_OF_CODE":"127"}}
{"ts":1712040207222,"action":"FILE_OPENED","file":"/app/src/main/res/layout/activity_main.xml","tags":{"FILE_LINE_OF_CODE":"215"}}
{"ts":1712040268673,"action":"IDE_DEACTIVATED"}
{"ts":1712040277130,"action":"IDE_ACTIVATED"}
{"ts":1712040283046,"action":"IDE_DEACTIVATED"}
{"ts":1712040623918,"action":"IDE_ACTIVATED"}
{"ts":1712040624972,"action":"IDE_DEACTIVATED"}
{"ts":1712040625604,"action":"IDE_ACTIVATED"}
{"ts":1712040638394,"action":"IDE_DEACTIVATED"}
{"ts":1712040639319,"action":"IDE_ACTIVATED"}
{"ts":1712040641277,"action":"IDE_DEACTIVATED"}
{"ts":1712040642067,"action":"IDE_ACTIVATED"}
{"ts":1712040644253,"action":"IDE_DEACTIVATED"}
{"ts":1712040647154,"action":"IDE_ACTIVATED"}
{"ts":1712040649128,"action":"IDE_DEACTIVATED"}
{"ts":1712040651026,"action":"IDE_ACTIVATED"}
{"ts":1712040679013,"action":"IDE_DEACTIVATED"}
{"ts":1712043971513,"action":"FILE_OPENED","file":"/crow-attr-text/src/main/kotlin/com/crow/attr/text/AttrTextView.kt","tags":{"FILE_LINE_OF_CODE":"786"}}
{"ts":1712043971623,"action":"PROJECT_OPENED","tags":{"PROJECT_NAME":"AttrTextLayout"}}
{"ts":1712044058995,"action":"FILE_CLOSED","file":"/crow-attr-text/src/main/kotlin/com/crow/attr/text/AttrTextView.kt","tags":{"FILE_LINE_OF_CODE":"786"}}
{"ts":1712044058995,"action":"FILE_OPENED","file":"/crow-attr-text/src/main/kotlin/com/crow/attr/text/AttrTextLayout.kt","tags":{"FILE_LINE_OF_CODE":"1870"}}
{"ts":1712044064756,"action":"FILE_CLOSED","file":"/crow-attr-text/src/main/kotlin/com/crow/attr/text/AttrTextLayout.kt","tags":{"FILE_LINE_OF_CODE":"1870"}}
{"ts":1712044064756,"action":"FILE_OPENED","file":"/app/src/main/kotlin/com/crow/attrtextlayout/MainActivity.kt","tags":{"FILE_LINE_OF_CODE":"127"}}
{"ts":1712044174250,"action":"FILE_CLOSED","file":"/app/src/main/kotlin/com/crow/attrtextlayout/MainActivity.kt","tags":{"FILE_LINE_OF_CODE":"127"}}
{"ts":1712044174250,"action":"FILE_OPENED","file":"/crow-attr-text/src/main/kotlin/com/crow/attr/text/AttrTextLayout.kt","tags":{"FILE_LINE_OF_CODE":"1870"}}
{"ts":1712044568107,"action":"IDE_DEACTIVATED"}
{"ts":1712046494270,"action":"IDE_ACTIVATED"}
{"ts":1712046494854,"action":"IDE_DEACTIVATED"}
{"ts":1712046597875,"action":"IDE_ACTIVATED"}
{"ts":1712046598728,"action":"IDE_DEACTIVATED"}
{"ts":1712048852049,"action":"IDE_ACTIVATED"}
{"ts":1712049202286,"action":"IDE_DEACTIVATED"}
{"ts":1712049211487,"action":"IDE_ACTIVATED"}
{"ts":1712049218402,"action":"IDE_DEACTIVATED"}
{"ts":1712049221445,"action":"IDE_ACTIVATED"}
{"ts":1712049282711,"action":"IDE_DEACTIVATED"}
{"ts":1712049332828,"action":"IDE_ACTIVATED"}
{"ts":1712049333701,"action":"IDE_DEACTIVATED"}
{"ts":1712049338993,"action":"IDE_ACTIVATED"}
{"ts":1712049339463,"action":"IDE_DEACTIVATED"}
{"ts":1712049566225,"action":"IDE_ACTIVATED"}
{"ts":1712049591941,"action":"IDE_DEACTIVATED"}
{"ts":1712049597499,"action":"IDE_ACTIVATED"}
{"ts":1712049601999,"action":"IDE_DEACTIVATED"}
{"ts":1712049603479,"action":"IDE_ACTIVATED"}
{"ts":1712049613837,"action":"IDE_DEACTIVATED"}
{"ts":1712049623974,"action":"IDE_ACTIVATED"}
{"ts":1712049624541,"action":"IDE_DEACTIVATED"}
{"ts":1712049631514,"action":"IDE_ACTIVATED"}
{"ts":1712049651357,"action":"IDE_DEACTIVATED"}
{"ts":1712049653310,"action":"IDE_ACTIVATED"}
{"ts":1712049654439,"action":"IDE_DEACTIVATED"}
{"ts":1712049695515,"action":"IDE_ACTIVATED"}
{"ts":1712049699858,"action":"IDE_DEACTIVATED"}
{"ts":1712049701794,"action":"IDE_ACTIVATED"}
{"ts":1712049704239,"action":"IDE_DEACTIVATED"}
{"ts":1712050029699,"action":"IDE_ACTIVATED"}
{"ts":1712050033007,"action":"IDE_DEACTIVATED"}
{"ts":1712050048176,"action":"IDE_ACTIVATED"}
{"ts":1712050048857,"action":"IDE_DEACTIVATED"}
{"ts":1712050049825,"action":"IDE_ACTIVATED"}
{"ts":1712050053491,"action":"IDE_DEACTIVATED"}
{"ts":1712050055885,"action":"IDE_ACTIVATED"}
{"ts":1712050056308,"action":"IDE_DEACTIVATED"}
{"ts":1712050059357,"action":"IDE_ACTIVATED"}
{"ts":1712050073372,"action":"IDE_DEACTIVATED"}
{"ts":1712050074095,"action":"IDE_ACTIVATED"}
{"ts":1712050076237,"action":"IDE_DEACTIVATED"}
{"ts":1712050084811,"action":"IDE_ACTIVATED"}
{"ts":1712050156679,"action":"IDE_DEACTIVATED"}
{"ts":1712050164708,"action":"IDE_ACTIVATED"}
{"ts":1712050184016,"action":"IDE_DEACTIVATED"}
{"ts":1712050185601,"action":"IDE_ACTIVATED"}
{"ts":1712050227810,"action":"IDE_DEACTIVATED"}
{"ts":1712050282881,"action":"IDE_ACTIVATED"}
{"ts":1712050288433,"action":"IDE_DEACTIVATED"}
{"ts":1712050351135,"action":"IDE_ACTIVATED"}
{"ts":1712050353537,"action":"IDE_DEACTIVATED"}
{"ts":1712050381293,"action":"IDE_ACTIVATED"}
{"ts":1712050386994,"action":"IDE_DEACTIVATED"}
{"ts":1712050389021,"action":"IDE_ACTIVATED"}
{"ts":1712050392566,"action":"IDE_DEACTIVATED"}
{"ts":1712050393533,"action":"IDE_ACTIVATED"}
{"ts":1712050393729,"action":"IDE_DEACTIVATED"}
{"ts":1712050394495,"action":"IDE_ACTIVATED"}
{"ts":1712050394985,"action":"IDE_DEACTIVATED"}
{"ts":1712050395723,"action":"IDE_ACTIVATED"}
{"ts":1712050427698,"action":"IDE_DEACTIVATED"}
{"ts":1712050427789,"action":"IDE_ACTIVATED"}
{"ts":1712050428290,"action":"IDE_DEACTIVATED"}
{"ts":1712050428371,"action":"IDE_ACTIVATED"}
{"ts":1712050428549,"action":"IDE_DEACTIVATED"}
{"ts":1712050483662,"action":"IDE_ACTIVATED"}
{"ts":1712050484388,"action":"IDE_DEACTIVATED"}
{"ts":1712052421912,"action":"IDE_ACTIVATED"}
{"ts":1712052422957,"action":"IDE_DEACTIVATED"}
{"ts":1712053584045,"action":"IDE_ACTIVATED"}
{"ts":1712053584545,"action":"IDE_DEACTIVATED"}
{"ts":1712053584673,"action":"IDE_ACTIVATED"}
{"ts":1712053585645,"action":"IDE_DEACTIVATED"}
{"ts":1712053620985,"action":"IDE_ACTIVATED"}
{"ts":1712053621219,"action":"IDE_DEACTIVATED"}
{"ts":1712053642854,"action":"IDE_ACTIVATED"}
{"ts":1712053643497,"action":"IDE_DEACTIVATED"}
{"ts":1712107519244,"action":"IDE_ACTIVATED"}
{"ts":1712107520413,"action":"PROJECT_CLOSED","tags":{"PROJECT_NAME":"AttrTextLayout"}}
{"ts":1712132611481,"action":"FILE_OPENED","file":"/crow-attr-text/src/main/kotlin/com/crow/attr/text/AttrTextLayout.kt","tags":{"FILE_LINE_OF_CODE":"1870"}}
{"ts":1712132611513,"action":"PROJECT_OPENED","tags":{"PROJECT_NAME":"AttrTextLayout"}}
{"ts":1712132628915,"action":"FILE_CLOSED","file":"/crow-attr-text/src/main/kotlin/com/crow/attr/text/AttrTextLayout.kt","tags":{"FILE_LINE_OF_CODE":"1870"}}
{"ts":1712132628915,"action":"FILE_OPENED","file":"/app/src/main/kotlin/com/crow/attrtextlayout/MainActivity.kt","tags":{"FILE_LINE_OF_CODE":"127"}}
{"ts":1712132795312,"action":"IDE_DEACTIVATED"}
{"ts":1712132843451,"action":"IDE_ACTIVATED"}
{"ts":1712132853270,"action":"FILE_CLOSED","file":"/app/src/main/kotlin/com/crow/attrtextlayout/MainActivity.kt","tags":{"FILE_LINE_OF_CODE":"133"}}
{"ts":1712132853270,"action":"FILE_OPENED","file":"/app/src/main/res/layout/activity_main.xml","tags":{"FILE_LINE_OF_CODE":"215"}}
{"ts":1712132863641,"action":"FILE_CLOSED","file":"/app/src/main/res/layout/activity_main.xml","tags":{"FILE_LINE_OF_CODE":"215"}}
{"ts":1712132863641,"action":"FILE_OPENED","file":"/crow-attr-text/src/main/res/values/attrs_text.xml","tags":{"FILE_LINE_OF_CODE":"97"}}
{"ts":1712132870448,"action":"FILE_CLOSED","file":"/crow-attr-text/src/main/res/values/attrs_text.xml","tags":{"FILE_LINE_OF_CODE":"97"}}
{"ts":1712132870448,"action":"FILE_OPENED","file":"/crow-attr-text/src/main/kotlin/com/crow/attr/text/AttrTextView.kt","tags":{"FILE_LINE_OF_CODE":"786"}}
{"ts":1712132871771,"action":"FILE_CLOSED","file":"/crow-attr-text/src/main/kotlin/com/crow/attr/text/AttrTextView.kt","tags":{"FILE_LINE_OF_CODE":"786"}}
{"ts":1712132871771,"action":"FILE_OPENED","file":"/crow-attr-text/src/main/kotlin/com/crow/attr/text/AttrTextLayout.kt","tags":{"FILE_LINE_OF_CODE":"1870"}}
{"ts":1712132895319,"action":"FILE_CLOSED","file":"/crow-attr-text/src/main/kotlin/com/crow/attr/text/AttrTextLayout.kt","tags":{"FILE_LINE_OF_CODE":"1870"}}
{"ts":1712132898714,"action":"FILE_OPENED","file":"/crow-attr-text/src/main/kotlin/com/crow/attr/text/AttrTextLayout.kt","tags":{"FILE_LINE_OF_CODE":"1870"}}
{"ts":1712132922938,"action":"FILE_CLOSED","file":"/crow-attr-text/src/main/kotlin/com/crow/attr/text/AttrTextLayout.kt","tags":{"FILE_LINE_OF_CODE":"1870"}}
{"ts":1712132922938,"action":"FILE_OPENED","file":"/app/src/main/res/layout/activity_main.xml","tags":{"FILE_LINE_OF_CODE":"215"}}
{"ts":1712132962131,"action":"FILE_CLOSED","file":"/app/src/main/res/layout/activity_main.xml","tags":{"FILE_LINE_OF_CODE":"213"}}
{"ts":1712132962131,"action":"FILE_OPENED","file":"/app/src/main/kotlin/com/crow/attrtextlayout/MainActivity.kt","tags":{"FILE_LINE_OF_CODE":"133"}}
{"ts":1712133017340,"action":"FILE_CLOSED","file":"/app/src/main/kotlin/com/crow/attrtextlayout/MainActivity.kt","tags":{"FILE_LINE_OF_CODE":"133"}}
{"ts":1712133017340,"action":"FILE_OPENED","file":"/app/src/main/res/layout/activity_main.xml","tags":{"FILE_LINE_OF_CODE":"213"}}
{"ts":1712133044142,"action":"FILE_CLOSED","file":"/app/src/main/res/layout/activity_main.xml","tags":{"FILE_LINE_OF_CODE":"213"}}
{"ts":1712133044142,"action":"FILE_OPENED","file":"/crow-attr-text/src/main/kotlin/com/crow/attr/text/AttrTextView.kt","tags":{"FILE_LINE_OF_CODE":"786"}}
{"ts":1712133046587,"action":"FILE_CLOSED","file":"/crow-attr-text/src/main/kotlin/com/crow/attr/text/AttrTextView.kt","tags":{"FILE_LINE_OF_CODE":"786"}}
{"ts":1712133046587,"action":"FILE_OPENED","file":"/crow-attr-text/src/main/kotlin/com/crow/attr/text/AttrTextLayout.kt","tags":{"FILE_LINE_OF_CODE":"1870"}}
{"ts":1712133115488,"action":"FILE_CLOSED","file":"/crow-attr-text/src/main/kotlin/com/crow/attr/text/AttrTextLayout.kt","tags":{"FILE_LINE_OF_CODE":"1870"}}
{"ts":1712133115488,"action":"FILE_OPENED","file":"/app/src/main/res/layout/activity_main.xml","tags":{"FILE_LINE_OF_CODE":"213"}}
{"ts":1712133122206,"action":"FILE_CLOSED","file":"/app/src/main/res/layout/activity_main.xml","tags":{"FILE_LINE_OF_CODE":"213"}}
{"ts":1712133122206,"action":"FILE_OPENED","file":"/app/src/main/kotlin/com/crow/attrtextlayout/MainActivity.kt","tags":{"FILE_LINE_OF_CODE":"133"}}
{"ts":1712133123629,"action":"FILE_CLOSED","file":"/app/src/main/kotlin/com/crow/attrtextlayout/MainActivity.kt","tags":{"FILE_LINE_OF_CODE":"133"}}
{"ts":1712133123630,"action":"FILE_OPENED","file":"/app/src/main/res/layout/activity_main.xml","tags":{"FILE_LINE_OF_CODE":"213"}}
{"ts":1712133143296,"action":"FILE_CLOSED","file":"/app/src/main/res/layout/activity_main.xml","tags":{"FILE_LINE_OF_CODE":"213"}}
{"ts":1712133143296,"action":"FILE_OPENED","file":"/crow-attr-text/src/main/kotlin/com/crow/attr/text/AttrTextLayout.kt","tags":{"FILE_LINE_OF_CODE":"1870"}}
{"ts":1712133469454,"action":"FILE_CLOSED","file":"/crow-attr-text/src/main/kotlin/com/crow/attr/text/AttrTextLayout.kt","tags":{"FILE_LINE_OF_CODE":"1869"}}
{"ts":1712133471719,"action":"FILE_OPENED","file":"/crow-attr-text/src/main/kotlin/com/crow/attr/text/AttrTextLayout.kt","tags":{"FILE_LINE_OF_CODE":"1869"}}
{"ts":1712133475355,"action":"FILE_CLOSED","file":"/crow-attr-text/src/main/kotlin/com/crow/attr/text/AttrTextLayout.kt","tags":{"FILE_LINE_OF_CODE":"1869"}}
{"ts":1712133477623,"action":"FILE_OPENED","file":"/crow-attr-text/src/main/kotlin/com/crow/attr/text/AttrTextLayout.kt","tags":{"FILE_LINE_OF_CODE":"1869"}}
{"ts":1712133865576,"action":"FILE_CLOSED","file":"/crow-attr-text/src/main/kotlin/com/crow/attr/text/AttrTextLayout.kt","tags":{"FILE_LINE_OF_CODE":"1870"}}
{"ts":1712133865576,"action":"FILE_OPENED","file":"/app/src/main/kotlin/com/crow/attrtextlayout/MainActivity.kt","tags":{"FILE_LINE_OF_CODE":"133"}}
{"ts":1712133889751,"action":"IDE_DEACTIVATED"}
{"ts":1712133928939,"action":"IDE_ACTIVATED"}
{"ts":1712133994678,"action":"FILE_CLOSED","file":"/app/src/main/kotlin/com/crow/attrtextlayout/MainActivity.kt","tags":{"FILE_LINE_OF_CODE":"133"}}
{"ts":1712133994678,"action":"FILE_OPENED","file":"/crow-attr-text/src/main/kotlin/com/crow/attr/text/AttrTextLayout.kt","tags":{"FILE_LINE_OF_CODE":"1870"}}
{"ts":1712134161219,"action":"IDE_DEACTIVATED"}
{"ts":1712134369718,"action":"IDE_ACTIVATED"}
{"ts":1712134372399,"action":"FILE_CLOSED","file":"/crow-attr-text/src/main/kotlin/com/crow/attr/text/AttrTextLayout.kt","tags":{"FILE_LINE_OF_CODE":"1870"}}
{"ts":1712134372399,"action":"FILE_OPENED","file":"/app/src/main/kotlin/com/crow/attrtextlayout/MainActivity.kt","tags":{"FILE_LINE_OF_CODE":"133"}}
{"ts":1712134724023,"action":"IDE_DEACTIVATED"}
{"ts":1712134753123,"action":"IDE_ACTIVATED"}
{"ts":1712134754956,"action":"IDE_DEACTIVATED"}
{"ts":1712134763540,"action":"IDE_ACTIVATED"}
{"ts":1712134765749,"action":"PROJECT_CLOSED","tags":{"PROJECT_NAME":"AttrTextLayout"}}
{"ts":1714979862750,"action":"FILE_OPENED","file":"/app/src/main/kotlin/com/crow/attrtextlayout/MainActivity.kt","tags":{"FILE_LINE_OF_CODE":"133"}}
{"ts":1714979862785,"action":"PROJECT_OPENED","tags":{"PROJECT_NAME":"AttrTextLayout"}}
{"ts":1714979888192,"action":"IDE_DEACTIVATED"}
{"ts":1714979888310,"action":"IDE_ACTIVATED"}
{"ts":1714979894223,"action":"IDE_DEACTIVATED"}
{"ts":1714979894342,"action":"IDE_ACTIVATED"}
{"ts":1714979902911,"action":"IDE_DEACTIVATED"}
{"ts":1714979903020,"action":"IDE_ACTIVATED"}
{"ts":1714979978409,"action":"IDE_DEACTIVATED"}
{"ts":1714980679469,"action":"IDE_ACTIVATED"}
{"ts":1714980680087,"action":"IDE_DEACTIVATED"}
{"ts":1714980680191,"action":"IDE_ACTIVATED"}
{"ts":1714980681805,"action":"IDE_DEACTIVATED"}
{"ts":1714980741730,"action":"IDE_ACTIVATED"}
{"ts":1714980757752,"action":"PROJECT_CLOSED","tags":{"PROJECT_NAME":"AttrTextLayout"}}
